{"type":"FeatureCollection","features":[{"type":"Feature","geometry":{"type":"LineString","coordinates":[[-106.77145229586554,37.520978566544244],[-106.77141791184542,37.5208538925289],[-106.77150145584194,37.52063532949287],[-106.77157299783896,37.52044816246204],[-106.77164205183608,37.52026750343219]]},"properties":{"id":"401","name":"LA GUNITA PARKING","field_id":"401","forestname":"Rio Grande National Forest","districtname":"Divide Ranger District","seasonal":"seasonal","passengervehicle":"open","highclearancevehicle":"open","mvum_symbol_name":"Roads open to all Vehicles, Seasonal","title":"FSR 401 - LA GUNITA PARKING","label":"FSR 401 - LA GUNITA PARKING","description":"FSR 401 - LA GUNITA PARKING","caltopo_name":"FSR 401 - LA GUNITA PARKING"}},{"type":"Feature","geometry":{"type":"LineString","coordinates":[[-106.80021491924764,37.49134690554696],[-106.80017097324425,37.491410151558675],[-106.80012126024474,37.49152408757785],[-106.80010197425156,37.49163515659471]]},"properties":{"id":"402","name":"LOBO OVERLOOK","field_id":"402","forestname":"Rio Grande National Forest","districtname":"Divide Ranger District","seasonal":"seasonal","passengervehicle":"open","highclearancevehicle":"open","mvum_symbol_name":"Roads open to all Vehicles, Seasonal","title":"FSR 402 - LOBO OVERLOOK","label":"FSR 402 - LOBO OVERLOOK","description":"FSR 402 - LOBO OVERLOOK","caltopo_name":"FSR 402 - LOBO OVERLOOK"}},{"type":"Feature","geometry":{"type":"LineString","coordinates":[[-106.71779662033248,37.809991341488185],[-106.71780549933408,37.809987655487056],[-106.7178389393387,37.809960131481105],[-106.71788332834382,37.809914422471834],[-106.71789301333857,37.8098421844611],[-106.71789217833464,37.80980614745615],[-106.71787977932733,37.80976126745067],[-106.71783331331247,37.809716884447475],[-106.71761463725137,37.809593903444416],[-106.71727002015797,37.80942769744345],[-106.71631836390789,37.80904502545146],[-106.71615751186414,37.8089662604509],[-106.71575466475149,37.808737813444964],[-106.7154779786721,37.808561600438246],[-106.71530493862201,37.80844696243339],[-106.71499231352641,37.80819016241773],[-106.71466750142439,37.80789748939784],[-106.71449755434476,37.80748815235162],[-106.7141450042191,37.80702483030963],[-106.71363372804338,37.80641589125761],[-106.71316774387743,37.805804849202346],[-106.71273942873778,37.80536871616908],[-106.71229841259944,37.804972349142176]]},"properties":{"id":"610","name":"ALDER","field_id":"610","forestname":"Rio Grande National Forest","districtname":"Divide Ranger District","seasonal":"seasonal","passengervehicle":"open","highclearancevehicle":null,"mvum_symbol_name":"Special Designation, Seasonal","title":"FSR 610 - ALDER","label":"FSR 610 - ALDER","description":"FSR 610 - ALDER","caltopo_name":"FSR 610 - ALDER"}},{"type":"Feature","geometry":{"type":"LineString","coordinates":[[-107.01068818721144,37.772737543366475],[-107.01033096012257,37.77263895437591],[-107.00989602201777,37.772551000391786],[-107.00962922394964,37.77246017739643],[-107.00926376585022,37.77227566139446],[-107.00892387776224,37.772147932398724],[-107.00875006370272,37.771941069381214],[-107.00875199367543,37.77167113134364],[-107.00870148364498,37.77148274432069],[-107.00868257861212,37.771203699283156],[-107.00868417557547,37.770843197233006],[-107.00871885154238,37.77044608417559],[-107.0088848105194,37.76986649508437],[-107.00888456651846,37.76985748808313],[-107.00892483650784,37.769667552054166],[-107.00897109047816,37.76927925299724],[-107.00898794545967,37.76906268096607],[-107.0090822704507,37.76877269291968],[-107.00927262443956,37.768255769835605],[-107.00949759442167,37.7675982637297],[-107.00965178440251,37.767080604647866],[-107.00992709341371,37.76659902856315],[-107.0102034334291,37.76615558548369],[-107.01028917840867,37.765772618424954],[-107.01052489842749,37.7654497293649],[-107.01056394241199,37.76521475532971],[-107.01056992239292,37.76501639130173],[-107.01054113036356,37.764791586272416],[-107.01050343134143,37.76465705225613],[-107.01048988933012,37.76457617624579],[-107.01050941132237,37.764458689228206],[-107.01060445731633,37.764195723185566],[-107.0107064682952,37.76377042411988],[-107.01085726829761,37.76347045006846],[-107.01103398329941,37.76310846100675],[-107.01121194930028,37.7627344339433],[-107.0112551383014,37.76265258992917],[-107.01130967430498,37.762570551914216],[-107.0113649413115,37.762515536903024],[-107.01147596432651,37.76242352288304],[-107.01175498536995,37.762247532840576]]},"properties":{"id":"529","name":"RIO GRANDE CG","field_id":"529","forestname":"Rio Grande National Forest","districtname":"Divide Ranger District","seasonal":"seasonal","passengervehicle":"open","highclearancevehicle":"open","mvum_symbol_name":"Roads open to all Vehicles, Seasonal","title":"FSR 529 - RIO GRANDE CG","label":"FSR 529 - RIO GRANDE CG","description":"FSR 529 - RIO GRANDE CG","caltopo_name":"FSR 529 - RIO GRANDE CG"}},{"type":"Feature","geometry":{"type":"LineString","coordinates":[[-106.77330683835754,37.797656787180166],[-106.77260662318487,37.797484115201335],[-106.77193565801983,37.797322531222115],[-106.7714643199045,37.797215166237564],[-106.7709749597852,37.797108071254264],[-106.77054069368246,37.797043066273226],[-106.77008977158188,37.797035537301284],[-106.76949227443883,37.79693006132516],[-106.76911105634335,37.79682133333463],[-106.76871215924537,37.79672717734721],[-106.7683846721602,37.79660333435111],[-106.76796604805055,37.79643793635507],[-106.76765795097555,37.79637102736563],[-106.76726110188683,37.79636267539009],[-106.7667187047603,37.796299279416246],[-106.76597941759634,37.79629605946354],[-106.76543668146826,37.796218355487774],[-106.7649313533543,37.7961973155175],[-106.76440596222702,37.79609073253653],[-106.76404278013545,37.79598171854478],[-106.76378943607538,37.7959425915557],[-106.76355343701618,37.79587459156145],[-106.76328207095216,37.7958357345735],[-106.76297499988172,37.79581171758999],[-106.76265092481196,37.79583087461359],[-106.76225509772787,37.795865411644016],[-106.76193000365348,37.79584166166169],[-106.7615865465736,37.7958038786786],[-106.7612604344946,37.795737221690366],[-106.76095234541955,37.79567029470089],[-106.76069900535943,37.795631160711814],[-106.76050075131586,37.79563412472501],[-106.76020839924637,37.79558722773734],[-106.75995938219391,37.79561360175714],[-106.75966999712593,37.7955750057704],[-106.7595355890855,37.79547111076457],[-106.75930510902003,37.795330359759824],[-106.7591309679651,37.7951707417488],[-106.75902537192714,37.795028124735694],[-106.75890758088278,37.79484964071838],[-106.75879063384224,37.79470719270603],[-106.75854730876752,37.79450354669332],[-106.75802789861639,37.79415081467761],[-106.75758988449148,37.79387798366785],[-106.7573013684077,37.79368402165937],[-106.7570816223418,37.79351606865015],[-106.75687300527747,37.79333893763885],[-106.75668666721619,37.79314344962361],[-106.7565466061688,37.792983319610315],[-106.75640589411844,37.792796162593255],[-106.75627610906864,37.79259081857296],[-106.75606196197906,37.79217946152934],[-106.7559088339214,37.79194742850684],[-106.75579169487993,37.79179596749322],[-106.75560557781962,37.79160948647925],[-106.75510762766764,37.79120234845453],[-106.75472640255518,37.79092865144092],[-106.75448374148336,37.79075202343191],[-106.75412734538563,37.79056807642924],[-106.75380651030213,37.79044668343304],[-106.75355356523266,37.790315276430995],[-106.75335802117858,37.79021004142894],[-106.75312630310731,37.790015222416706],[-106.75297489205741,37.789855257404106],[-106.75284618601248,37.78969495339002],[-106.75267186995664,37.78952631637771],[-106.7523938848715,37.78929613636356],[-106.75219706881161,37.78913684535404],[-106.75210392278093,37.78903909734636],[-106.75199813674197,37.788887464332035],[-106.75179495165298,37.788457911285164],[-106.75163993058656,37.78814479025142],[-106.75155642455064,37.7879748012331],[-106.75143908850826,37.787814327218214],[-106.75127505745003,37.78760047419895],[-106.75105321637443,37.787342419177264],[-106.75075862427511,37.78700945414973],[-106.75036525615583,37.7866954411313],[-106.75003988005437,37.78640800211218],[-106.7497035029549,37.786163938099804],[-106.74919162981743,37.78592813109987],[-106.74892480773381,37.78568876408366],[-106.74865693764536,37.78540435206123],[-106.74856272860987,37.785261555047335],[-106.7484912335794,37.78511842203197],[-106.74844115654804,37.78492089700763],[-106.74843797153352,37.784785761988964],[-106.7484562275181,37.784596234961285],[-106.74858935848464,37.78398143086686],[-106.74861896547175,37.78379174483847],[-106.74861556845622,37.78364760081849],[-106.74858861943181,37.78346775679512],[-106.74853896840246,37.78328825077325],[-106.74845506236463,37.78310024075241],[-106.74832446831094,37.78285884972715],[-106.74817075925041,37.78259977770086],[-106.74803051320204,37.78243062768626],[-106.74794830717197,37.78231468967542],[-106.74791149515184,37.78219807766149],[-106.74790979714408,37.78212600465152],[-106.74791902613687,37.78203574663832],[-106.74795116913563,37.78195415962483],[-106.74798394913734,37.78189960061511],[-106.74807305914952,37.78182618059908],[-106.74824141417825,37.781742572576576],[-106.74866935525756,37.78159203452793],[-106.74896149630884,37.781461526490816],[-106.7490820173281,37.78138918547297],[-106.74908465732852,37.781387600472556],[-106.74922988335032,37.781286310449055],[-106.74933059536362,37.78119843843023]]},"properties":{"id":"601","name":"BLUE PARK","field_id":"601","forestname":"Rio Grande National Forest","districtname":"Divide Ranger District","seasonal":"seasonal","passengervehicle":"open","highclearancevehicle":"open","mvum_symbol_name":"Roads open to all Vehicles, Seasonal","title":"FSR 601 - BLUE PARK","label":"FSR 601 - BLUE PARK","description":"FSR 601 - BLUE PARK","caltopo_name":"FSR 601 - BLUE PARK"}},{"type":"Feature","geometry":{"type":"LineString","coordinates":[[-106.62623451894932,37.681762153419584],[-106.62596896991818,37.68203555447502],[-106.62573716688651,37.682230296517204],[-106.6247805997197,37.68267669964125],[-106.6234061724775,37.68329344981602],[-106.62281801037481,37.68356662289208],[-106.62214846926337,37.68393203398636],[-106.62152745319466,37.68461155112161],[-106.62163090423071,37.68474100513321],[-106.62172186926948,37.68492365615303],[-106.62162361927557,37.68519836819788],[-106.62143086425746,37.68544124424436],[-106.62129056925264,37.685699966289725],[-106.62124369726665,37.685940836326516]]},"properties":{"id":"614","name":"BEAR","field_id":"614","forestname":"Rio Grande National Forest","districtname":"Divide Ranger District","seasonal":"seasonal","passengervehicle":"open","highclearancevehicle":"open","mvum_symbol_name":"Roads open to all Vehicles, Seasonal","title":"FSR 614 - BEAR","label":"FSR 614 - BEAR","description":"FSR 614 - BEAR","caltopo_name":"FSR 614 - BEAR"}},{"type":"Feature","geometry":{"type":"LineString","coordinates":[[-106.735776750764,37.81436438093712],[-106.73565432375426,37.81453296096854],[-106.73534883071444,37.81480466402622],[-106.7346422516234,37.81544166016085],[-106.7344125135938,37.81564876920458],[-106.73400964855047,37.81609565629301],[-106.73372224151953,37.81641446435608],[-106.73340133448596,37.81677967442785],[-106.73337904348291,37.81679802643185],[-106.73292269842327,37.81720126851764],[-106.73252223437669,37.817611236600726],[-106.73246398536992,37.817670868612794],[-106.73226389534449,37.817855031651476],[-106.73203175130323,37.81795382468028],[-106.7316945492248,37.81791706469694],[-106.73140604916603,37.81796719672254],[-106.73104461209468,37.818051727757734],[-106.73080591305842,37.81821360679579],[-106.73064405403959,37.81837930382938],[-106.73043892700355,37.81847079885541],[-106.73038958201323,37.81867143188656],[-106.73026949500806,37.81888046692352],[-106.7301779780397,37.81938572599999],[-106.72982698901261,37.819878305091414],[-106.72958744000526,37.82032341016908],[-106.72930328999178,37.8208052272547],[-106.7291179979853,37.821141388313606],[-106.7289663549843,37.821459040367735],[-106.72880460398673,37.82183091343012],[-106.72871731998326,37.82198540145734],[-106.72833521695057,37.82249094055264],[-106.72795262689829,37.822807034621476],[-106.7275705968558,37.823217501703446],[-106.72755885187854,37.82346410973865],[-106.72737469587642,37.82384033680308],[-106.72724613787757,37.8241283588516],[-106.72712698188245,37.82443297890183],[-106.72647035379751,37.825021990026514],[-106.72589852373422,37.82563841114954],[-106.72542603366698,37.826003006231005],[-106.725013642613,37.826366718308414],[-106.72440785452508,37.8268167184104],[-106.72418914950374,37.82708051646136],[-106.72380758644013,37.82728436151453],[-106.7235274063952,37.8274506815558],[-106.72315256434567,37.82777695962563],[-106.72284311730452,37.82804378068287],[-106.72257735926694,37.82825034772891],[-106.72231240922974,37.82845978677529],[-106.72220175821835,37.82858757480027],[-106.72193418418169,37.82880777084828],[-106.7216556691445,37.829046158899594],[-106.72153365813065,37.82917411292534],[-106.72144635012718,37.82932859595256],[-106.72103585813042,37.830244814107],[-106.72093717812443,37.83039946313498],[-106.72064001209966,37.83079895220993],[-106.72062929913501,37.83116590326189],[-106.72047857713872,37.83152654632196],[-106.72030728812926,37.831803576371705],[-106.71986442305902,37.83207495843823],[-106.71954026600262,37.832225148480155],[-106.71930105096362,37.832360958514606],[-106.71896565190188,37.83248320255337],[-106.71858645883457,37.83264555760054],[-106.71820127275545,37.83270637863393],[-106.71781336467613,37.832770843668044],[-106.71740503859068,37.83281975170128],[-106.7170831375197,37.83282304972252],[-106.71677746444652,37.83276958573487],[-106.71611083028864,37.83267104976422],[-106.71525229308547,37.832545079802166],[-106.71472941796172,37.832468350825266],[-106.71432113486613,37.83241847484465],[-106.71395169777966,37.83237333986226],[-106.71359130869526,37.832329315879434],[-106.71303852656582,37.83226178390576],[-106.7126627894779,37.832215879923645],[-106.71211668734999,37.83214915694962],[-106.71165546024135,37.83208615397067],[-106.7111549731254,37.83203723799617],[-106.71051062196062,37.831823071007975],[-106.70998144281603,37.83155745500506],[-106.70960789671086,37.831339467998816],[-106.7091094415808,37.83114890500444],[-106.70875685949102,37.831035585011385],[-106.70859305444726,37.83096308001187],[-106.70850324943031,37.83099138402165],[-106.70839001342843,37.83121715006052],[-106.70827639142641,37.831442480099305],[-106.70825087443905,37.83162050712582],[-106.70806172141502,37.83179448216234],[-106.70783440339324,37.83207310121596],[-106.70727246331175,37.83249131231065],[-106.70668881422239,37.83288045640273],[-106.70636212917123,37.83308700045273],[-106.70591805810973,37.833446270531596],[-106.70539195402836,37.83378879261342],[-106.70485666495502,37.834229118709516],[-106.70410906685069,37.83482572284118],[-106.70303600468493,37.83552677700846],[-106.70220282356321,37.836138719147826],[-106.70152334746366,37.83663512526106],[-106.70072302735545,37.83730793740676],[-106.69988324422525,37.83785177353704],[-106.69916171911639,37.83834843065304],[-106.69871979604973,37.838652614724126],[-106.69823320096764,37.83890288079056],[-106.69788849591365,37.83912118884333],[-106.69735483082349,37.83939445791602],[-106.69692337274807,37.83959143597138],[-106.69643316466592,37.839848870039084],[-106.69592792258047,37.84010651810776],[-106.69555493451055,37.840231114149255],[-106.69526378644439,37.84021504616586],[-106.69503275438257,37.84011170516637],[-106.69476798531277,37.840003997168424],[-106.69421606417936,37.83989628318906],[-106.69372609906132,37.83980438720797],[-106.6931977879312,37.839678388224485],[-106.69285369784062,37.8395391422273],[-106.69185446357146,37.83907585122727],[-106.69157936249977,37.838971658230484],[-106.69126859041718,37.83883823523199],[-106.69102626334761,37.83868438622616],[-106.690878011308,37.83861862522654],[-106.69060584325796,37.838718301258105],[-106.69037357222427,37.838891767297326],[-106.68977758110252,37.83899253834995],[-106.68907935094555,37.83897149239214],[-106.68888159190223,37.83897656740562],[-106.68859596583967,37.83898389842515],[-106.68830743576267,37.838856889426076],[-106.68791521366168,37.83872057043243],[-106.68738553753636,37.8386435804559],[-106.6870382524525,37.83857702246904],[-106.68680359639012,37.83847601447011],[-106.68647867131337,37.83843004848474],[-106.68616253224128,37.83841073150248],[-106.6860182671964,37.838285362494304],[-106.6858146861291,37.838069723477325],[-106.68543516702776,37.83790273647853],[-106.68508192493356,37.837747789479735],[-106.6847419018411,37.83758198347858],[-106.68433245872353,37.837321161468594],[-106.68371939655232,37.83697792346032],[-106.68325899642404,37.836723162454504],[-106.68301163334546,37.83649202143825],[-106.68268699726518,37.83641132544795],[-106.68227067017571,37.83643860647865],[-106.68192278010676,37.836518251512295],[-106.68161545804782,37.83660797754471],[-106.6813890670078,37.836707208573195],[-106.68090521193172,37.83701023864681],[-106.68047719485928,37.837228657705005],[-106.68012510079632,37.83737551874826],[-106.67983734774563,37.837503256784714],[-106.67967920971776,37.83757345580475],[-106.67963682872069,37.837693283824265],[-106.67979197877693,37.8379056738439],[-106.67997583383334,37.83805804185329],[-106.68007141187893,37.83829512588021],[-106.68003200389597,37.83854605791779],[-106.68017393895117,37.83877642994083],[-106.68029669899619,37.838950081957144],[-106.6804545920446,37.83908046096512],[-106.680777475124,37.83915612395482],[-106.68125534324291,37.83928202294153],[-106.68180515538005,37.839430324926674],[-106.68239636554712,37.839780544937355],[-106.68319065677983,37.84033079496287],[-106.68362188090158,37.840584873970464],[-106.68387955297477,37.84074138897568],[-106.68408735902065,37.840739489961926],[-106.68442999811224,37.84089154096106],[-106.6846879311801,37.84099515195883],[-106.68500543825863,37.84107406494929],[-106.68535774934413,37.84114624393662],[-106.68584577946595,37.841278341923505],[-106.68632026659733,37.841533241928374],[-106.68661845168177,37.84171132293395],[-106.68670072370998,37.84180834094221],[-106.68693059177265,37.84192220594325],[-106.68733354988551,37.84215075694914],[-106.68783695804528,37.84261918198194],[-106.68821028613885,37.84272397997248],[-106.68848838021201,37.84283636697018],[-106.68877475227875,37.84286802695608],[-106.68902356133226,37.8428517239377],[-106.6894364994417,37.843025537935254],[-106.68975751454076,37.84329659495231],[-106.68994113758951,37.84337506895142],[-106.6900980806413,37.84354053396439],[-106.69029618469719,37.843656913967806],[-106.6904636847439,37.84374988796995],[-106.69076939982705,37.84389948897104],[-106.69110138093404,37.84422368499484],[-106.691332170021,37.84457173602851],[-106.69149554607642,37.84475864404402],[-106.69164292212561,37.84491921405697],[-106.69177631317183,37.8450809850709],[-106.69177791018346,37.84519068508611],[-106.69168770618505,37.84540047712127],[-106.69150474617115,37.845659727169306],[-106.69144337218825,37.84595801021492],[-106.69137371221741,37.846391586279935],[-106.69135860524841,37.84672525232753],[-106.69134163527059,37.846977837363895],[-106.69137115030776,37.847274814403455],[-106.69141016333859,37.847490545431015],[-106.69141728738605,37.847936625492856],[-106.6914457014164,37.84817045252367],[-106.69151317344723,37.848324501540816],[-106.69162349451254,37.8487213075891],[-106.69173289557018,37.84904599362736],[-106.69178601460177,37.84923828865075],[-106.69194266865362,37.84940507766389],[-106.69218116271249,37.84946285165654],[-106.69252987179536,37.84951727364159],[-106.69284378185782,37.84944807161158],[-106.69315993892168,37.84938715358264],[-106.69331991995797,37.84939563157345],[-106.69358209102388,37.84947087856698],[-106.69386179710307,37.8496383735723],[-106.69400539214519,37.84973837057698],[-106.69410599416827,37.84974557457145],[-106.69422569818478,37.849648367550124],[-106.6943056931835,37.84946337751915],[-106.69458079424325,37.84945151449968],[-106.69482065530443,37.849529199495024],[-106.69507644836195,37.84953743947963],[-106.69538961444381,37.84965836947621],[-106.695712709566,37.850149464523845],[-106.69586512663504,37.85049179156177],[-106.6960331966843,37.85060859356722],[-106.69623181172237,37.85055084954631],[-106.69640650875547,37.85049591352732],[-106.69663605379444,37.85038036349634],[-106.696760826821,37.85036955348677],[-106.69688642685145,37.85039477948215],[-106.69699712089208,37.850551148496784],[-106.6971002539285,37.85068306850854],[-106.69733272498588,37.850740044501435],[-106.69755772603467,37.850729446485424],[-106.69772522406792,37.85069191046932],[-106.69801540612326,37.85060448043839],[-106.6982615391733,37.850560357416285],[-106.69852619124183,37.8506561594125],[-106.69871100030093,37.85083264542518],[-106.69879364334844,37.851116038459395],[-106.69879653436817,37.85130193548516],[-106.69875350137744,37.85148454751344],[-106.69863384337906,37.85175745855931],[-106.6986538894224,37.85213567861074],[-106.69864585944978,37.852418886650845],[-106.69865859548679,37.85275078869631],[-106.69873072454233,37.853135106745285],[-106.6988399146099,37.853556380797045],[-106.6989007076575,37.85388797083941],[-106.69901521470487,37.8541010588617],[-106.69916680675581,37.85426995787549],[-106.69933401980039,37.854342452874754],[-106.69954241384944,37.8543704548652],[-106.69986772591898,37.85434525584063],[-106.7001271269745,37.854326062821144],[-106.70027601900729,37.854324353811265],[-106.700482425065,37.854440449814106],[-106.70067043111119,37.85448438080807],[-106.70088694716067,37.85449877279607],[-106.70105153419817,37.854508857786826],[-106.70126515224322,37.85448618776981],[-106.70150376229574,37.85448273975391],[-106.70179918536081,37.85447847773419],[-106.70193614539372,37.85450353472883],[-106.70218777545657,37.85457199372208],[-106.70234726449354,37.85458771171393],[-106.70243795651253,37.85457738770666],[-106.7027988315948,37.854599546686366],[-106.70298810064091,37.85463947267969],[-106.7030813586703,37.85472435168552],[-106.70308525669547,37.8549604487182],[-106.70297185072049,37.85544773579355],[-106.7029076027347,37.85572414783629],[-106.70283719074622,37.8559870498775],[-106.70257653271688,37.85626310393295],[-106.70221072066855,37.856581601001054],[-106.70192506362002,37.85672469003951],[-106.70150982954938,37.85693268109546],[-106.70122166049717,37.85704625312993],[-106.70107705047931,37.85718352515847],[-106.7008682754682,37.857525321219676],[-106.70064909244817,37.857802700272586],[-106.70039561741025,37.85797975931373],[-106.700168787381,37.85818425835694],[-106.70013569239251,37.85836706038458],[-106.70010847840196,37.85851735240732],[-106.70007664641726,37.85873434643968],[-106.70016238344951,37.858862838452055],[-106.70047848252544,37.85892013143958],[-106.70086632861062,37.85891209541336],[-106.70134599572671,37.85900733439554],[-106.70161942280633,37.859191564403545],[-106.70190312188008,37.8592974554],[-106.70230918898618,37.859453379395475],[-106.70258284305731,37.859554908391935],[-106.70287490213958,37.859725122396746],[-106.70306630520835,37.8599812174201],[-106.70319570824627,37.86007061142418],[-106.70366672135017,37.86006600339303],[-106.70387250440106,37.860117097386855],[-106.70413155346326,37.860163239376504],[-106.70429041351125,37.86028730738351],[-106.70430381553174,37.86045760440641],[-106.70442381457346,37.860604494419135],[-106.70469879163515,37.86061167940237],[-106.70497292468471,37.8605027983694],[-106.70525851873902,37.86041575933876],[-106.7054713307695,37.86025341430236],[-106.70561633977628,37.86000731925861],[-106.70596917383358,37.85980472320749],[-106.70677462495956,37.85929452408417],[-106.70713379001397,37.859049846026785],[-106.70734465504276,37.85887584598883],[-106.70762157107838,37.858625455935936],[-106.70789471410522,37.858298859872704],[-106.70798658711011,37.85814846584577],[-106.70811933511969,37.85795576281029],[-106.70842280617164,37.85780717376988],[-106.70865851421053,37.857677582736564],[-106.70899753126601,37.85748686768799],[-106.70907526426994,37.85735773966495],[-106.70919187827586,37.85716404363039],[-106.7093434232653,37.8567351645607],[-106.70947052226029,37.85641330750754],[-106.70935135318241,37.85591369344557],[-106.70940948315459,37.85551817238664],[-106.70939963110847,37.855091636327735],[-106.70939322707845,37.85481438128946],[-106.70939609003187,37.85435566722527],[-106.70933268397509,37.85394057017141],[-106.70935243594755,37.85363094212697],[-106.70936670892652,37.85339558209321],[-106.7097820419446,37.85267759196609],[-106.7100360849681,37.852358486905146],[-106.71015877798489,37.85225757088312],[-106.71027073300212,37.85218384786557],[-106.71037174201878,37.85212830785128],[-106.71071285109531,37.85213756383049],[-106.71107602918374,37.852215028817795],[-106.71142064125469,37.85216233178813],[-106.7117563093177,37.85205143375092],[-106.71193983433828,37.8518567247119],[-106.71222321639085,37.85175722367964],[-106.71258589944901,37.85154155662612],[-106.7130345925223,37.851287528561585],[-106.71412730472106,37.850866086432056],[-106.71472487583219,37.85065912636448],[-106.7149648798875,37.85068007535189],[-106.71516853792076,37.85056428832252],[-106.71581211403058,37.85024655323651],[-106.71653572714787,37.84982817013136],[-106.71683707820257,37.84971089909546],[-106.7170940822665,37.84977871008829],[-106.71737325732333,37.84972973306339],[-106.7177370863974,37.84966590403094],[-106.71810019747434,37.849632010002686],[-106.71843599254755,37.849620411979316],[-106.71881432662705,37.849578380949],[-106.71914728869776,37.84954808692323],[-106.7195860078034,37.849630412906286],[-106.71984131887552,37.84978150291082],[-106.72006463493094,37.84983904490442],[-106.72032370399232,37.84987789589308],[-106.72047223503955,37.8500165579028],[-106.7206710251083,37.850256979923465],[-106.7206595561426,37.85061434197412],[-106.7207135211731,37.850794282995736],[-106.72087330022501,37.850954706007734],[-106.72117447529499,37.85098685599276],[-106.72148162735907,37.85094808296742],[-106.72181440443073,37.85092766094305],[-106.72216257350077,37.85085857391089],[-106.72229414250941,37.850659787874584],[-106.72273760261302,37.85071149085316],[-106.72290105963407,37.85056419682197],[-106.72302232765604,37.850516758807544],[-106.72315435967998,37.850465111791756],[-106.72332847172859,37.850562929794165],[-106.72351080877955,37.85066536879665],[-106.72371691684165,37.85082515480556],[-106.72421394994772,37.850785306767875],[-106.72462106004284,37.85083338874819],[-106.72504370215856,37.851047974750806],[-106.72516746720063,37.85119007576261],[-106.72525526224884,37.85146927279586],[-106.72531021828013,37.8516551718182],[-106.72554936533489,37.85167225980511],[-106.72595748042039,37.851624270772],[-106.72637687351647,37.851655368749206],[-106.72666934457861,37.85162940472662],[-106.72676642862247,37.85184646275064],[-106.7268601876648,37.85205608677379],[-106.72716469874902,37.852218530776746],[-106.72772613889448,37.852423015768906],[-106.72836218406417,37.85270291376681],[-106.72874359917458,37.852954437777164],[-106.72911276928895,37.85327090179743],[-106.72924011633621,37.85345538381493],[-106.7292769033567,37.85357531682923],[-106.72932777440417,37.85392687987501],[-106.7293091874778,37.854681690981465],[-106.72943809854681,37.855074509027936],[-106.72965690063225,37.85543346406381],[-106.7297985026866,37.85565668508576],[-106.72987109872206,37.85584487310735],[-106.73008692179458,37.85608446912675],[-106.73021280785211,37.856372430158785],[-106.73019218188719,37.85675713521378],[-106.73010004589345,37.85701580125579],[-106.73009716992252,37.85730461929626],[-106.72976447892766,37.85806989542457],[-106.72969262794848,37.85842623447888],[-106.72970558397368,37.858643101508285],[-106.72979465502037,37.85890466553901],[-106.72981366405763,37.85922523458248],[-106.729838338108,37.859661228641684],[-106.73001196018143,37.86000025367772],[-106.73045105528354,37.86004734965587],[-106.73077110238157,37.86031063667183],[-106.73083389942464,37.86059369170726],[-106.73095778546785,37.8607468597206],[-106.73121612753698,37.860862282719964],[-106.73151276759285,37.86076673668741],[-106.73181932366295,37.86078795667053],[-106.73213423374393,37.860896465665235],[-106.73246828681724,37.86089001264272],[-106.73293263692695,37.860956248621825],[-106.73347688306019,37.86107937960375],[-106.73373216011514,37.86106369758506],[-106.73410438919252,37.861014530554044],[-106.73447625025995,37.860869364509746],[-106.73483640531742,37.86065264245619],[-106.73518720738026,37.860508749413434],[-106.73578251450897,37.86047784837055],[-106.73607886057242,37.860456843348416],[-106.7362263885926,37.86033544432191],[-106.73640146360778,37.86010633927869],[-106.73659835962158,37.85981709822558],[-106.73693283968166,37.85968122018496],[-106.7373044497627,37.85966884815917],[-106.73799593589709,37.85948669608895],[-106.7387743450452,37.85925049700561],[-106.73916470013077,37.85924205297915],[-106.73942787819333,37.85928318896784],[-106.73970933627282,37.85944946297277],[-106.74011470036741,37.85949589795298],[-106.74035880642919,37.859571006947654],[-106.74067560650379,37.859614011933154],[-106.74091119154772,37.859534083906745],[-106.74112539959272,37.85950988188949],[-106.74148730267807,37.85956024087306],[-106.74185899877408,37.85969295986751],[-106.74232422891068,37.86001882288281],[-106.74268921600941,37.860192253883355],[-106.74305223909907,37.860282257872335],[-106.74347342819294,37.86028794184586],[-106.74430245838509,37.86037103780371],[-106.74484615351577,37.860470280782366],[-106.74513345758633,37.860537554773124],[-106.74573999772859,37.860614043744455],[-106.74615637882864,37.860690390728145],[-106.74697692002991,37.86087995170143],[-106.74747046115984,37.86107984969731],[-106.74774907223114,37.8611728456922],[-106.74801657429546,37.86122235068177],[-106.74830444434325,37.86106775464161],[-106.7484418373381,37.86072231758453],[-106.7487957903803,37.86037096951265],[-106.74977643855254,37.859935127388376],[-106.75060734273319,37.85990254132996],[-106.75081487178878,37.8599963343296],[-106.75096408282812,37.860057199328445],[-106.7511720278887,37.86019829933459],[-106.75139153895277,37.860348238341324],[-106.75167000903912,37.86058741135663],[-106.75190324311642,37.86083627837618],[-106.75219064023429,37.861362652430934],[-106.75240954330485,37.86157674344656],[-106.752562430364,37.86182208547088],[-106.75341110563102,37.8625892035228],[-106.75360726068718,37.86271245052724],[-106.75377920573149,37.862772973524535],[-106.75412224381618,37.86285798251419],[-106.75471453697861,37.86316108051801],[-106.75504808906429,37.863275329512355],[-106.75559323420136,37.86343411149914],[-106.75585303627689,37.86360907050668],[-106.75606830734512,37.863808536520544],[-106.75634540943437,37.86407861254022],[-106.75654168848118,37.864111450532064],[-106.7567436495255,37.86410760451845],[-106.75716431561898,37.864110337491546],[-106.75801636880537,37.86408861143332],[-106.75829857485893,37.86400176540293],[-106.75850818790128,37.86396286638393],[-106.7587183389486,37.86396998137131],[-106.75891407999055,37.86395680235679],[-106.75919885704953,37.863916779332754],[-106.75943995210498,37.86393702131996],[-106.75970610816208,37.86391917030024],[-106.75988749620011,37.86389843428559],[-106.76020395926224,37.86382160625433],[-106.76055537033578,37.86378030222583],[-106.76084053040317,37.863821097213055],[-106.76116062648188,37.86389741620289],[-106.761425204554,37.86402863820408],[-106.76162160261113,37.864160880209724],[-106.7617618266587,37.864320998223015],[-106.76185830170404,37.864553867249136],[-106.76191577176871,37.86505768231562],[-106.76199895380283,37.86520964133146],[-106.76211516583949,37.86531604633875],[-106.76221851186688,37.86535955933809],[-106.76233257889383,37.865375876333],[-106.76242284491086,37.86534748832315],[-106.76253476492803,37.865273716305616],[-106.76266833894533,37.86515455928037],[-106.76298124798565,37.86487357822095],[-106.76304853196662,37.864544487170704],[-106.763217689976,37.864272318121856],[-106.76339618898594,37.86398511907024],[-106.76347871597085,37.86366198301987],[-106.76357712796299,37.86337437597346],[-106.76372347897798,37.8632052719404],[-106.76388457799496,37.863024024904696],[-106.76404738101965,37.86291428487884],[-106.76424025005099,37.862804094851],[-106.76449637510979,37.862824099837184],[-106.76470711815738,37.862832862824746],[-106.76493118820049,37.862769891801484],[-106.76506335421598,37.862636765774376],[-106.76520998523225,37.86247957874294],[-106.76538753425899,37.862357693714486],[-106.7656269193067,37.86230641469184],[-106.76593919036064,37.86215866365097],[-106.76623785141769,37.86207072661937],[-106.76685703356607,37.862180656594575],[-106.76732389867242,37.8622094145683],[-106.76771446175704,37.86219162854052],[-106.76788181380243,37.862272570540966],[-106.76815467887228,37.86236384853601],[-106.76850386595974,37.86246256652713],[-106.76874637102978,37.86262113953348],[-106.7689998091004,37.86276152353662],[-106.76924058116258,37.862848025533054],[-106.76960593025032,37.862914629518706],[-106.76994747632821,37.86293653049959],[-106.77009498335973,37.862925300488484],[-106.77023048038576,37.862887214474384],[-106.77036554640986,37.86283111045778],[-106.77048795542565,37.86272112543455],[-106.7705638334265,37.86256677940813],[-106.77062879042684,37.86243062138499],[-106.7706781624184,37.862242461355564],[-106.77070081139138,37.861932143310874],[-106.7706675073573,37.861673036276905],[-106.77074338435821,37.861518690250506],[-106.77089923237855,37.861381165221225],[-106.7710670904043,37.86127049519495],[-106.77128126344391,37.86119517617056],[-106.77154175049745,37.861155208148105],[-106.77197733860194,37.86123336813074],[-106.77233925668642,37.86127560811321],[-106.77268585876628,37.861306155095],[-106.7729899338479,37.8614446420946],[-106.77317546291077,37.861656447112075],[-106.77332950096061,37.86180911612335],[-106.77356040502207,37.86190885812231],[-106.77375509007136,37.86196900911803],[-106.77393776411519,37.86200230411087],[-106.77421112717809,37.86202522009633],[-106.77459855426791,37.862064440076686],[-106.77499777736216,37.86212150505874],[-106.7753063114374,37.86218894804816],[-106.77561526751458,37.86227440904002],[-106.77582196656934,37.86236141103873],[-106.77625982369156,37.86260714104459],[-106.7765495167794,37.862837082057844],[-106.77678067684694,37.862995810064994],[-106.7769869458997,37.86306479206125],[-106.77770667908916,37.86335673005524],[-106.77794962714651,37.86339144904432],[-106.7782242012219,37.8635331810463],[-106.77849785329312,37.86363653604292],[-106.77865219732467,37.86361117102938],[-106.77869894232784,37.86354136401664],[-106.77875536733309,37.86347141100325],[-106.7789402293777,37.86350700499622],[-106.77921406744974,37.86361803499392],[-106.77941027250397,37.86372255799574],[-106.77964520356664,37.86382649699505],[-106.77987045362728,37.863930579994935],[-106.78009441068205,37.86398093798739],[-106.78028360772745,37.864015313979934],[-106.78042670776853,37.86410643598339],[-106.7805536708012,37.864150582981274],[-106.78072903984447,37.864193996975956],[-106.78094294789543,37.864229148967],[-106.78112670393502,37.86421869095361],[-106.78124086095474,37.86416513993874],[-106.78132612796225,37.86405443891783],[-106.78150268799556,37.863998604898576],[-106.78172342205113,37.864063781893364],[-106.782046596138,37.86421244489313],[-106.78230070920412,37.86430841089002],[-106.78246695224779,37.8643749928885],[-106.78281898634022,37.86451554088523],[-106.78325963445843,37.864716166884655],[-106.7835537705389,37.86486526688635],[-106.78376990259984,37.86499251489006],[-106.78383206063091,37.86516048490942],[-106.78397000467154,37.86525820591408],[-106.7841366597273,37.86544128692875],[-106.78431790478112,37.86557399293548],[-106.78448416783046,37.86569572694165],[-106.7846343858849,37.86590074996051],[-106.78482240494358,37.86606681197144],[-106.78505544801041,37.86621412397681],[-106.78522656306335,37.8663601179861],[-106.78545838712681,37.86647832298749],[-106.78558120716738,37.86660810699763],[-106.78577108223448,37.866850916019104],[-106.7859013882821,37.86703320703603],[-106.78604045032773,37.86717697604702],[-106.7862746593871,37.86725020004202],[-106.78660201346669,37.86731912803043],[-106.78691734554415,37.867394002020404],[-106.78712269659805,37.867475340018395],[-106.78741165866562,37.867510356004566],[-106.78768635172405,37.86748764498361],[-106.78786034676803,37.8675409159797],[-106.78805880083226,37.86773752399423],[-106.78832131489469,37.86777960398307],[-106.78851661694475,37.867845735979635],[-106.78861640197931,37.867967064990026],[-106.78870492402376,37.86820811401786],[-106.78886612907539,37.868362199028894],[-106.78892878110028,37.868469054039664],[-106.78903172414903,37.868720858068066],[-106.789202067211,37.86895628008979],[-106.78936289527142,37.86919697711286],[-106.78944816832372,37.86952069715243],[-106.78953568737695,37.869849048192485],[-106.7896087354198,37.87010782522378],[-106.78953619442196,37.87028428925304],[-106.78947063542454,37.87044937228025],[-106.78933079241673,37.870674155320614],[-106.78919039040647,37.87087591235783],[-106.78884423734611,37.871032883402094],[-106.7885538352938,37.87114899343711],[-106.78830614523994,37.87115807445448],[-106.78792947516109,37.871202185485004],[-106.78768073511696,37.871307698515814],[-106.78744097607024,37.8713690005399],[-106.7872495830365,37.871452787563975],[-106.78716177702171,37.871497923575994],[-106.78708819101708,37.87161069459645],[-106.78716789704923,37.87175119861084],[-106.78735334009633,37.87180980560694],[-106.78770258617791,37.87185144859013],[-106.78792090823607,37.87194726458931],[-106.7879569622524,37.87202782459819],[-106.78795892226123,37.872108902609355]]},"properties":{"id":"600","name":"POOL TABLE","field_id":"600","forestname":"Rio Grande National Forest","districtname":"Divide Ranger District","seasonal":"seasonal","passengervehicle":"open","highclearancevehicle":"open","mvum_symbol_name":"Roads open to all Vehicles, Seasonal","title":"FSR 600 - POOL TABLE","label":"FSR 600 - POOL TABLE","description":"FSR 600 - POOL TABLE","caltopo_name":"FSR 600 - POOL TABLE"}},{"type":"Feature","geometry":{"type":"LineString","coordinates":[[-106.68581796976291,37.78576522216601],[-106.6855654997132,37.78582655919091],[-106.68509788863591,37.786083744257006],[-106.68464320155503,37.78627811731351],[-106.68443065251988,37.78639501834358],[-106.68425689950656,37.78664117538921],[-106.68422452651522,37.786795351412906],[-106.68419255252564,37.78696659943894],[-106.68418440455181,37.787239985477704],[-106.6843153606215,37.78763663452472],[-106.68432078764714,37.787875661557806],[-106.6842200076556,37.788175993606316],[-106.68395582166742,37.78886294371945],[-106.68380120468835,37.78940213980481],[-106.68365818971512,37.78997280289387],[-106.68342707275403,37.79085284403189],[-106.6832071757813,37.79159495514983],[-106.68302761580533,37.79221806824859],[-106.68292984882815,37.79265214231562],[-106.68283305985553,37.79312890338854],[-106.68270123387899,37.79364316846897],[-106.6825608328942,37.79409493054121],[-106.68224059886741,37.794526485622214],[-106.68163676082543,37.795423237786615],[-106.6813050798093,37.7959830458863],[-106.68092548278793,37.796595753996485],[-106.68074146282193,37.797325559110426],[-106.68045840784187,37.79813232724154],[-106.68038453884834,37.798355406277466],[-106.68030950884933,37.798527277306356],[-106.68019759183755,37.79865411633133],[-106.67997232580717,37.798845208372576],[-106.67973924877222,37.7990079404104],[-106.67961426676331,37.799191896444185],[-106.67950660077175,37.799506553495135],[-106.6792877377746,37.80000768957931],[-106.67917039078294,37.800342815633776],[-106.6790844527862,37.80056033466974],[-106.67883267477325,37.800978477744444],[-106.67855758575237,37.801369924816925],[-106.67820301171399,37.80176250389475],[-106.67800270868837,37.80194559293325],[-106.6777906426583,37.80211083497008],[-106.67757796362534,37.802249048003084],[-106.67736467358944,37.802360232032456],[-106.67712846854761,37.802462722062],[-106.67657637144539,37.80265983912522],[-106.67640768141561,37.802734338146536],[-106.67626251539474,37.80284455117128],[-106.67616297138483,37.8029631181943],[-106.67600889337308,37.8031816042348],[-106.67559246934978,37.803854435355795],[-106.67528654533689,37.804390500450516],[-106.67510347434187,37.80483470352443],[-106.67497291333899,37.805088902568386],[-106.67487356733004,37.80521647759265],[-106.67474015631355,37.8053445466192],[-106.67448346727737,37.80554646566396],[-106.67437215426305,37.80564718268524],[-106.67431639625535,37.80569303669526],[-106.67427219625117,37.805747738705776],[-106.67426185825353,37.80579294671278],[-106.67427402725991,37.805828822716975],[-106.67432209328248,37.80594529773018],[-106.67436933330123,37.80602573673837],[-106.6744155683151,37.806061127740314],[-106.67447275032954,37.80607833973908],[-106.6745867093565,37.80609474373397],[-106.67486025042133,37.8061359147221],[-106.67517940549719,37.80618544970843],[-106.67548782757346,37.80626217169927],[-106.67604795270537,37.8063375496736],[-106.67665473787628,37.80669219868405],[-106.67697921398212,37.80702292070934],[-106.67823118134669,37.807871383747106],[-106.67865750545776,37.80803297774219],[-106.67887512154127,37.80837688677621],[-106.67890918754878,37.80837640077396],[-106.67896555755938,37.80835757276767],[-106.67902111056605,37.80830270775645],[-106.67908659056845,37.80818461473568],[-106.67912935956586,37.80806684671645],[-106.67913908256061,37.80799460970574],[-106.679316386557,37.80757646363581],[-106.67944963455194,37.80723922258005],[-106.67972372257795,37.80689997351495],[-106.68003555162369,37.80667196446292],[-106.68041653067893,37.806387079398505],[-106.68077250573008,37.8061165253377],[-106.6813404718328,37.805890418269406],[-106.6815878308762,37.80577874023783],[-106.68171069289403,37.80568686321706],[-106.68184409291044,37.805558787190535],[-106.68197708292493,37.80541269216153],[-106.68204214692541,37.805276589138266],[-106.68210741592685,37.805149485116274],[-106.68223653192292,37.804832213063605],[-106.6823090659075,37.80452476101593],[-106.68237044889052,37.804226480970286],[-106.68241076887628,37.8040005999361],[-106.68245209986686,37.803819773908124],[-106.6825268808621,37.80361142387418],[-106.68267808886027,37.80326679881621],[-106.68295029986758,37.80274921272626],[-106.68301495086611,37.80259508970058],[-106.68305689285963,37.80244128267637],[-106.68311122286046,37.802332359657605],[-106.68318865986829,37.80224113063983],[-106.68328921388306,37.8021675956231],[-106.68333401889012,37.80213991861634],[-106.68337882289724,37.802112241609535],[-106.68357000793102,37.802028398585506],[-106.68405598902788,37.80192232553933],[-106.68471106815643,37.80175974847427],[-106.68524205326128,37.80163500242257],[-106.68573939436067,37.80152875037558],[-106.68593220340219,37.801516978361505],[-106.68618220445815,37.80152241134613],[-106.68631907249109,37.80154749834081],[-106.68649041253343,37.801590105335706],[-106.68679942961258,37.80169382733027],[-106.68698396066185,37.80177602532982],[-106.6872698687383,37.80190338232917],[-106.68782327889805,37.802264953344036],[-106.68795062793716,37.802371275350644],[-106.6892848933594,37.80360485243697],[-106.68972477849414,37.803968043459356],[-106.69001356357991,37.804180193470344],[-106.69015208062054,37.80427733947502],[-106.69079696580323,37.804664620487486],[-106.69163941304969,37.80524732951457],[-106.69243666028719,37.80583970254593],[-106.69293520044315,37.80628314857569],[-106.69302789247187,37.806362925580835],[-106.69329419255364,37.80658440259463],[-106.69364288565865,37.80685508360995],[-106.69409208379399,37.807203782629664],[-106.69426508884408,37.80731845263455],[-106.69500251205451,37.807776485650905],[-106.69590283531836,37.808403390680425],[-106.69613751138877,37.80858294969032],[-106.69618030140164,37.808615687692146],[-106.69706164567793,37.809405076745584],[-106.69729472775609,37.80966307176655],[-106.69741282180239,37.809859637786396],[-106.69749642583929,37.810038676805995],[-106.69752367586564,37.81023655283191],[-106.69750817389459,37.810552202877034],[-106.69744457890093,37.810751387908965],[-106.69731717991269,37.81114074897163],[-106.69714743992891,37.81166589405598],[-106.69709519793778,37.81186491508717],[-106.69709767394944,37.81197302610209],[-106.69711026695776,37.81202691710879],[-106.69716847997705,37.812089164113765],[-106.69722629099438,37.812133392116195],[-106.69732890701881,37.812149937111904],[-106.69746538504977,37.81215698210405],[-106.69754508306829,37.81216484609999],[-106.69769209109788,37.81213569008644],[-106.69788452313746,37.81210588806982],[-106.69822312620275,37.81201088403468],[-106.69840420123984,37.81198123601888],[-106.69877853432035,37.81195781199141],[-106.69925588442732,37.81196895896216],[-106.69943716546537,37.81194831894755],[-106.69967502051497,37.81191784992791],[-106.70009228459384,37.811785655882495],[-106.70087005173913,37.81152209279546],[-106.70182804691767,37.81119283468753],[-106.70277550509753,37.810899770585394],[-106.70340666421522,37.81068336251441],[-106.70365441826048,37.81058965648528],[-106.70574002660116,37.80940593418517],[-106.70579576660882,37.80936006517521],[-106.70597517363815,37.809258332149376],[-106.70655985074094,37.80899752007517],[-106.70677352977869,37.808904311048344],[-106.70698824482135,37.80885613802776],[-106.70709022384288,37.808845647019695],[-106.70714720885631,37.80885383401715],[-106.70778591499929,37.808867752977875],[-106.70847333816828,37.809030374956194],[-106.70969514648274,37.8094564399368],[-106.71054302970981,37.8098386089354],[-106.71121136686908,37.80994785990751],[-106.71215563005202,37.80969190681075],[-106.71317511825109,37.809430524708354],[-106.71389191641893,37.809518715674415],[-106.71436017853213,37.809610520656996],[-106.71505438371487,37.80989255165154],[-106.71630888901493,37.81010860160068],[-106.7164680750509,37.81011529359134],[-106.71688821814334,37.8101091685633],[-106.71757965228997,37.810045022509684],[-106.71771529231704,37.81001600749688],[-106.71773800332201,37.81001567649539],[-106.71779662033248,37.809991341488185]]},"properties":{"id":"610","name":"ALDER","field_id":"610","forestname":"Rio Grande National Forest","districtname":"Divide Ranger District","seasonal":"seasonal","passengervehicle":"open","highclearancevehicle":null,"mvum_symbol_name":"Special Designation, Seasonal","title":"FSR 610 - ALDER","label":"FSR 610 - ALDER","description":"FSR 610 - ALDER","caltopo_name":"FSR 610 - ALDER"}},{"type":"Feature","geometry":{"type":"LineString","coordinates":[[-106.79633678755336,37.542763326019156],[-106.79661124161102,37.54273403499757],[-106.7972435367443,37.54267032694826],[-106.79772831084341,37.54259084490619],[-106.79852880300724,37.54246148983696],[-106.79921549914337,37.54230682677145],[-106.79976448324112,37.542073137703596],[-106.79991070126955,37.54203485868891],[-106.8003064713555,37.54201981166153],[-106.8010795365377,37.54213376762822],[-106.80153834964796,37.54222214761138],[-106.80179663771592,37.54233053661013],[-106.80192651676705,37.542553865633195],[-106.80197762980278,37.54279641166397],[-106.8019018998007,37.542941775689265],[-106.80172282276953,37.54302562171247],[-106.80142058671686,37.543165420751315],[-106.80127653469793,37.54329379277853],[-106.80115511168401,37.54342181980427],[-106.80105697867789,37.54357652883227],[-106.80096993167331,37.543722055858225],[-106.80076952264294,37.54386029989045],[-106.8006017556143,37.54394397091288],[-106.80044508558716,37.54401845993337],[-106.80022161254999,37.54413902996454],[-106.80008801552975,37.544231191985986],[-106.79999008552454,37.54439490901524],[-106.7998608095234,37.54466725406171],[-106.79959749050009,37.54501375012718],[-106.79932372047814,37.545396446198346],[-106.79892484742601,37.54575401127402],[-106.79857143338474,37.546119894347974],[-106.79821823434442,37.5464947854231],[-106.79788658930437,37.546824284490576],[-106.79759932527035,37.54711705754997],[-106.79727897923271,37.547446392616656],[-106.79695776519127,37.54773968167833],[-106.79672621516583,37.54799555472904],[-106.79646114013494,37.54826996278449],[-106.7963520581383,37.54854273782973],[-106.79640947019162,37.5489466818828],[-106.796408103233,37.54936127494107],[-106.79643873727335,37.5496942689859],[-106.79653573832181,37.549963166017456],[-106.79662371236408,37.55018990104369],[-106.79680864142685,37.550407657062465],[-106.79698333948606,37.55061228408005],[-106.79721614256438,37.550879112102606],[-106.79735755561897,37.55111128312624],[-106.79756978370929,37.55154261617324],[-106.79771336477343,37.551864877209326],[-106.79779166880996,37.55205591023113],[-106.79797617587083,37.55225578624742],[-106.7984012059887,37.55249372625368],[-106.79908006115764,37.552682211236835],[-106.79976573132885,37.55287830222062],[-106.80027944246136,37.55306719321435],[-106.80088383761739,37.55329046620708],[-106.80137971473395,37.55336039718529],[-106.80192655285572,37.55336993415171],[-106.80225558093143,37.55339981613488],[-106.80250648499461,37.55347709612974],[-106.80267881704327,37.553582604133545],[-106.80280654908492,37.5537158401441],[-106.8028555041111,37.55386830416237],[-106.8028359111195,37.553994777181416],[-106.8027588701117,37.55408607819914],[-106.8027172741046,37.55410699120469],[-106.80266942709657,37.55413250621132],[-106.8024446260536,37.55419903523505],[-106.8022191840078,37.55423852725497],[-106.8018916689387,37.55427056428035],[-106.80155348786994,37.55432980131026],[-106.8012845158218,37.55444205534317],[-106.8011075707883,37.55449720836221],[-106.80101890878016,37.55461086038381],[-106.80106621880756,37.55477884640437],[-106.80100331081461,37.554987092437614],[-106.8008820848016,37.55512412846461],[-106.80074737477659,37.55517124547984],[-106.8005421767252,37.55511128948449],[-106.80030085065687,37.55496175847892],[-106.80003689358351,37.55481258247485],[-106.79973943350468,37.55468193147549],[-106.79946413244156,37.55465938548986],[-106.79923252239259,37.554680799507665],[-106.79909506236602,37.55471879252175],[-106.79891618133584,37.55481164354623],[-106.79870204029248,37.55485095656542],[-106.79851009825222,37.55487190558058],[-106.79827224219913,37.55486651759504],[-106.79811231115771,37.554805866596716],[-106.79798610112273,37.55473569059491],[-106.79783725908284,37.554665857594614],[-106.7976734570415,37.554615134597924],[-106.79747178599911,37.55463608961376],[-106.79729934096004,37.55462679362349],[-106.797135234927,37.554658532638385],[-106.79692152688554,37.55471586066008],[-106.79671934984754,37.55478202568231],[-106.79658421582062,37.55481111969497],[-106.79642557278488,37.554804521704206],[-106.79623276574081,37.55478943171434],[-106.79598810768789,37.554800761731556],[-106.79581902465353,37.55483037174653],[-106.79567429263172,37.55493171077001],[-106.79561358462931,37.55504078278917],[-106.79560985563214,37.55507688979447],[-106.79566859865409,37.55516612080324],[-106.79580589669054,37.55522711880309],[-106.79607878375586,37.55527704079264],[-106.79659567187122,37.5552886047613],[-106.79693862196096,37.55542758275892],[-106.79720106002762,37.555513711754266],[-106.79757513611243,37.555535052733354],[-106.79782409416703,37.55553125171696],[-106.7980950242238,37.555500087695265],[-106.798264985262,37.55550651068534],[-106.7983570312885,37.5555681956881],[-106.79839422931029,37.55570281470461],[-106.79825079829422,37.5558582117356],[-106.79804905325818,37.555942396760294],[-106.79773263919056,37.555965241783674],[-106.79728020209218,37.55598115281479],[-106.79685192200549,37.556059772853175],[-106.79651524394342,37.55618205989184],[-106.79621578989929,37.55640048094161],[-106.79611826889601,37.55658221397338],[-106.79616741692315,37.55674368999288],[-106.79630516096152,37.55682270499521],[-106.79647469199784,37.55681111298274],[-106.79677480704488,37.55661971793672],[-106.79701301909031,37.55654822291148],[-106.79739626316801,37.55647930087733],[-106.79770224023694,37.55649265685969],[-106.79779470926543,37.55657236086495],[-106.79789619629544,37.55664769486906],[-106.79783046229007,37.55673882088603],[-106.79775929228299,37.55682478690267],[-106.79756319424544,37.556882130923206],[-106.79718935316522,37.55690570795042],[-106.7969666511242,37.556986595975985],[-106.79671601208541,37.55715136801507],[-106.79665077008521,37.557292464039094],[-106.79680922414724,37.55756056906659],[-106.79699638022342,37.5579065461032],[-106.79718551529142,37.558167064127716],[-106.79733811333085,37.558223781125925],[-106.79748661636927,37.558279199124215],[-106.7977172114302,37.55837814912338],[-106.79791002249054,37.558554541135855],[-106.79808761955513,37.55880627515987],[-106.79829703162909,37.55908119918508],[-106.7983969256617,37.55918613219343],[-106.79848801569484,37.559315180205736],[-106.79856876072672,37.55945469722015],[-106.79861583675135,37.55959561923694],[-106.79859162675989,37.55973331925779],[-106.79851838775596,37.559855130279544],[-106.79835582573767,37.56003022231451],[-106.7982388867256,37.5601670913412],[-106.79814443072077,37.56032610336953],[-106.79814923674951,37.56060089940778],[-106.79809363075498,37.56077719143613],[-106.79792315473308,37.56093352246892],[-106.79772082671094,37.56115749051328],[-106.79752302469228,37.5614059025608],[-106.79738117268259,37.56162089960004],[-106.79728631268358,37.561838606636634],[-106.7972564237086,37.562152865682634],[-106.79734752776395,37.5625019617258],[-106.7973580267881,37.56271885775562],[-106.797270529801,37.56303855380603],[-106.79721577781726,37.563319790849015],[-106.79712645584388,37.56377988291927],[-106.7970615978833,37.56431342399833],[-106.79695891090256,37.564729532063254],[-106.79685155890611,37.565000106108094],[-106.79668698789177,37.565218909149316],[-106.79657705688129,37.56535576917554],[-106.79637197086097,37.56560366822341],[-106.79606189984315,37.56610680131388],[-106.79577042681844,37.56650056338775],[-106.7954972147959,37.56687598745785],[-106.79527973178023,37.567196875516814],[-106.7952336417909,37.56740401454882],[-106.7950505337898,37.56779433361525],[-106.79485832276536,37.56797345865271],[-106.79470079276606,37.56832527471212],[-106.79448820678114,37.56894106381212],[-106.79431813179947,37.56949547090082],[-106.79411860381734,37.570109815999764],[-106.79399942783064,37.570503172062594],[-106.79385174284114,37.570931083132045],[-106.79362464882364,37.57125526319206],[-106.79344933681587,37.571562453246344],[-106.79335215581432,37.571760157280316],[-106.79333857882791,37.57192474330428],[-106.79339802885833,37.572095677324434],[-106.79352333091187,37.57235257335248],[-106.79375239999634,37.57268831038497],[-106.79409810911737,37.57313069242498],[-106.79449552224533,37.5735290734555],[-106.79485358635591,37.5738409554764],[-106.79534782550805,37.57426688950456],[-106.79583776965593,37.57465945052835],[-106.79617737176268,37.57497393455078],[-106.79651085188135,37.575420072592046],[-106.79682556498284,37.57573719361646],[-106.79714662108097,37.576006525633765],[-106.79748437418993,37.576347139659944],[-106.7977695742868,37.57668259268877],[-106.79800265337343,37.57703075972276],[-106.79813524242473,37.57724930974496],[-106.79828151747368,37.57741399875868],[-106.7984501135269,37.57757238477014],[-106.7985963425784,37.57776212878743],[-106.79864811361699,37.578031711821914],[-106.79860941863132,37.57825847685623],[-106.79865345067545,37.578599420901206],[-106.79876091972234,37.57882878792657],[-106.79883679575482,37.57898477194358],[-106.79883390677233,37.57916444196894],[-106.79879383078537,37.57938135100196],[-106.79876078679895,37.579588544033115],[-106.79872650380466,37.5797202150538],[-106.79876202582746,37.57986807507224],[-106.79881532285127,37.57998712208555],[-106.79890832988487,37.58011685309779],[-106.79904569092582,37.58022206410381],[-106.79913658196878,37.58044860112977],[-106.799140484986,37.580610764152304],[-106.79915657600955,37.580808792179035],[-106.79921838104491,37.58102414720528],[-106.79937656810857,37.58130863523511],[-106.79964117420045,37.58163933826455],[-106.7999773503007,37.58189700427919],[-106.80022828537784,37.58211224029337],[-106.80035189442427,37.58230132731197],[-106.80049694247883,37.58252474833408],[-106.80067941054331,37.582763865355936],[-106.80091266561205,37.58293458736499],[-106.80121316369403,37.58308917836746],[-106.80153643377999,37.583232857366916],[-106.80182566485863,37.58337895736891],[-106.80206073192619,37.58353351737557],[-106.80217730297166,37.5837291173956],[-106.80227519801629,37.583957086421286],[-106.80239418207464,37.58427474045825],[-106.8024487881073,37.584478928483406],[-106.8027272201922,37.58471038549805],[-106.80304086828397,37.58493312950923],[-106.80336483938295,37.58520484952661],[-106.80368846948525,37.58550974954868],[-106.80391177755672,37.58572895056516],[-106.8039267265617,37.5857456995666],[-106.804059300606,37.58589423557894],[-106.80407406962875,37.58608706360501],[-106.80406686964443,37.5862584086295],[-106.80409872766818,37.58642403865072],[-106.80397276366153,37.58663393368817],[-106.80381512063822,37.58674758371418],[-106.80367815161262,37.58679392772944],[-106.80356410859424,37.58686156974626],[-106.80350737459082,37.58695189376253],[-106.80342764958338,37.58705243678176],[-106.80337825158519,37.58717837980258],[-106.80350453763992,37.58744470983184],[-106.80375287072728,37.58776634786109],[-106.80397881580797,37.58807103688932],[-106.80442631893912,37.58839039090555],[-106.80467193103279,37.588781053944594],[-106.8048590691012,37.58904913497022],[-106.80503714717489,37.589388882006475],[-106.80530472226363,37.589682197030506],[-106.80559407135345,37.589939128048016],[-106.80581504642656,37.590179081067525],[-106.80590888446079,37.59031283008033],[-106.80605236452408,37.59062606711508],[-106.80616384058862,37.59102090516329],[-106.8063003466686,37.59151449622377],[-106.8064231467356,37.591909160271264],[-106.80659341582212,37.592393221328244],[-106.80678392190303,37.592777836369976],[-106.80696453898598,37.59320401441816],[-106.807187317071,37.5935581594536],[-106.80742499315407,37.59386088548081],[-106.80759701721384,37.594076259500056],[-106.80774914426867,37.5942861335197],[-106.80791288632643,37.59449992153919],[-106.80808772238572,37.59470452655672],[-106.80834008045474,37.59483584455898],[-106.80850220049855,37.59491524855976],[-106.80863153653539,37.59499672356291],[-106.80873826056661,37.59507258556669],[-106.80889179561593,37.595225226578265],[-106.80902387366483,37.59541992359716],[-106.80914093471236,37.595634680619746],[-106.80928933276823,37.595862952642285],[-106.80947427183048,37.59607472366015],[-106.80971724889761,37.59620810766327],[-106.80992335795912,37.5963659006722],[-106.81009138801285,37.59653035168454],[-106.81028670806752,37.596644516687995],[-106.81042432310497,37.59671450368902],[-106.8107093751875,37.596907707697916],[-106.81082737922166,37.59698769270154],[-106.81110478630619,37.59721775571604],[-106.81132624938117,37.597475714738046],[-106.81151199844102,37.59766212275227],[-106.81185865754621,37.59794519476978],[-106.81230940968335,37.59831679079306],[-106.81265542978565,37.5985728338068],[-106.81298794287588,37.59873895980882],[-106.81334265496922,37.59888671880686],[-106.81372981606324,37.598970881793875],[-106.81403726913797,37.59903825378364],[-106.81434259021705,37.59915350478027],[-106.81471984331448,37.5992927117756],[-106.81506621140885,37.5994692977782],[-106.81535116549513,37.59970038879234],[-106.81554731456175,37.59993098881214],[-106.81582604364499,37.600145392824366],[-106.81617857674476,37.60036187783214],[-106.81648551183174,37.600552017839135],[-106.81674683291367,37.6007909488559],[-106.81685713095733,37.60098205087561],[-106.81704640202571,37.60124479290033],[-106.81731188111098,37.601508289920275],[-106.81755753118796,37.601732833936],[-106.81782233826421,37.60190900094375],[-106.81809073033838,37.6020560289472],[-106.81849251244229,37.602205723942475],[-106.8188729245407,37.602348103938084],[-106.81921249562953,37.60248509193555],[-106.81958767672661,37.602625116931165],[-106.81989235780631,37.6027480499289],[-106.82021655089298,37.602897141929],[-106.82055269898046,37.60302781592585],[-106.82092163607155,37.60312292591552],[-106.82119646014462,37.60324485691505],[-106.82148152221531,37.603321566907525],[-106.8218065192931,37.603380824895055],[-106.82210931036272,37.603408331879486],[-106.82235849841885,37.60341909186506],[-106.82251721645461,37.60342585085589],[-106.82269022349597,37.60345694784915],[-106.82282354953045,37.60350657384758],[-106.82301398457764,37.6035574078425],[-106.82326582663691,37.60359334183139],[-106.8234307106747,37.60360671782274],[-106.82362192671847,37.603622237812644],[-106.82384692577125,37.603652736802566],[-106.82394877979831,37.60369800780238],[-106.82406421483273,37.603786346807375],[-106.82429376489586,37.603908969809844],[-106.82454745096462,37.60403471681125],[-106.82471415500734,37.60409331380875],[-106.82499765407992,37.604191561804406],[-106.8252830841495,37.60425663079526],[-106.82553661621564,37.60435692679305],[-106.8259859253269,37.60447567778094],[-106.82613280336587,37.604540104780554],[-106.82632780941844,37.60463452678131],[-106.82638839344817,37.60479581080002],[-106.82646057648827,37.605034880828924],[-106.82647337050498,37.60517217484735],[-106.82639626350736,37.60536401587911],[-106.82624856849225,37.605537175912865],[-106.82613997647921,37.605645472934974],[-106.82599818046214,37.60578616896379],[-106.82566380542433,37.60614268003514],[-106.82544487540154,37.60639506908449],[-106.82517553537069,37.60667859114146],[-106.82495130734796,37.60694332719287],[-106.82473765232851,37.60721750724498],[-106.82456498031368,37.60744809028835],[-106.82435374329658,37.60774072434287],[-106.8242261352867,37.60792131337631],[-106.82400193226286,37.608175286426274],[-106.8238899552604,37.608395728464345],[-106.82363958222467,37.60858900250741],[-106.82342393319625,37.60877866554781],[-106.823138237146,37.60890612558394],[-106.82288663609575,37.60895876160745],[-106.82257772003258,37.60900889363419],[-106.82226499096629,37.60903606565807],[-106.82186443187867,37.60904463168487],[-106.8214736937902,37.60902349270697],[-106.82105838069602,37.60899890173012],[-106.82073492262252,37.60897913774805],[-106.82026082051487,37.60895015177432],[-106.81967914338499,37.60893648580962],[-106.81906961325049,37.608937423848786],[-106.81860598915151,37.608971607883284],[-106.81817588705809,37.608987249913],[-106.8176771919469,37.608976909943465],[-106.81672322073712,37.60898633200584],[-106.81593145956184,37.60898258805599],[-106.81521045740224,37.60897938110172],[-106.8143080622023,37.60897378615871],[-106.81365573806046,37.608995938203556],[-106.81346338201975,37.60901375621836],[-106.81328104398185,37.60903731423335],[-106.81323877697608,37.609072265240926],[-106.8131956669757,37.60916305125646],[-106.81318506998696,37.60929717327589],[-106.81331963203081,37.60943719428688],[-106.81352793508327,37.609500782282495],[-106.81373144013135,37.60953148627376],[-106.81400501219471,37.60956077026035],[-106.81425124925335,37.60960267625044],[-106.81446747030662,37.60965691224424],[-106.81480142439295,37.60978123824026],[-106.8151033094708,37.60989167223638],[-106.81541227654866,37.60998628822986],[-106.81585846965883,37.610100961217356],[-106.81622287074912,37.61019795720764],[-106.81663338885103,37.61030879719687],[-106.81695435793361,37.61042437619254],[-106.81739318904481,37.61056546418423],[-106.81780270014863,37.61069712417642],[-106.8181769642414,37.61079741416656],[-106.81850745732245,37.61087643215648],[-106.81884458240224,37.61092912114224],[-106.81921002348821,37.6109810571261],[-106.81949467455702,37.61103975411614],[-106.81971093960904,37.61108148010816],[-106.82018897572392,37.611173241090356],[-106.82049605679676,37.61122257607764],[-106.82085998188295,37.611280037062386],[-106.8212262859733,37.611373293052004],[-106.8215868080629,37.611471855042744],[-106.82183285112853,37.611583405042595],[-106.82209691120042,37.61171734104445],[-106.82232525926528,37.61186036304982],[-106.8224985553183,37.61200597505917],[-106.8228055694122,37.612263950075615],[-106.82294799146084,37.61243352409029],[-106.82309137150978,37.612604246105036],[-106.82324753157373,37.61289508413573],[-106.82346170564918,37.61317327416099],[-106.82361653269979,37.61333529217381],[-106.82383232476788,37.613537708188304],[-106.8241037618475,37.61373153819809],[-106.82433684491464,37.613886200204824],[-106.82454249997453,37.61402970321177],[-106.82473651002438,37.61409864820901],[-106.82491613406883,37.614145825204105],[-106.8250663461055,37.61418047919933],[-106.82529879816147,37.614225810190824],[-106.82557109522463,37.61425578917756],[-106.82582880327972,37.6142377691585],[-106.82619810635278,37.61415355512308],[-106.8266036014326,37.614057154083625],[-106.82705350251845,37.61392401503615],[-106.82740170858297,37.6138014519967],[-106.82771770364769,37.61375149596945],[-106.82805633671741,37.6137011869407],[-106.82835100478293,37.61370563292251],[-106.82888238189582,37.613661346882225],[-106.82936670299107,37.61354568983503],[-106.83005476411729,37.61329127975531],[-106.83054564120765,37.613112826698895],[-106.83102817729521,37.61292509164171],[-106.83137681436163,37.612820544604766],[-106.831748309434,37.61272465356755],[-106.83206341249488,37.61263864953529],[-106.83246999657948,37.612587273502065],[-106.83280994765494,37.61259100448082],[-106.83310571772525,37.61264047446883],[-106.83343612580592,37.61271645045831],[-106.83382469590569,37.612854607452775],[-106.83420283900682,37.613028975452956],[-106.83451346709502,37.61322241546019],[-106.83494978821533,37.613458962465344],[-106.83523776929852,37.61365275247409],[-106.83550588438003,37.613873411487795],[-106.83579597146928,37.61412180950399],[-106.83603383553823,37.61428419551148],[-106.8362296375933,37.61440109251531],[-106.83642795264396,37.61446909451212],[-106.83660422168647,37.614504382505814],[-106.83680822673483,37.61453700349726],[-106.83705465779305,37.61457459548676],[-106.83732478385369,37.614584736470896],[-106.83766891293112,37.61459859945078],[-106.83790033498326,37.61460863843739],[-106.83819157704998,37.61463298542211],[-106.83840047910539,37.614724079421514],[-106.83847173012703,37.61478300042521],[-106.83848483013726,37.6148548944344],[-106.83845329614036,37.61495452145037],[-106.83837865813989,37.6151127684773],[-106.83825124311858,37.61518021949492],[-106.83815688509826,37.61518546650168],[-106.83777344201668,37.61521589953052],[-106.83742859094329,37.61524327055648],[-106.83707343386793,37.61527357658345],[-106.83671909979351,37.61531151161144],[-106.83647390174339,37.615350891632694],[-106.83620652968871,37.61539383265583],[-106.83590230062795,37.61545789568426],[-106.83566844958087,37.615502586705524],[-106.83538731452741,37.615588071735495],[-106.83509529647343,37.61569174976873],[-106.83480262541654,37.61576840079818],[-106.83464451538373,37.61578888381118],[-106.83437182532026,37.615757075824185],[-106.83415576126927,37.61572438583344],[-106.83388308320578,37.61569257584645],[-106.83367878715917,37.61567772685749],[-106.83339543709617,37.61567312787496],[-106.83328240707226,37.61568389688374],[-106.8331580510459,37.61569484189323],[-106.83294412600797,37.61578662191977],[-106.83272363996868,37.61587927794687],[-106.83254970193879,37.61596388396989],[-106.8324971749311,37.61600251597864],[-106.83240922692278,37.616112028999595],[-106.83238856692644,37.61619346101232],[-106.83236834893206,37.61629291002753],[-106.83231371292828,37.616374870042506],[-106.83224708791917,37.616429978054526],[-106.8321920089135,37.616493920067],[-106.83217156991809,37.616584360080985],[-106.8321346119218,37.616701581099754],[-106.8321015649304,37.61685858412383],[-106.83205781493437,37.61699314114549],[-106.83199281793017,37.61709383516377],[-106.83191347692342,37.617200034183696],[-106.8318029619092,37.61730048920484],[-106.83170403489586,37.61738470422297],[-106.83150151485692,37.617441922243955],[-106.83126478480958,37.61749065826595],[-106.83102739175933,37.61751236828418],[-106.83072359270093,37.61759819431571],[-106.83055571067231,37.61768191933814],[-106.83026544462601,37.61785765638135],[-106.83010909660084,37.61795020540432],[-106.82994599857197,37.618020697424654],[-106.82979912354683,37.61809256844411],[-106.82963916552148,37.6181918154683],[-106.82937144246849,37.61825202349385],[-106.82909787741643,37.618334573522944],[-106.82891123338577,37.618438801549495],[-106.82874305436177,37.6185688345785],[-106.82867816935308,37.61862486959049],[-106.82860823934676,37.618714985607596],[-106.82849286333592,37.618859628635256],[-106.82833461732032,37.619050185672066],[-106.82810273529407,37.61929711172149],[-106.82786040726918,37.61958024877666],[-106.82767228124622,37.61976341881438],[-106.82739222319753,37.61989392985054],[-106.8271062121539,37.62008630289581],[-106.82687211012282,37.62029049693944],[-106.82665015409383,37.62048782498126],[-106.82645669706942,37.62066914701904],[-106.82630456605119,37.620821017050076],[-106.82617754404465,37.62103362908798],[-106.82610050304734,37.621228333120214],[-106.82601751504548,37.62139070314825],[-106.8258792610362,37.62160092818655],[-106.82566188001286,37.621844281234516],[-106.82531778797629,37.622233963311174],[-106.82505394794481,37.622498636365094],[-106.82477608990575,37.6227192394138],[-106.82453015887288,37.62293096145921],[-106.82424117983231,37.62316073850992],[-106.8239419737941,37.62343573456758],[-106.82363347675468,37.62371925062706],[-106.823322510712,37.62397640268303],[-106.82296461264595,37.62410474472391],[-106.82261250358285,37.624249759766755],[-106.82230044852372,37.62434655080035],[-106.82200743846553,37.62441128882817],[-106.82145398735057,37.62448293087364],[-106.82068509818738,37.62454887593214],[-106.82001785105093,37.62465685699],[-106.8194790369404,37.62474110703631],[-106.81888978282343,37.624871212092316],[-106.81839098371968,37.6249348781332],[-106.81795987462563,37.624946470162406],[-106.81747713252389,37.624995339200204],[-106.81694225141348,37.62507151424514],[-106.81648891231741,37.62511170627978],[-106.8161055822347,37.625131442307115],[-106.81572649614883,37.62511059332848],[-106.81550918910042,37.62510632234185],[-106.81521656302775,37.6250274623495],[-106.81495978796843,37.62500164536235],[-106.8147719219245,37.62497794037107],[-106.81442818484702,37.62496246439095],[-106.81415275279407,37.625040799419565],[-106.8139270887503,37.62510061544237],[-106.81372157571005,37.62515173946268],[-106.81356596767958,37.62519045147807],[-106.81340676364785,37.62522431549306],[-106.81325861961815,37.62525403550669],[-106.81299861756607,37.62530715853078],[-106.81276163051776,37.62534684955151],[-106.81247934745949,37.62538723657525],[-106.81213829338984,37.62544404560507],[-106.81178429031851,37.62551193163727],[-106.81160954030132,37.625723260678086],[-106.811510724305,37.62597515271969],[-106.81133799129628,37.626265931771435],[-106.81115618627975,37.6264992288158],[-106.81098519327907,37.626865491878036],[-106.81085238228977,37.627260974941976],[-106.81078553731132,37.62761938499645],[-106.81057382130618,37.628030758067645],[-106.81046315230999,37.62830975611381],[-106.81037914930998,37.62849269814481],[-106.81027860630215,37.628634917171176],[-106.81012458828225,37.62877439020057],[-106.80995515025715,37.62889621622848],[-106.80982331924086,37.62902342525477],[-106.80964930921536,37.629150747283724],[-106.80946772117976,37.629195797301705],[-106.80917007511302,37.62918592031938],[-106.80886484603302,37.62906197332155],[-106.80856683595981,37.628989149330465],[-106.80830652590362,37.629002152348974],[-106.8080686508514,37.62900579936469],[-106.80784341380746,37.629063325387214],[-106.80762995076796,37.62913869541144],[-106.80739990572668,37.629233462439466],[-106.80719372069653,37.62938565247398],[-106.80696635666722,37.62959182051741],[-106.80682371966611,37.62989206956862],[-106.80667108266896,37.63025288862893],[-106.80653015066447,37.63051640467489],[-106.80635632565738,37.630825485729325],[-106.80619360765179,37.63112538378174],[-106.80604596465851,37.63151352784557],[-106.80587950864317,37.63172501488586],[-106.80576988963416,37.631875430913944],[-106.80563084261755,37.63201466894238],[-106.80527952356015,37.63221430399287],[-106.8048459644846,37.63241416504864],[-106.8045195904268,37.632556269089406],[-106.80416583737401,37.632806092147135],[-106.8038834293329,37.6330165261947],[-106.8036174382992,37.633263926246386],[-106.80339383827206,37.63348358729149],[-106.80314577324012,37.63370992233906],[-106.80297025921976,37.63389144437574],[-106.80286910021327,37.63404798340412],[-106.8026896932071,37.63437859646194],[-106.80258910920315,37.63455897249367],[-106.80235234419528,37.634997764570315],[-106.80236934123893,37.6353909496243],[-106.80235955626341,37.635654159661826],[-106.80228978726495,37.63582137768965],[-106.80218819325655,37.63596003971561],[-106.80198242822101,37.636057851742486],[-106.8017905121751,37.63602334674999],[-106.80148574311276,37.63607306377645],[-106.80119207305194,37.63611359780094],[-106.80085352298315,37.636172841830934],[-106.80052696591972,37.636258937863936],[-106.80018906685379,37.63634520689769],[-106.79991957380467,37.636448454929436],[-106.79963896875405,37.636560884963195],[-106.79939279471283,37.636690821997156],[-106.79919300868634,37.636865104034364],[-106.79901587966482,37.63703904007007],[-106.79888297764842,37.637167239096506],[-106.79879647664679,37.63733979312624],[-106.7987221726515,37.63754820916023],[-106.79872716967363,37.637755416188874],[-106.79871208769286,37.6379782682211],[-106.79886285375758,37.638288093254815],[-106.79895338379346,37.638444662270956],[-106.79909212685502,37.63874949630471],[-106.79920746889478,37.63889007331705],[-106.79944056697336,37.639156877339445],[-106.79976494007464,37.639449334359604],[-106.80004745116,37.63967509837318],[-106.80033255124714,37.639913232388224],[-106.80067855135127,37.64018580040423],[-106.80106954646912,37.640496360422674],[-106.80138595856633,37.64076509644003],[-106.8016274036451,37.641016078459636],[-106.80187276971907,37.64121078547124],[-106.80206601978624,37.641452245492644],[-106.80227281785038,37.641633885504824],[-106.80241015689079,37.641733128509934],[-106.80260802194692,37.641855290514314],[-106.80296369303946,37.641992925510785],[-106.80331288013487,37.642172385513554],[-106.80367167222886,37.642317791510926],[-106.80400600031467,37.64243506250587],[-106.80437831940553,37.64251972849387],[-106.80462374246646,37.64258604448743],[-106.80478322650511,37.64261965348193],[-106.80496548454619,37.64262768747133],[-106.80506755257211,37.642660363469346],[-106.80522725561168,37.642702980465096],[-106.80533020364642,37.64282110847503],[-106.80543655268363,37.64295609348711]]},"properties":{"id":"430","name":"LAKE FORK","field_id":"430","forestname":"Rio Grande National Forest","districtname":"Divide Ranger District","seasonal":"seasonal","passengervehicle":"open","highclearancevehicle":"open","mvum_symbol_name":"Roads open to all Vehicles, Seasonal","title":"FSR 430 - LAKE FORK","label":"FSR 430 - LAKE FORK","description":"FSR 430 - LAKE FORK","caltopo_name":"FSR 430 - LAKE FORK"}},{"type":"Feature","geometry":{"type":"LineString","coordinates":[[-106.83323120992284,37.78120242901439],[-106.83306049988722,37.78122320602829],[-106.832776740825,37.78122762104727],[-106.83240195474181,37.781224440071014],[-106.8319129986308,37.781195997098614],[-106.83161745456411,37.78118256911584],[-106.83135661750781,37.7811956361345],[-106.83105082444344,37.78122742615869],[-106.83072299637708,37.7812865941881],[-106.82989941822592,37.78158794928333],[-106.82940454712748,37.78169459833015],[-106.82909344406092,37.781716074353255],[-106.8287051229817,37.78178070938735],[-106.82820429287607,37.78183038942659],[-106.82748765671234,37.78177842546566],[-106.82713446062927,37.781729841481685],[-106.8267356515353,37.7816729424995],[-106.82650841948453,37.7816674545134],[-106.82617477641739,37.781732323544034],[-106.82593037337124,37.78180932657056],[-106.82572557232254,37.78177592057912],[-106.82565447429623,37.781672329569254],[-106.82566515728554,37.781545345550825],[-106.82569633928041,37.78142770553242],[-106.82602873033832,37.78127600748984],[-106.8265055844231,37.781074836430975],[-106.82697119951288,37.78094659638304],[-106.82738199660261,37.780935733355],[-106.82772663968446,37.7809909333404],[-106.82799428174627,37.78101705332678],[-106.82829595179851,37.78087614128765],[-106.82880322287882,37.780565534211576],[-106.82925292394488,37.78024068113723],[-106.82972504302985,37.7800517090804],[-106.83046181216362,37.77976780199326],[-106.83083898022932,37.77959543794481],[-106.83106289125826,37.77939518090242],[-106.8311040932519,37.77924394987871],[-106.83115773125073,37.77911694685754],[-106.83117709724112,37.77898146483738],[-106.83111791321797,37.778883251827516],[-106.83101398418779,37.77881277082439],[-106.83089892815606,37.778751474823316],[-106.83068150010097,37.77868275682775],[-106.83045361104725,37.778650249837916],[-106.83027245500932,37.778671089852516],[-106.83011444297837,37.77870959286812],[-106.82992326994379,37.778784659890896],[-106.82974566792143,37.77894963592537],[-106.82956850890106,37.77913262896234],[-106.82940358788701,37.77935148100348],[-106.82929297287478,37.77947035602722],[-106.8291703418571,37.77956238104798],[-106.82904682283551,37.77961837106378],[-106.828810245791,37.779694141089585],[-106.82844903772008,37.779780857125004],[-106.82812054765074,37.77981299215074],[-106.82762317754843,37.77988756219322],[-106.82701388141784,37.77992728823813],[-106.82672829735674,37.77994685425929],[-106.8265548603109,37.779873860260324],[-106.82640011626759,37.779785439258006],[-106.82634069024529,37.77969554124931],[-106.82626182821711,37.77959080723979],[-106.82622512718767,37.77938277721315],[-106.82622069316821,37.77920260418831],[-106.82623896015373,37.77902207916195],[-106.82629127614673,37.77884102613331],[-106.82637830715015,37.778686480106174],[-106.82647692115704,37.778540758079465],[-106.82669793418057,37.7782940040308],[-106.8268753202019,37.77812002399507],[-106.82699640021283,37.777964939965614],[-106.8270536921954,37.77767130692095],[-106.82700997816252,37.7774449358922],[-106.82704363415128,37.77726277286467],[-106.82709523613936,37.77703492282957],[-106.82730306717717,37.77695601580508],[-106.82756696822271,37.776830827770624],[-106.82775349924658,37.776661431734965],[-106.82814114827892,37.776140768637305],[-106.82858709932866,37.77566461154213],[-106.82874647832256,37.77526119347556],[-106.82874514631672,37.775207141468115],[-106.8287213373069,37.77516245046344],[-106.8286407922846,37.77511864046251],[-106.82853592626314,37.775135621471634],[-106.82840397824042,37.77519821648891],[-106.82825445922002,37.77532162951576],[-106.8281049411996,37.77544504354266],[-106.8276373181342,37.7758155806245],[-106.827255181071,37.77602332667816],[-106.82712164705278,37.77613354370212],[-106.82702105203718,37.77619818871765],[-106.82692001401966,37.7762448157307],[-106.8268185320001,37.7762734257412],[-106.82669435097563,37.776302387753304],[-106.82647937193127,37.7763327577714],[-106.82618450186746,37.776346341792326],[-106.82594683481805,37.77637706181194],[-106.82580039679054,37.776424391828016],[-106.82567732377092,37.77649839684628],[-106.82561076476279,37.776562512859485],[-106.82556736076157,37.77664429387369],[-106.82560236078692,37.776815882895356],[-106.82559074281536,37.77711879593841],[-106.8254449378113,37.77739351498613],[-106.82522064478066,37.77757863102638],[-106.82499635175007,37.7777637460667],[-106.8247518777104,37.777903764102035],[-106.82433583263303,37.77804643714877],[-106.82369214051039,37.77823804521709],[-106.82327003742733,37.77833810025824],[-106.82267712931319,37.77850318131959],[-106.82189411817006,37.778795651410924],[-106.82145825608525,37.77890834945477],[-106.82064986291643,37.77900487052043],[-106.82015621182238,37.7791522835729],[-106.81990394678134,37.77929565360918],[-106.81958320172488,37.779436838649595],[-106.81933834068356,37.7795617136828],[-106.81901870763201,37.77974829072944],[-106.81871591057484,37.779843786762335],[-106.81845198352933,37.77996895379686],[-106.81822544048892,37.780063270824634],[-106.81797835143774,37.78009735884535],[-106.81759484934427,37.78001245585825],[-106.81727039127148,37.780002325877774],[-106.81694630520037,37.780007324899394],[-106.81679394416842,37.78002428991157],[-106.81672672415735,37.78006137492112],[-106.81667107614976,37.78010729393112],[-106.81662765914857,37.780189071945316],[-106.81661785315285,37.78025230795478],[-106.81665410917007,37.7803418699649],[-106.81689841124866,37.780581428982565],[-106.81694778327609,37.78074287600188],[-106.81695219529556,37.78092305002676],[-106.81685929431394,37.78130299108575],[-106.81686238232759,37.78142911210315],[-106.81692222335366,37.781554359116704],[-106.81706702341307,37.781821864144675],[-106.81737687150124,37.78201386215145],[-106.8175349465592,37.78223847217259],[-106.81750348858027,37.78251141821268],[-106.8174133545822,37.78272472224825],[-106.81720957356232,37.78297005329559],[-106.81700430853586,37.78315486033467],[-106.81677156550619,37.78336716137928],[-106.81666712751294,37.78365810242661],[-106.81659515952852,37.78396562347411],[-106.81639515155024,37.78460856657669],[-106.81629915555501,37.78486238561832],[-106.81621275755458,37.78504395964921],[-106.81613506454488,37.78511725466445],[-106.81597901552263,37.7852368176912],[-106.81580114649934,37.78539276472443],[-106.81560277848071,37.78563914977163],[-106.81542777247,37.785912209821],[-106.81533089147092,37.7861299928576],[-106.81515478145538,37.78635800890077],[-106.8150216514391,37.78648622992727],[-106.8148651574149,37.78658777495155],[-106.81476475840024,37.78666141796831],[-106.81455371037333,37.786853923008756],[-106.8144219003629,37.78703618704273],[-106.8142911803573,37.78726350308283],[-106.81420477435684,37.78744507511376],[-106.81418537636644,37.787580555133914],[-106.8141688423887,37.78783314917019],[-106.8142324184313,37.788111544204924],[-106.81428421346946,37.78837209723789],[-106.81430063349434,37.788579122265716],[-106.81428233650875,37.78875964629209],[-106.81425091351295,37.78886827530923],[-106.8141638455096,37.78902282133644],[-106.81399907749653,37.789250661378844],[-106.81376773947532,37.78954261143451],[-106.8135355194502,37.789798525485175],[-106.81340260043494,37.78993574451292],[-106.81313587040037,37.790174164563396],[-106.81292414737054,37.79033964160015],[-106.81239831128744,37.79066315667923],[-106.8118384151969,37.79098719376057],[-106.81153631114906,37.7911720828059],[-106.81116521308236,37.791321982850775],[-106.81087291803019,37.79144363488657],[-106.81058106197999,37.79158330292495],[-106.8104356829573,37.791675658947185],[-106.81029228294338,37.79184909198069],[-106.81023881994552,37.79198509500308],[-106.81026481096508,37.79211987702021],[-106.81032421098922,37.79222710903128],[-106.81042858002144,37.79231562603693],[-106.81058927006407,37.79238525303622],[-106.81096697315998,37.792505615028624],[-106.81159683632136,37.79272123101798],[-106.81179246637541,37.79282636702001],[-106.81193089441504,37.792914358023324],[-106.81201321044512,37.79303024003414],[-106.81206214147069,37.79317368105103],[-106.81211261250299,37.79338018207653],[-106.81208427852084,37.79361493211111],[-106.81200093053401,37.79392262515942],[-106.81181938254223,37.79439404723685],[-106.81165722554081,37.79472998829419],[-106.81150356952926,37.7949486413346],[-106.81112394549164,37.795400170422106],[-106.81059890941366,37.79577152350781],[-106.80996679531765,37.796197902608085],[-106.80954440026282,37.7965738886878],[-106.80937806324296,37.79673866172157],[-106.80927313124063,37.7969422837567],[-106.8091055772209,37.797111359791124],[-106.8088797081838,37.797235922823084],[-106.80867217014752,37.79732992984963],[-106.8084716580994,37.79729330785744],[-106.8082218920446,37.79729714287414],[-106.8080620720058,37.79726354887978],[-106.80776403892834,37.79715096588332],[-106.80708763875204,37.79689098389078],[-106.8065839386239,37.79672748190056],[-106.80638897557276,37.79664936290225],[-106.80625230154087,37.79663343490888],[-106.80610427450654,37.79661768091625],[-106.80544668336586,37.796663811965146],[-106.80461967319162,37.79674858303041],[-106.80388196203057,37.79676889608089],[-106.80356298395589,37.79672872109592],[-106.80320928987081,37.79666204010945],[-106.8029119227963,37.796576471116765],[-106.80241937966963,37.796403768124485],[-106.80177900750273,37.79615787513156],[-106.80104413431303,37.79589310214215],[-106.80013983608305,37.79560051515979],[-106.79954491193293,37.79542035317305],[-106.79903075880614,37.795293026188524],[-106.79831139563062,37.79513278221269],[-106.79794636154303,37.79506625822696],[-106.79738138741648,37.795050636261315],[-106.79654889523147,37.79504252231394],[-106.79617578215603,37.795111297347624],[-106.79526849996795,37.79523422842342],[-106.79493395691286,37.79541861647072],[-106.79455123084266,37.79555963051512],[-106.79413640677372,37.79578224057301],[-106.79393423473857,37.79587544159904],[-106.79356416467672,37.796070331650135],[-106.79318404761817,37.796319446709475],[-106.7927598105555,37.796623303779256],[-106.79235872249977,37.79694482284999],[-106.79211287446246,37.79711078188903],[-106.79189956042578,37.7972131609171],[-106.79102206826721,37.79755995602215],[-106.79070679120909,37.7976728950583],[-106.78993431006032,37.79788865413832],[-106.78947668597033,37.79799800318314],[-106.78925157692916,37.79808253220947],[-106.7888917308577,37.79816181724376],[-106.78860971181285,37.79833260528584],[-106.78843343579477,37.79853655232567],[-106.78796832674254,37.799030267424605],[-106.7873660886565,37.799490014527635],[-106.78720974563322,37.799600523553174],[-106.78701782159571,37.79964849557226],[-106.78681280754789,37.79962457058213],[-106.78661742149475,37.79952840958135],[-106.7865010654572,37.79941301757277],[-106.78632577239743,37.79920839755559],[-106.78616400334988,37.79909369355004],[-106.78604961232105,37.79905938055263],[-106.78587909428266,37.79905295356273],[-106.78538301418847,37.79920466861596],[-106.7852696961645,37.799215398624774],[-106.78506294910892,37.79911939962474],[-106.78487804205443,37.798987020618235],[-106.78470600600919,37.79891753061968],[-106.78449927195365,37.798821529619595],[-106.78433772290701,37.79871583161532],[-106.7842329408729,37.79860927360719],[-106.783898166759,37.798221131574664],[-106.7836149276674,37.79793928555368],[-106.78336153059638,37.797793357549644],[-106.78317836254968,37.79773304655309],[-106.78303382452115,37.79776686556715],[-106.78274591145988,37.79779029958905],[-106.78249335540339,37.797784584604514],[-106.78230373035571,37.79772826060895],[-106.78207558330091,37.797686652617884],[-106.78188107425173,37.79762651062202],[-106.78174375321692,37.797583527624916],[-106.78157085816784,37.79747799762134],[-106.78129383708759,37.79729294261342],[-106.78088869896526,37.79697463259518],[-106.78043771983106,37.79663899057752],[-106.78001073670762,37.79635705656575],[-106.77964728060627,37.796152872560704],[-106.77937768453157,37.79600613755767],[-106.77898598943221,37.79588235556569],[-106.77865974835268,37.795810979576814],[-106.77832309327772,37.79580652559791],[-106.77786765618256,37.795861090634965],[-106.77726963606293,37.795984570690855],[-106.77669632895162,37.79613628774905],[-106.77565204875366,37.79645889786155],[-106.77479912659146,37.79671808795275],[-106.77396602944266,37.79706446305495],[-106.77368153539679,37.797230891096554],[-106.77348183237247,37.797424655136446],[-106.77338844336371,37.7975405161587],[-106.77330683835754,37.797656787180166],[-106.77317554134903,37.79785703021658],[-106.7730652293494,37.79809857825744],[-106.77292603434414,37.798347441301125],[-106.772836085347,37.79856938133793],[-106.7728175243664,37.79879857037114],[-106.77284611439225,37.79898889639585],[-106.77300824745333,37.79923444041965],[-106.77317943350367,37.79935585542548],[-106.77339891056562,37.799486080429496],[-106.7736827956399,37.799597745426766],[-106.77448378584275,37.799847031409776],[-106.77488941394701,37.79998820940326],[-106.77510843900686,37.80009936340463],[-106.77529187406085,37.800230128411016],[-106.77541386009551,37.80030459141352],[-106.77557725014685,37.800452378423586],[-106.77564968718123,37.8006315284439],[-106.77562977619287,37.80078776746703],[-106.77563342920931,37.80094031748807],[-106.77561282121945,37.80108369550936],[-106.77550901421529,37.801266479541574],[-106.77539273320633,37.80143037557197],[-106.77528542319462,37.80154724459522],[-106.77516204017397,37.80161218861221],[-106.77496631413905,37.801694325636376],[-106.77481124410993,37.80174435165338],[-106.77449905004231,37.80175859367549],[-106.77424556798171,37.801714723685805],[-106.77388234489011,37.801605740694036],[-106.77359155281314,37.80148264369563],[-106.77342039477183,37.80144917270201],[-106.77320533272373,37.80144425471522],[-106.77300310868809,37.80153313974073],[-106.77274454764641,37.801684650778576],[-106.77232939457645,37.80189817783518],[-106.77203724553091,37.80208406887999],[-106.77163300046487,37.80231269593802],[-106.77129639340512,37.802456292979784],[-106.77083559031547,37.802576442026314],[-106.77018144218057,37.802672438082],[-106.76997728114928,37.80280771711408],[-106.76978162612228,37.80296688414892],[-106.76965186511481,37.80317367718618],[-106.76945304109074,37.80336782922607],[-106.76926045108276,37.803705029285624],[-106.76888566904906,37.80418494937678],[-106.76878562903632,37.80427657239603],[-106.76860513900408,37.80435159241815],[-106.76839865396285,37.804395386437626],[-106.76817980691786,37.804428857456436],[-106.76793078485989,37.804400978468614],[-106.76760318278633,37.8043910504884],[-106.76722279770098,37.80437952251136],[-106.76684079461674,37.804382606536485],[-106.76654883755165,37.80437807955474],[-106.76605108442489,37.80421632556429],[-106.76547233727602,37.80401414957352],[-106.76495374814533,37.8038587115853],[-106.76459256005678,37.803775061596994],[-106.7640969339396,37.803702330618876],[-106.76364087783116,37.80362897063806],[-106.76333161075591,37.80356307164886],[-106.7630971826989,37.803513119657055],[-106.76280056962462,37.803428892664456],[-106.76239523552309,37.803313792674565],[-106.76173958636183,37.80315653569496],[-106.7613963922753,37.80305352370279],[-106.76101849517833,37.80292399270912],[-106.76060465307079,37.80276856371416],[-106.76033702500408,37.8026960007213],[-106.76008645294108,37.802622329727214],[-106.75981766687308,37.80253919673301],[-106.75950155279307,37.80244142473976],[-106.75919774771157,37.80230289574004],[-106.75903420466264,37.80217872573328],[-106.75874703458611,37.802052103734184],[-106.75849753652432,37.80198835874141],[-106.75823447045816,37.8019111767476],[-106.75796403439114,37.80184138075533],[-106.7575058302841,37.80178656377731],[-106.75627509200551,37.801726553848425],[-106.75555043184792,37.80175435189913],[-106.75554454084666,37.80175457789953],[-106.75490192370172,37.801728909937474],[-106.75411605652714,37.80172280498739],[-106.75362405142194,37.80175860402415],[-106.75327074534155,37.80173780104409],[-106.75264320119055,37.80162004406819],[-106.75076486071818,37.80106924711262],[-106.74970698345184,37.8007558801372],[-106.74910752030135,37.80058276615174],[-106.74878378622007,37.8004892781596],[-106.74834288210943,37.80036194817031],[-106.74788378099393,37.8002267581811],[-106.74744036788206,37.8000935141911],[-106.74690116774606,37.79993149020332],[-106.74656264466266,37.79984895521363],[-106.74621229557465,37.79974727522207],[-106.74587199448816,37.799638580228866],[-106.74565851343553,37.79958626423536],[-106.74540998837354,37.799518697242],[-106.74521987033451,37.79954823425839],[-106.74505219330038,37.7995774372733],[-106.74489636527161,37.79963318429113],[-106.74474158324759,37.79973344631516],[-106.74462109123387,37.79985991934058],[-106.74450248422882,37.800066521377076],[-106.74430784521802,37.80038112543362],[-106.74343374716102,37.80171209467589],[-106.74299236613177,37.80237998579763],[-106.74287979812584,37.80256468783072],[-106.74241131910205,37.80334379096978],[-106.74207087308092,37.80387248706559],[-106.74174667706019,37.80437023815605],[-106.74154865205044,37.804702822215255],[-106.7414370680571,37.805008065265085],[-106.74136086007043,37.80530241131109],[-106.74134085709107,37.80554710734659],[-106.74130446311491,37.80585799739232],[-106.74129339414466,37.8061716404368],[-106.74110080514174,37.8065584955033],[-106.74064738313871,37.807507526665106],[-106.74035138112491,37.80801146575458],[-106.74013377611367,37.808371261818856],[-106.74011100711297,37.8084134918262],[-106.74003581011063,37.80855295285053],[-106.73969542808659,37.809053640942416],[-106.73925021505362,37.80969254906042],[-106.73884032901046,37.81015642015163],[-106.7384669389773,37.81063882724311],[-106.73831836997178,37.81090583429004],[-106.7381828129863,37.8113392863593],[-106.73797856099425,37.81185734644481],[-106.73780901900392,37.81231766652003],[-106.73768464401086,37.812653327574935],[-106.73758273701588,37.81292189161902],[-106.73746200701075,37.81313225665619],[-106.73734295400057,37.813289819685885],[-106.73717344997326,37.813389699710775],[-106.7367201478908,37.81356411576442],[-106.73624655981799,37.8138763108386],[-106.73591731277529,37.81417082490101],[-106.735776750764,37.81436438093712]]},"properties":{"id":"600","name":"POOL TABLE","field_id":"600","forestname":"Rio Grande National Forest","districtname":"Divide Ranger District","seasonal":"seasonal","passengervehicle":"open","highclearancevehicle":"open","mvum_symbol_name":"Roads open to all Vehicles, Seasonal","title":"FSR 600 - POOL TABLE","label":"FSR 600 - POOL TABLE","description":"FSR 600 - POOL TABLE","caltopo_name":"FSR 600 - POOL TABLE"}},{"type":"Feature","geometry":{"type":"LineString","coordinates":[[-106.83441603076508,37.7771093573672],[-106.83433282476923,37.77732925440321],[-106.83439188880104,37.77751185042485],[-106.83437095881669,37.777709718453835],[-106.83442185885337,37.77795767348509],[-106.83459344094364,37.77846869054525],[-106.83487497906373,37.779032913605775],[-106.83521825716764,37.77930653462171],[-106.83552166226728,37.77962432164645],[-106.83595589738863,37.779871875652915],[-106.83615175944081,37.77995842965234],[-106.83621184246785,37.780092673667156],[-106.83622675948588,37.78023663468625],[-106.83619649849494,37.78039031170964],[-106.83612016749113,37.7805176707323],[-106.8360206904804,37.780627365754064],[-106.83590897046325,37.780701203771564],[-106.83577410443922,37.78075737778812],[-106.8354919063838,37.78082486081572],[-106.83496044627552,37.78091424986253],[-106.8337619980319,37.7811221659689],[-106.83340012195806,37.78118187200058],[-106.83323120992284,37.78120242901439]]},"properties":{"id":"600","name":"POOL TABLE","field_id":"600","forestname":"Rio Grande National Forest","districtname":"Divide Ranger District","seasonal":"yearlong","passengervehicle":"open","highclearancevehicle":"open","mvum_symbol_name":"Roads open to all Vehicles, Yearlong","title":"FSR 600 - POOL TABLE","label":"FSR 600 - POOL TABLE","description":"FSR 600 - POOL TABLE","caltopo_name":"FSR 600 - POOL TABLE"}},{"type":"Feature","geometry":{"type":"LineString","coordinates":[[-106.57019066653412,37.73115065895358],[-106.57019505053802,37.731179140957295],[-106.5702428905605,37.73129566497057],[-106.57031343058802,37.73141189598234],[-106.57037129460628,37.73146519998611],[-106.5704516566286,37.73150919198718],[-106.57050875864307,37.73152645598594],[-106.5705654806556,37.73152569998216],[-106.57061085766561,37.73152509497914],[-106.5706670086752,37.731497308971655],[-106.57076758469009,37.73142386895489],[-106.57086376769104,37.731223718920575],[-106.57101954370252,37.730996925878756],[-106.57115167671243,37.730805902843414],[-106.57121878972266,37.73075994583266],[-106.57129743773633,37.730722846822395],[-106.57141030875849,37.73069430481114],[-106.57150106177852,37.73069309480508],[-106.57163776381147,37.73071830879985],[-106.57177446584434,37.73074352379463],[-106.5718780768746,37.730814241797894],[-106.57192440588938,37.730858685801195],[-106.57194785689825,37.73089443180469],[-106.57196110691034,37.73098437981645],[-106.57196377392377,37.73111051883403],[-106.57193259893066,37.731246120855076],[-106.5718004669208,37.731437144890414],[-106.57174660292269,37.73157304991293],[-106.57162886293065,37.73190808096758],[-106.57161885193483,37.73197130197709],[-106.5716196139387,37.732007340982115],[-106.57167900296464,37.73213272399587],[-106.57180779201236,37.732320277013976],[-106.57193696306196,37.73252584003451],[-106.57214610713197,37.732757374053605],[-106.57230950419006,37.732971493073194],[-106.57241541623185,37.73315033809151],[-106.57248767726793,37.73334764811455],[-106.57257069930371,37.73351777713314],[-106.57265144632798,37.733579786136644],[-106.57280026136725,37.733640887135685],[-106.57292505239481,37.73363922212742],[-106.57299254840692,37.733611293119154],[-106.57307081741865,37.73355617310637],[-106.57316986742586,37.73341064307957],[-106.57324565742512,37.73323839505051],[-106.57327402440062,37.73293583900619],[-106.57340523139791,37.7326233669539],[-106.57364575041886,37.73230477089371],[-106.57373813242842,37.73219668987259],[-106.57406653746214,37.73181247979753],[-106.57425614848837,37.73165673476346],[-106.57440912750852,37.73152085973458],[-106.57461312255266,37.73150912171983],[-106.5747955865975,37.73155174571408],[-106.57501754466284,37.73170965872201],[-106.57522402271944,37.73181504772355],[-106.57537245375677,37.73185812672003],[-106.57546301777586,37.731847903712755],[-106.57560992180548,37.7318189016993],[-106.57571106582326,37.73177248768628],[-106.57578952183597,37.73172637667476],[-106.5759450848547,37.731571084642965],[-106.57608835786613,37.7313708946056],[-106.5762851048737,37.731016778543236],[-106.57638643885838,37.73064505848456],[-106.57653151484006,37.730148790405536],[-106.57663219183348,37.72986497135919],[-106.57679244184874,37.72966509632082],[-106.5769680668721,37.72951157528796],[-106.57702172886923,37.729366657264165],[-106.57701905285577,37.72924051024663],[-106.57699330783545,37.72909665522809],[-106.57685049177182,37.7287831301932],[-106.57678995074005,37.72860369117193],[-106.57678727572667,37.728477553154335],[-106.57679575371475,37.72834225313485],[-106.57682653570596,37.728188620111275],[-106.57681347269477,37.72810768310072],[-106.57678926768209,37.728035907092234],[-106.57670623064638,37.727865781073675],[-106.57668067762697,37.72773093605638],[-106.57670011661564,37.72757746503355],[-106.57674262561127,37.727441709011735],[-106.57680782161188,37.72730564998843],[-106.5769180096206,37.72715096395966],[-106.57704566962666,37.72693231392073],[-106.57733542565381,37.72656697385084],[-106.57745791066979,37.72645718482752],[-106.57749060367063,37.726393659816516],[-106.57761314868041,37.72622239078458],[-106.57761443264502,37.72587248973536],[-106.57767210661461,37.725448007672],[-106.57788551863224,37.72515526661723],[-106.57789054160207,37.724848358573766],[-106.57800776061465,37.724716145547696],[-106.5782173306429,37.72453679450901],[-106.57851439768649,37.72431686245904],[-106.57886296474872,37.72416799341577],[-106.57904483779066,37.724183582406255],[-106.57922690283364,37.72420818939802],[-106.57945509489036,37.72426821839179],[-106.57972972296204,37.724373525388955],[-106.57989987099958,37.72437124437773],[-106.58013711004735,37.72432300135569],[-106.5804412701044,37.72421979532171],[-106.58118128722639,37.72380431021578],[-106.5818855423322,37.72330818710088],[-106.58228564738107,37.72291528102001],[-106.582462725399,37.722705616979184],[-106.58260308839604,37.722370271923054],[-106.58268731238343,37.72206271787444],[-106.58274980837061,37.72180051683361],[-106.58283479736185,37.72152900179005],[-106.58295304735677,37.721220981739165],[-106.58310569636107,37.7209305326886],[-106.58319106735425,37.72067703664748],[-106.58322088734066,37.72047836261768],[-106.5831932153107,37.72024441058661],[-106.5831084472663,37.71999320055673],[-106.58302387122288,37.719750990528134],[-106.58284529714315,37.71935684048427],[-106.5828199391247,37.7192310064682],[-106.58281821311608,37.719149917456924],[-106.5828380211067,37.719014465436636],[-106.58288051510232,37.718878707414845],[-106.58296818510695,37.718733330388815],[-106.58304584411583,37.71865117537227],[-106.58314562412687,37.71854168635047],[-106.5832571291423,37.71845006333042],[-106.58340304416713,37.71837600431069],[-106.58356068519639,37.71831981129268],[-106.58368468222008,37.71828209527941],[-106.58437482136411,37.718191708222406],[-106.58498517848865,37.71808437416815],[-106.5851762685226,37.718000693144134],[-106.58541194656262,37.71788036111205],[-106.58575756862122,37.71770213706486],[-106.58612766267193,37.71739307199768],[-106.58619494668311,37.717356115988174],[-106.58627970969172,37.71725569796859],[-106.5863587087073,37.717236609960864],[-106.58647232173327,37.71724409295461],[-106.58662072977063,37.717287157951134],[-106.5867645398207,37.71746562096695],[-106.58693811987547,37.71762550797826],[-106.58710037092777,37.717785556990364],[-106.58725031797279,37.71790069999688],[-106.58734182499661,37.717935516995894],[-106.58754751104935,37.71800484699242],[-106.58795871615379,37.718134502984235],[-106.5883914402575,37.71820978496704],[-106.58888050337184,37.71826628894355],[-106.58919807344189,37.71826200792259],[-106.58949239350403,37.71823100189931],[-106.58980823156546,37.71814563086703],[-106.59018059763845,37.718050491829764],[-106.59046279269428,37.71798359680228],[-106.59068944274337,37.717971525786005],[-106.5908143997718,37.717978851779016],[-106.59136151190532,37.71809764976059],[-106.59226235512695,37.71831080473265],[-106.59279928626373,37.7184837987225],[-106.59338313341823,37.71872826571929],[-106.59374917551364,37.71886751571536],[-106.59400023957636,37.718936228708905],[-106.59429668464907,37.71900431969943],[-106.5946838567418,37.71907118168395],[-106.59495761780951,37.719139576676],[-106.59512949185569,37.719218371676],[-106.59534769091667,37.719341592679264],[-106.5955791769897,37.71955475769438],[-106.59581065306277,37.71976793170941],[-106.59598485012044,37.71995483472449],[-106.59605580514987,37.720089060738786],[-106.59610349517142,37.720196563750804],[-106.59614177620004,37.72039431977609],[-106.59615660021984,37.72055635179794],[-106.59612682623342,37.72075502882772],[-106.59609510426769,37.72116060288671],[-106.59611305629352,37.721375744915754],[-106.59614802731961,37.721555346938736],[-106.59617938834879,37.721773838967394],[-106.59625790639994,37.72210512900888],[-106.59629599642759,37.72229387403293],[-106.59627717844177,37.7224743780595],[-106.59623470844619,37.722610139081254],[-106.59616974544653,37.722755218105796],[-106.59610420244402,37.72287326812659],[-106.59606211845035,37.72302704915089],[-106.59604349346553,37.723216562178706],[-106.59605696347859,37.72331551719173],[-106.5960606374968,37.72348670321553],[-106.59603800654595,37.72401875229169],[-106.59604303457091,37.72425300832427],[-106.5961549856424,37.72471112638137],[-106.59619346367202,37.724917891407955],[-106.59614351669308,37.72523401145551],[-106.59610143169945,37.725387793479804],[-106.59600378969898,37.72559640151539],[-106.59580695869046,37.725941539576496],[-106.59569797168751,37.72615030061276],[-106.59566703569539,37.72629491863509],[-106.59568127871232,37.72642991265313],[-106.59577918076785,37.72676204669344],[-106.59585110980207,37.726941330714006],[-106.595956090839,37.727075095726015],[-106.59604954687245,37.727200003737586],[-106.59623394492688,37.727332693744344],[-106.59650946800322,37.727482172747656],[-106.59673982307059,37.727641284755194],[-106.59688999911654,37.72776542476294],[-106.59697230714846,37.72789949577648],[-106.59700942317133,37.72804319179426],[-106.59700117618421,37.72818750181506],[-106.59697984318593,37.72825087782534],[-106.59693544718071,37.728296541834624],[-106.59684585916645,37.728351830848126],[-106.5967560761513,37.728398108860404],[-106.59664283312718,37.72840865586916],[-106.59641479707136,37.72835766987663],[-106.59630039304156,37.72831415787788],[-106.59602467396424,37.72815566787336],[-106.59562126284499,37.72786371085827],[-106.5952647887434,37.72764322585023],[-106.59490754263797,37.72738669083716],[-106.59478025059795,37.727271251829116],[-106.59470929056859,37.72713702581482],[-106.59468331854725,37.726984165795024],[-106.59470349353974,37.726866730777246],[-106.59480094753921,37.726649104740424],[-106.59499778554772,37.726303968679304],[-106.59507255054221,37.726086658644014],[-106.59512482153266,37.72587866461146],[-106.59512018250962,37.725662429581426],[-106.59508209448195,37.72547368355739],[-106.59496402343385,37.725258982534804],[-106.59459023030001,37.724759335488656],[-106.59441409323274,37.72448233246106],[-106.5942973891914,37.72433069044727],[-106.59423681015966,37.72415126142595],[-106.5942647441407,37.7239041733895],[-106.59411390806646,37.72350369134298],[-106.59397024400673,37.72323022231377],[-106.59381451594633,37.722976334288134],[-106.59369780390499,37.72282470027435],[-106.59347781583884,37.722654282264564],[-106.5932044727696,37.72257000027031],[-106.59298702871246,37.72248281527196],[-106.59279266766224,37.7224133422747],[-106.59263174561664,37.72231638027144],[-106.59252811658646,37.722245671268155],[-106.59243563755777,37.72216580926288],[-106.59233104452278,37.722050060253366],[-106.59222569148395,37.72189827223878],[-106.59198591336961,37.72129766816985],[-106.59190342833675,37.72115458315506],[-106.59178730229826,37.72102997714503],[-106.59166080926212,37.720950573141984],[-106.59144375720693,37.72088140414624],[-106.5910907861226,37.72082307416072],[-106.59088643807665,37.720816820172935],[-106.59077359005451,37.72084538018423],[-106.59070630604333,37.72088233819369],[-106.59066170603712,37.7209189902017],[-106.59060711303522,37.72101886321926],[-106.59056366903478,37.721109574234745],[-106.5905782880536,37.72126258825534],[-106.59060424907493,37.72141545027514],[-106.59063001809528,37.7215593012937],[-106.59070250713236,37.72176561831801],[-106.59081132518847,37.72207958535512],[-106.59090707923347,37.722312616381686],[-106.59122165934765,37.72274831842266],[-106.59156326546251,37.72313210645459],[-106.59167159551556,37.723416647487575],[-106.59175247555665,37.72364407451434],[-106.59192053663776,37.72407440156397],[-106.59199206667002,37.72423565958201],[-106.59207455570292,37.72437875359681],[-106.59219646377016,37.724773653644434],[-106.59218685677632,37.724854895656485],[-106.5921436067769,37.72495461667323],[-106.59207652276666,37.72500058568397],[-106.59198616274857,37.72501983069253],[-106.59190695273199,37.725029912698986],[-106.5918498507176,37.725012659700276],[-106.59176967669623,37.724977692700485],[-106.59167661666471,37.72487079969143],[-106.59164065864758,37.72478115268118],[-106.59159297162606,37.72467364666914],[-106.5915552776003,37.724502919647584],[-106.59151547456398,37.72423308361229],[-106.59145490253228,37.72405365259098],[-106.59136165149978,37.72393775058068],[-106.59116438443519,37.7237331185646],[-106.59083005033574,37.72348528255131],[-106.59040420421246,37.72320262253893],[-106.59012677112649,37.72296302952309],[-106.58996392407128,37.722775965507296],[-106.58985838203147,37.72261515649153],[-106.58976263098656,37.722382124464914],[-106.58968975894751,37.722157795438115],[-106.58964169192403,37.72203226942358],[-106.58957228690231,37.721970118419314],[-106.58949192488001,37.72192614041829],[-106.58944636086902,37.72191774242007],[-106.58935600385095,37.721936985428556],[-106.58929987884132,37.72196477943607],[-106.58924431983459,37.722019594447346],[-106.58921125383186,37.722065102455836],[-106.5891893388307,37.72210145646237],[-106.5891912638403,37.72219155547488],[-106.58923912686281,37.72230807148815],[-106.5893094948893,37.72241527249868],[-106.58948329694509,37.72258416551125],[-106.58993817910506,37.72316384756342],[-106.59009045416157,37.723387104585],[-106.59041019229635,37.72401367065245],[-106.59053056135593,37.72433649469006],[-106.59060440139973,37.724605871723135],[-106.59072495346027,37.724937713761975],[-106.59088186153984,37.725377205813594],[-106.59099204760267,37.72575424985945],[-106.59108011566342,37.72615862091059],[-106.5911214727074,37.726500534955925],[-106.59110572673698,37.726825196002565],[-106.59108920976271,37.72711382604414],[-106.59110305977771,37.727230800059665],[-106.59116266980462,37.7273651820747],[-106.59131495686115,37.727588437096294],[-106.5914420399002,37.727694870103065],[-106.59156951994116,37.727819332112325],[-106.5916868149854,37.72799799712988],[-106.59184257705924,37.72838342817399],[-106.59191564409916,37.72861676420206],[-106.59202507015817,37.72895776724292],[-106.59213411021531,37.72928074228122],[-106.5922658282774,37.729603410318084],[-106.59241947534066,37.72988974134839],[-106.59259542540704,37.7301577373747],[-106.5931459596111,37.73096142445219],[-106.59346015771803,37.7313266954833],[-106.59377591583264,37.73176403452439],[-106.59378999683761,37.73178184052599],[-106.59384602185725,37.731852680532306],[-106.59407916293904,37.73214747655871],[-106.59426588900502,37.73238828658055],[-106.5944510590633,37.732557017592306],[-106.59504430326395,37.73323394364919],[-106.59558966544208,37.73379435269281],[-106.59572947549036,37.73396369570762],[-106.59578813251248,37.73405302571636],[-106.59583621853595,37.73417854873091],[-106.59587373456077,37.73434027275122],[-106.59591125058554,37.73450198877148],[-106.59598298261885,37.73467225379078],[-106.5960420276429,37.73477960280205],[-106.59623933770752,37.73498421581809],[-106.59649676477473,37.735082911815425],[-106.59669808583403,37.735226383822614],[-106.59677683588922,37.73559642186946],[-106.59681263993262,37.73594454591604],[-106.5968197999522,37.73612094794031],[-106.59691325798566,37.73624585595186],[-106.59706403303453,37.73639702396339],[-106.5972374980884,37.73654788397339],[-106.59734270112632,37.7366906569867],[-106.59738157615783,37.7369154400157],[-106.59737564218224,37.737167877051554],[-106.59737990220341,37.73736609307909],[-106.59740607822573,37.7375279611001],[-106.5974124682574,37.73782528414146],[-106.59738075626149,37.7379338631587],[-106.5973371182601,37.73801556617295],[-106.5972709832547,37.738106587189996],[-106.59708307022088,37.73818382421292],[-106.59700925121285,37.73826603522922],[-106.59700392522059,37.73835354224183],[-106.59692781121944,37.73850778426838],[-106.59690744422598,37.7386162092849],[-106.59686477322941,37.73874296130541],[-106.59677710722477,37.738888348331486],[-106.59674539422879,37.73899692634875],[-106.5967357912349,37.73907816836079],[-106.59673772724457,37.73916826637329],[-106.59676195525725,37.739240046381795],[-106.59695490335402,37.739769164443665],[-106.59758719064045,37.74120259860417],[-106.59767163568299,37.74143577663144],[-106.5976982007072,37.741615664655],[-106.59773785574264,37.74187648668906],[-106.5978271558092,37.742334908747644],[-106.59789910584347,37.742514190768155],[-106.59794641686479,37.74262081578007],[-106.59795873087035,37.742648567783164],[-106.59808857292292,37.74288112980746],[-106.59810011292637,37.74288998580799],[-106.59834535401352,37.7432111068373],[-106.59848692107049,37.74346154286332],[-106.59864062213377,37.74374785489361],[-106.5986791181634,37.74395461792015],[-106.59868260718072,37.74411679394268],[-106.59865186418959,37.74427042196618],[-106.59858785819476,37.744460549997015],[-106.59840253218974,37.74481455705862],[-106.59797243015367,37.74539718416799],[-106.5978953311477,37.74550637918825],[-106.59787341314652,37.74554272519478],[-106.59787418815041,37.74557876519978],[-106.59788611615579,37.745605640202776],[-106.59790958316465,37.745641371206325],[-106.597944398176,37.74567694920906],[-106.59811672522409,37.74577374821156],[-106.59835906829687,37.745959722222054],[-106.5983821493038,37.74597743422304],[-106.59840542331169,37.74600415522533],[-106.59848871334846,37.74618327424512],[-106.59850354936829,37.7463453052669],[-106.5984743553848,37.746571011300404],[-106.59847629339444,37.74666110831294],[-106.59845553939905,37.746751514326974],[-106.59837843939307,37.74686070834728],[-106.59827884038305,37.74697922137025],[-106.59811175436087,37.747125685401556],[-106.59804580635647,37.74722571641983],[-106.5972045762711,37.748219473613354],[-106.59571384312387,37.7500196199618],[-106.59549247211503,37.750414657031506],[-106.59535482713156,37.7508761441051],[-106.59521065916962,37.75156303821077],[-106.595191242181,37.75171651123349],[-106.59525214021262,37.75189437025455],[-106.59531779124332,37.752052371272484],[-106.59545563429499,37.75225882829256],[-106.59564177535445,37.752436383305565],[-106.59582700540938,37.75257157931259],[-106.5961210604909,37.75273133331606],[-106.59711543174429,37.75305132729698],[-106.59735586080747,37.75314720529498],[-106.59756262286501,37.753261563297734],[-106.59776939792258,37.75337592030046],[-106.5979080769651,37.753491201307746],[-106.59805869601303,37.753633356317984],[-106.59821124307064,37.75386561034073],[-106.59866162626102,37.754751727436044],[-106.59873416129818,37.75495802746032],[-106.5987726653278,37.755164790486845],[-106.59884791637845,37.75549722752868],[-106.5989216174214,37.755757586560456],[-106.5990186064722,37.75604466759448],[-106.59912538251783,37.756259506617724],[-106.59928162459369,37.756662943664246],[-106.59949693769364,37.75717372672208],[-106.59959275573867,37.75740674774859],[-106.59968800478087,37.757612739771375],[-106.60021960299748,37.75857885887267],[-106.60056150813361,37.75916903193341],[-106.60090165926107,37.75967811698297],[-106.60105346331484,37.75987432600068],[-106.60130244442034,37.760366624053674],[-106.60149043349215,37.76066147708295],[-106.60173612758132,37.76100060811472],[-106.60201217667772,37.761344350145166],[-106.60215716672546,37.76149705615724],[-106.6024093088012,37.761690488168135],[-106.60256012584962,37.761836567178904],[-106.60268690688677,37.76192496618314],[-106.60284889093722,37.7620669601926],[-106.60301088598767,37.76220895420215],[-106.60327559406358,37.76237659720862],[-106.60366669817464,37.762614608216786],[-106.60425892633123,37.76286054421314],[-106.60468784544449,37.76303750221035],[-106.6050444185346,37.763145138202496],[-106.60536436361092,37.763197024189225],[-106.60564798267491,37.7632072211724],[-106.60607386677313,37.76324360115006],[-106.60662339789725,37.76326423211757],[-106.60717808202455,37.763305795087724],[-106.6078721151859,37.76337743705306],[-106.6084982503332,37.76345902302422],[-106.60881757341103,37.76352676201313],[-106.60898995545912,37.763623544015616],[-106.6091167474963,37.76371193601986],[-106.60933705456699,37.76392522403557],[-106.6095485526477,37.76425579206829],[-106.60967043171414,37.764641659114574],[-106.60970818973999,37.764812378136064],[-106.60975572476057,37.76491086514682],[-106.6098607977976,37.76504461415879],[-106.61010308988217,37.7653462941855],[-106.61018833192546,37.765585228213546],[-106.61027901497474,37.76586999024761],[-106.6104281810819,37.76659531133969],[-106.61040883610482,37.76686153337827],[-106.61043008314127,37.76717216042041],[-106.61047107817267,37.76739039344836],[-106.6104978292021,37.76762032947892],[-106.6105405732421,37.76791914451806],[-106.61059657327914,37.76816020754822],[-106.61058019730086,37.768408010584004],[-106.61061907032179,37.7685283885984],[-106.6107317733506,37.768565546596335],[-106.61087397538324,37.76857672458876],[-106.61101012640569,37.76850001556921],[-106.61103812639229,37.76830816454055],[-106.6112856714323,37.76816229450414],[-106.61146543846489,37.76809074648254],[-106.61179348552426,37.76795945544301],[-106.61205426656768,37.767817836406394],[-106.61224092060002,37.767728916381905],[-106.6124375666356,37.76765000835815],[-106.61260624566545,37.76757560033687],[-106.61274165869158,37.76753769732289],[-106.61299114274573,37.76752526930501],[-106.61318467379114,37.767549657296016],[-106.6134699688614,37.76761784928717],[-106.61362377090205,37.767681199286145],[-106.61379029193758,37.7676674012735],[-106.61408506999082,37.767548212237834],[-106.61433659503565,37.76744112320659],[-106.61466150710082,37.76737334117618],[-106.615011055185,37.76743763916268],[-106.6153618572753,37.767559498157226],[-106.61569895836637,37.76771897315784],[-106.61596375744244,37.76788807216451],[-106.61622892352028,37.76807443317353],[-106.61644421159136,37.76830179019154],[-106.61661524564907,37.768495200207674],[-106.61679303170591,37.76866549122005],[-106.6169494377598,37.76885335223635],[-106.61709909281458,37.769064332256235],[-106.61724062986343,37.769235120271105],[-106.6173974139192,37.76944024328976],[-106.61755584698703,37.7697601943244],[-106.61757632500418,37.76988349334035],[-106.6175927420282,37.770082998367265],[-106.61758640006504,37.7704573324201],[-106.6176468381578,37.77123379052505],[-106.61768165322951,37.77185933461049],[-106.61778266830844,37.77241229368148],[-106.61781898735634,37.77280215273376],[-106.61785887238563,37.773002147759236],[-106.6180969124856,37.77346345580855],[-106.61816836053193,37.773761268845675],[-106.61839098061263,37.77406764087428],[-106.61852384665545,37.77419789188395],[-106.61864313669703,37.77434595689704],[-106.61870868074679,37.77469051694113],[-106.61883646879616,37.77489603596167],[-106.61900381385763,37.77513378898422],[-106.61929979896088,37.775501453016695],[-106.61975368811898,37.77606256706606],[-106.61984407415099,37.7761793410766],[-106.62001741421237,37.776403275096825],[-106.62029929231618,37.77680668413521],[-106.6204659903789,37.77705855715973],[-106.62070985746384,37.77735996318626],[-106.62104611157115,37.77767978120937],[-106.62132343164564,37.77780628320924],[-106.62173538175803,37.77801153321148],[-106.62202182183553,37.77814820521217],[-106.62234368592088,37.77828438621053],[-106.6226131840035,37.77850722322436],[-106.62272390804564,37.77867902324133],[-106.62324531920822,37.77913760027201],[-106.62339606025199,37.77923826827636],[-106.62376544634279,37.77932463026465],[-106.62397241439959,37.77943123326624],[-106.62415378145585,37.779587622276495],[-106.62444349254882,37.7798680482971],[-106.62476567264008,37.78006188530353],[-106.62514739874142,37.780224583301724],[-106.62538179681124,37.78039818031088],[-106.62569970491678,37.78074047033841],[-106.62584230496681,37.780920181354375],[-106.62589946299711,37.78109240537482],[-106.62589841801275,37.781247776396654],[-106.62587560102577,37.78142463442287],[-106.6259683770849,37.78180115646964],[-106.62596168711447,37.78210490251267],[-106.62594807313098,37.78229575654027],[-106.62594210614562,37.78245193556253],[-106.62600182617265,37.78258629557748],[-106.62607209819825,37.782684461586705],[-106.62622322624819,37.78284459659938],[-106.62645400431659,37.783012644608085],[-106.62678793941234,37.783224338616186],[-106.62725967954583,37.78350621762526],[-106.62782463470018,37.78378934762853],[-106.62802241677355,37.78407784665622],[-106.62812505882857,37.78439299469371],[-106.6282183919111,37.78499728377236],[-106.62846822401697,37.78548987182524],[-106.62848106005323,37.78581634287013],[-106.62857044509572,37.78603755089539],[-106.6286857441403,37.78622309191395],[-106.6290151972559,37.78663870895092],[-106.62934804137161,37.78704783998672],[-106.62943319240985,37.7872367030077],[-106.62940423242289,37.787426931036215],[-106.62935244546327,37.78793347211048],[-106.62918556851234,37.788774863239084],[-106.62922533156663,37.7892187552987],[-106.62935816063661,37.78961457634556],[-106.62970983174277,37.78988954336139],[-106.63001056283991,37.790186321383565],[-106.63015045091178,37.790585271430444],[-106.63045681002576,37.79103507047364],[-106.63074475312877,37.791417234508636],[-106.63106710822831,37.79169044652607],[-106.6313138252966,37.79182300352876],[-106.63132009330637,37.79190486353978],[-106.63128083132287,37.792150796576784],[-106.63132146235532,37.79237973860619],[-106.63142780239755,37.792561870624866],[-106.63147148442418,37.79272721464518],[-106.63153497546456,37.792984088677066],[-106.63155210250665,37.79335812072836],[-106.6315759045343,37.793576743757406],[-106.63161619658092,37.79394423880628],[-106.63165728060766,37.79411640782776],[-106.63178039068556,37.79461043288895],[-106.63184107272036,37.7948185159142],[-106.63190623175515,37.79501738793783],[-106.63196911978969,37.795218301961924],[-106.63205543183986,37.79552114499873],[-106.63213447288202,37.79576162502731],[-106.63227219193227,37.795953912045356],[-106.63251323101002,37.79619067006299],[-106.63298971913821,37.79641003906295],[-106.63354526927533,37.796545486046085],[-106.63376078534502,37.796759324062144],[-106.6338751443908,37.79695837808258],[-106.63383512140109,37.797145569111386],[-106.63381214340015,37.79718605911854],[-106.6337431413973,37.797307651140045],[-106.63368112039707,37.797439766162526],[-106.63350545038143,37.79766751020571],[-106.63329963636104,37.79791438125355],[-106.63310189133728,37.79811048129381],[-106.63302248133928,37.79830212032572],[-106.6331406213786,37.79843028633608],[-106.63326213241683,37.79853991234357],[-106.63342367345228,37.79853665433271],[-106.63356836048082,37.79850131931843],[-106.6339683725456,37.79826733425984],[-106.63444090162844,37.798052941199366],[-106.63469929468724,37.79806700918466],[-106.63500290674652,37.7979884771541],[-106.63526735180466,37.797983541136325],[-106.63555406887292,37.79802888812421],[-106.63580984194282,37.79815680412561],[-106.6360287610076,37.79831528613369],[-106.63619614105606,37.79842607513837],[-106.63647580312765,37.79851900413334],[-106.6368423812094,37.79852295111023],[-106.63711389127464,37.798571749099565],[-106.63718682530231,37.79868388611059],[-106.63724855933346,37.79885428813046],[-106.63720991035278,37.799126952171065],[-106.63718597738182,37.79946191821953],[-106.63719948442744,37.79987798827693],[-106.63719387045694,37.8001781823193]]},"properties":{"id":"630","name":"AGUA RAMON","field_id":"630","forestname":"Rio Grande National Forest","districtname":"Divide Ranger District","seasonal":"seasonal","passengervehicle":"open","highclearancevehicle":"open","mvum_symbol_name":"Roads open to all Vehicles, Seasonal","title":"FSR 630 - AGUA RAMON","label":"FSR 630 - AGUA RAMON","description":"FSR 630 - AGUA RAMON","caltopo_name":"FSR 630 - AGUA RAMON"}},{"type":"Feature","geometry":{"type":"LineString","coordinates":[[-106.66294070589095,37.83645500373066],[-106.66296615890256,37.836513223737185],[-106.6629927779149,37.83657593274424],[-106.66302102192692,37.83663186075024],[-106.66304094693642,37.83668114575583],[-106.66305509494254,37.83671023575898],[-106.66308257695415,37.83676392076472],[-106.6630990549633,37.836817761771115],[-106.6631296299768,37.83688266777825],[-106.66315832798935,37.83694309478484],[-106.66318844700221,37.83700350179132],[-106.66321755201514,37.83706617579824],[-106.66324797602783,37.83712432480438],[-106.6632766240402,37.83718249981066],[-106.66330410705181,37.83723618481638],[-106.66333184406304,37.83728535982143],[-106.66336850607641,37.83733666182626],[-106.66337791407986,37.837349506827465]]},"properties":{"id":"630","name":"AGUA RAMON","field_id":"630","forestname":"Rio Grande National Forest","districtname":"Divide Ranger District","seasonal":"yearlong","passengervehicle":"open","highclearancevehicle":"open","mvum_symbol_name":"Roads open to highway legal vehicles only, Yearlong","title":"FSR 630 - AGUA RAMON","label":"FSR 630 - AGUA RAMON","description":"FSR 630 - AGUA RAMON","caltopo_name":"FSR 630 - AGUA RAMON"}},{"type":"Feature","geometry":{"type":"LineString","coordinates":[[-106.54164734264612,37.745403127789686],[-106.5417459316693,37.74541561778512],[-106.54186122569642,37.74543022577979]]},"properties":{"id":"640","name":"EMBARGO CR","field_id":"640","forestname":"Rio Grande National Forest","districtname":"Divide Ranger District","seasonal":"yearlong","passengervehicle":"open","highclearancevehicle":"open","mvum_symbol_name":"Roads open to highway legal vehicles only, Yearlong","title":"FSR 640 - EMBARGO CR","label":"FSR 640 - EMBARGO CR","description":"FSR 640 - EMBARGO CR","caltopo_name":"FSR 640 - EMBARGO CR"}},{"type":"Feature","geometry":{"type":"LineString","coordinates":[[-106.60065676793282,37.815639851841546],[-106.60083415598231,37.81573855584397],[-106.60116918107416,37.81590914184619],[-106.6015368571927,37.81626905087287],[-106.60172402327532,37.81666962691688],[-106.60181688331637,37.81686836393874],[-106.6024626676146,37.81837858310854],[-106.6025495416643,37.81867532014445],[-106.6026744077227,37.81897418117828],[-106.60300496484764,37.8194768662273],[-106.60334593996816,37.81991367426646],[-106.60357075504973,37.8202225012952],[-106.60376695610786,37.820364026302364],[-106.60407059419563,37.82056249531055],[-106.60437927528233,37.82073978031545],[-106.60473388538168,37.82094098732071],[-106.60495465544311,37.821062159323404],[-106.60523015652021,37.821217002327316],[-106.60546341558486,37.821342933329895]]},"properties":{"id":"640","name":"EMBARGO CR","field_id":"640","forestname":"Rio Grande National Forest","districtname":"Divide Ranger District","seasonal":"seasonal","passengervehicle":"open","highclearancevehicle":"open","mvum_symbol_name":"Roads open to all Vehicles, Seasonal","title":"FSR 640 - EMBARGO CR","label":"FSR 640 - EMBARGO CR","description":"FSR 640 - EMBARGO CR","caltopo_name":"FSR 640 - EMBARGO CR"}},{"type":"Feature","geometry":{"type":"LineString","coordinates":[[-106.63353021318756,37.678022384426534],[-106.63384036134433,37.67888974852845],[-106.63409750246845,37.67955062260481],[-106.63444758856835,37.67977025361319],[-106.63492356176116,37.6806299737034],[-106.63540430990881,37.68103422372937],[-106.63585038102495,37.68120397972461],[-106.63598200911147,37.681768590795464],[-106.63594645916528,37.68237636788307],[-106.63609750224676,37.68284934993982],[-106.63634520935014,37.68332647399092],[-106.63646928442232,37.68376640004475],[-106.63716941062606,37.684243953066904],[-106.6375435267498,37.684645748099356],[-106.6375188167926,37.68512116916766],[-106.63783233893597,37.685848270249636],[-106.63815875206915,37.686447298312814],[-106.63854676022059,37.687091033378316],[-106.63905675441528,37.68789437045842],[-106.63909804851929,37.688828452586876],[-106.63986675779998,37.68991377168995],[-106.64052511302546,37.690696463757554],[-106.64064351011115,37.69128167583215],[-106.64106591626728,37.6918960708913],[-106.64144281740653,37.692444268944065],[-106.64140735645526,37.69300108902449],[-106.64123121151894,37.69401217317774],[-106.64129216461353,37.694809856285765],[-106.64161403276441,37.69559205337491],[-106.64213169097862,37.696570635479034],[-106.64275466923235,37.69770772759867],[-106.64299923938259,37.69865258071554],[-106.6432124235136,37.69947615781745],[-106.64368794268795,37.70015393588207],[-106.64493306507065,37.70120255894932],[-106.64587087435886,37.70199233799994],[-106.64619514246144,37.702294232021444],[-106.64642811154121,37.70257037204528],[-106.64647664756659,37.70271389306228],[-106.64648342559924,37.7030202201048],[-106.6464613897016,37.70407498025421],[-106.64643673973924,37.70449891631528],[-106.64632455977232,37.70506826540241],[-106.64619944379514,37.7055656944802],[-106.64607073880076,37.70590095053552],[-106.64600887781553,37.70618119957883],[-106.6460375368493,37.70645117161489],[-106.6461141369056,37.70683763566416],[-106.64610678292233,37.70701798568994],[-106.64597847392983,37.70737126174773],[-106.64560645591023,37.70798929885832],[-106.64505458985836,37.70868194499094],[-106.64485783184892,37.70901814905075],[-106.64466047383664,37.70932732510685],[-106.6444704728076,37.7094561491371],[-106.64412191274454,37.70959619817912],[-106.64384198069945,37.709762316220385],[-106.64377552969212,37.70983534223491],[-106.64358910768038,37.710126338287736],[-106.64335872666538,37.7104810343523],[-106.64324969766157,37.71068082738731],[-106.64324202066781,37.71075946039881],[-106.64323119467672,37.71087034541509],[-106.64329445572096,37.71116688245264],[-106.64352983081223,37.71155113349144],[-106.64395759594406,37.71191468551497],[-106.64433661504955,37.71212569652021],[-106.64460144112628,37.71230225052798],[-106.6449261502308,37.712622174552],[-106.64511458030441,37.71293497858376],[-106.64543751945263,37.71368752166861],[-106.64566256954626,37.71411697471437],[-106.64575768458737,37.71431391973591],[-106.6457503306041,37.714494269761694],[-106.64559296662819,37.715073259853014],[-106.6454640526851,37.715913221979115],[-106.64528581276508,37.71708732115522],[-106.64524385182378,37.717754823251596],[-106.64521143787626,37.71834108133592],[-106.64526102190275,37.718493383354044]]},"properties":{"id":"610","name":"ALDER","field_id":"610","forestname":"Rio Grande National Forest","districtname":"Divide Ranger District","seasonal":"seasonal","passengervehicle":"open","highclearancevehicle":"open","mvum_symbol_name":"Roads open to all Vehicles, Seasonal","title":"FSR 610 - ALDER","label":"FSR 610 - ALDER","description":"FSR 610 - ALDER","caltopo_name":"FSR 610 - ALDER"}},{"type":"Feature","geometry":{"type":"LineString","coordinates":[[-106.6935522056313,37.80678469160599],[-106.69340195660229,37.80682637862146],[-106.69315329755075,37.8068608776424],[-106.692983552521,37.80693753566403],[-106.69284808451275,37.80714976470243],[-106.69259174349499,37.80753072077225],[-106.69228610245497,37.80780105882976],[-106.69196444440628,37.80802153388137],[-106.69175006037945,37.808223139923406],[-106.69164674638272,37.80847820096573],[-106.691409710363,37.80879811402577],[-106.69150691642565,37.80919849307543],[-106.69164854349985,37.809615701124585],[-106.69193986358727,37.8098386071369],[-106.69226635367717,37.810009308139676],[-106.69245200973249,37.81014777214706],[-106.69254452076699,37.81028409716012],[-106.69286264288183,37.81071623720002],[-106.69313953900017,37.81127124625968],[-106.69330438808484,37.81174052431458],[-106.69360250420428,37.812260290367995],[-106.69365809826849,37.81276607643511],[-106.69375931434996,37.81334107950892],[-106.69375258837944,37.81364314355155],[-106.69368668638401,37.81382963458189],[-106.69364060941191,37.81420138363682],[-106.69348027641936,37.81462028870574],[-106.69329094341715,37.81500731577203],[-106.69310240741868,37.815429269843165],[-106.6930011224358,37.815815031903625],[-106.69288632446361,37.816333605983516],[-106.69287426747684,37.81648839900591],[-106.69275731347359,37.81670942704435],[-106.69250099043339,37.81687103508347],[-106.69240235442372,37.816989963106465],[-106.69231775341015,37.81704065711901],[-106.6920868793798,37.81724311516226],[-106.69186874334075,37.81733359118897],[-106.69151733326694,37.81737357621726],[-106.6912799722362,37.81758660726234],[-106.69084409415993,37.81778501931827],[-106.69058272611494,37.817911050352734],[-106.69014660301721,37.81790059837948],[-106.68974671991836,37.81780119539139],[-106.68926555580899,37.81777472641879],[-106.68880775270149,37.817716125440214],[-106.68794941650546,37.817659749487746],[-106.68716953332796,37.817614707531824],[-106.68659267220426,37.81765537057477],[-106.68609631809676,37.817680322610364],[-106.68577022204347,37.81786501865721],[-106.68539051596561,37.81792641069035],[-106.68499991986141,37.81775472069158],[-106.6846545067903,37.81780841872139],[-106.6842058246972,37.81787011775899],[-106.68398852464611,37.8178418717691],[-106.68380046060282,37.817826337779074],[-106.6835890465609,37.817874106799394],[-106.68337872152672,37.81799535382993],[-106.68320719350903,37.81819372186876],[-106.68304549949457,37.81840187190829],[-106.68284564347368,37.81863004195304],[-106.68256512944116,37.81891949401164],[-106.68234321741438,37.81913757805649],[-106.68209363538752,37.81941466211135],[-106.68190302735687,37.81952779513942],[-106.68169985232636,37.81966906117231],[-106.68152668629003,37.81968945018634],[-106.68125614022337,37.819624424194764],[-106.68096472914769,37.8195165261985],[-106.68068810907361,37.819392537199015],[-106.68044087100748,37.819282170199564],[-106.68025757195852,37.81920133220013],[-106.67991046185948,37.818986206192484],[-106.67979026781855,37.81884665118072],[-106.67965918977944,37.81874862017548],[-106.67951642174283,37.81870033417798],[-106.6793528617009,37.81864543918088],[-106.67911685964157,37.81857726918656],[-106.67894347459385,37.818486747185126],[-106.67868741553035,37.818420918192466],[-106.67842064947368,37.81844524121309],[-106.67806052340161,37.818520792246915],[-106.6776503823318,37.81872693330226],[-106.67738366328999,37.818895262342984],[-106.67713761025328,37.81906937638321],[-106.67695703822537,37.81918709341137],[-106.67680798620225,37.81928426243453],[-106.67662656016242,37.819287896446816],[-106.67639128010889,37.81927422046007],[-106.67611327805425,37.8193425584876],[-106.67595343803,37.81945213551322],[-106.67581098000674,37.819532850533726],[-106.67527829788571,37.81950466256422],[-106.67494668982154,37.819595221598284],[-106.67466063976954,37.81970659163229],[-106.67458038176557,37.81984136365635],[-106.67454991177449,37.81999430467969],[-106.67455806079337,37.820160740702406],[-106.67405541871261,37.82045915677661],[-106.67372330966286,37.82069172083056],[-106.67355299063341,37.82077293185293],[-106.67333441459564,37.8208771508816],[-106.67324814059425,37.821050060911354],[-106.67317820560083,37.82126523594594],[-106.67305643561308,37.82164757900726],[-106.67290261561959,37.8220430750725],[-106.67277090661472,37.82228008211415],[-106.67269507861906,37.822486018147806],[-106.6726839086392,37.82270627217932],[-106.6724965226175,37.822899313218414],[-106.67237078760286,37.82302884224462],[-106.6722096175844,37.82319659527851],[-106.67203529955525,37.82328925530275],[-106.67183129452162,37.82340221233171],[-106.67143542843807,37.823443599363074],[-106.67118171037629,37.82338997237197],[-106.67101507931979,37.82319919335605],[-106.67087632426895,37.823003842337684],[-106.67064766020759,37.822900373338044],[-106.6703651611318,37.82277205333831],[-106.67009438207067,37.82276158735435],[-106.66986556602134,37.82277539137106],[-106.66976634999412,37.822724788370415],[-106.66966167795586,37.82257783835666],[-106.66957927591736,37.822381093334435],[-106.66949451488149,37.822214685316666],[-106.66920661378627,37.82190880029252],[-106.66906196273968,37.82176758728211],[-106.66885203968168,37.82165610728009],[-106.66847000858688,37.821558183291096],[-106.66807917948313,37.82139141529299],[-106.66783285141383,37.82124849228894],[-106.6676837483733,37.82117586728844],[-106.66750460732463,37.82108861128778],[-106.66734846227403,37.820933044276124],[-106.66720019322597,37.82078532226506],[-106.66707324216704,37.820485116231275],[-106.66665753901614,37.81991312817815],[-106.66650107995751,37.81968043815576],[-106.66637808691341,37.8195164881408],[-106.6661325958498,37.81942696614413],[-106.66597693180452,37.81932186713945],[-106.66588308676691,37.81915866512273],[-106.66569796870411,37.818946679105046],[-106.66544958762664,37.81872843509059],[-106.66512882853065,37.81848616507742],[-106.66490550545099,37.8181924650508],[-106.66473826139136,37.81797307203091],[-106.66422006520513,37.81727840096723]]},"properties":{"id":"613","name":"WEST MIDDLE PARK","field_id":"613","forestname":"Rio Grande National Forest","districtname":"Divide Ranger District","seasonal":"seasonal","passengervehicle":"open","highclearancevehicle":"open","mvum_symbol_name":"Special Designation, Seasonal","title":"FSR 613 - WEST MIDDLE PARK","label":"FSR 613 - WEST MIDDLE PARK","description":"FSR 613 - WEST MIDDLE PARK","caltopo_name":"FSR 613 - WEST MIDDLE PARK"}},{"type":"Feature","geometry":{"type":"LineString","coordinates":[[-106.62124369726665,37.685940836326516],[-106.62115478226977,37.68616571736383],[-106.62095304525643,37.68647498542024],[-106.62094623027174,37.68664075244394],[-106.62098037629275,37.68677282146033],[-106.62105728532823,37.68695400448083],[-106.6211455173704,37.6871764485064],[-106.62106395636081,37.68726040752344],[-106.62075206329544,37.68729782954866],[-106.62039758521645,37.687294418570964],[-106.62009809416304,37.68742278860817],[-106.61989346613566,37.687599556646134],[-106.61963997711254,37.68792610070828],[-106.6194466690918,37.68814413175127],[-106.6192941420759,37.68832018278576],[-106.61928732309121,37.6884859498095],[-106.6193212871113,37.68860973782473],[-106.61943645513921,37.68863300682063],[-106.61965402818126,37.6885720317981],[-106.61985040021696,37.688494780774604],[-106.62012079727405,37.68846621575327],[-106.6205363613598,37.68840251871771],[-106.62082741942054,37.68836538269384],[-106.62101805647686,37.688503583700985],[-106.62110520851373,37.68867634171966],[-106.62096743052126,37.68905099978114],[-106.6208287885245,37.689385908837075],[-106.62062523850238,37.68961236488193],[-106.62047307148818,37.68980497991874],[-106.62053004252344,37.690027854946365],[-106.62065960057305,37.6902331649669],[-106.62080011962755,37.69046317599016],[-106.62084847366934,37.69076900603001],[-106.62088712871238,37.69110810307516],[-106.62095686776138,37.6914384901171],[-106.62094287779033,37.69175346016221],[-106.62106183683669,37.691950631182316],[-106.62132006093147,37.69231984421759],[-106.62177218309846,37.69297631628079],[-106.62226706427982,37.69368107234801],[-106.62253319436458,37.693934201366474],[-106.62286203546397,37.69419475238197],[-106.62308395452722,37.6943325183871],[-106.62330840460278,37.69458622040833],[-106.62345863965608,37.694782959426306],[-106.62359953871236,37.69502952745185],[-106.62359254872683,37.69518701247446],[-106.6233965246929,37.69528083250018],[-106.62309628463598,37.69537608553285],[-106.6229203816031,37.69543649255261],[-106.62260556252451,37.6953501295607],[-106.62226885444042,37.69525776056932],[-106.62189436935506,37.69523523859018],[-106.6213497412224,37.69511847560872],[-106.62102721215382,37.6951477616335],[-106.62082830110579,37.69510907864084],[-106.62054601603938,37.69507154065369],[-106.62034890700016,37.69511566867257],[-106.62023625298457,37.69520833669279],[-106.62020733098912,37.69531642070979],[-106.62012575997954,37.69540037872682],[-106.61996907494336,37.69538596473488],[-106.61982299191031,37.695379688743344],[-106.61969757188096,37.6953648437493],[-106.61952184584901,37.69543352777022],[-106.6194925628518,37.69552504978498],[-106.61957935888695,37.69568124580134],[-106.61974398494176,37.69586189881612],[-106.61994162600378,37.69604074882856],[-106.62003004604684,37.69627147485532],[-106.62014057210067,37.69655988288868],[-106.620155500125,37.69676676891678],[-106.62011849913873,37.6969826509495],[-106.61999076614676,37.697340603007945],[-106.61986321115575,37.69770683506754],[-106.61969216414663,37.69799082911842],[-106.6194979301215,37.69816745415568],[-106.61926020507838,37.6982618391842],[-106.61905749404795,37.69840533521732],[-106.61882016201925,37.698640646265645],[-106.61862808500469,37.69891664331668],[-106.61857275602621,37.699248748366905],[-106.61856109606653,37.69967137242701],[-106.6186726851256,37.7000086414672],[-106.61882364018244,37.70023850948975],[-106.6190993042651,37.70045009750179],[-106.61923731730734,37.70056417350894],[-106.61942386839219,37.70099235855712],[-106.61963970547434,37.70132902259051],[-106.61976964152566,37.70155089561333],[-106.61966721951151,37.701635138631715],[-106.61962985452352,37.701834459662145],[-106.61954722555751,37.70234917973972],[-106.61945345158568,37.70283091681336],[-106.61951511564389,37.70326910187094],[-106.61957479969244,37.703616193915856],[-106.61949700370143,37.70387405495701],[-106.6194986567582,37.70442903503483],[-106.61954611579564,37.70469345906893],[-106.61971738885443,37.70489819608667],[-106.61968036586808,37.70511325111925],[-106.61965306188058,37.70529586514662],[-106.61962756090193,37.705561291185525],[-106.619706650948,37.70584184821984],[-106.61984595799339,37.70598404623085],[-106.6199274960214,37.70608206223943],[-106.62007921206634,37.70619292424522],[-106.62025911111863,37.706314706250794],[-106.62059553820629,37.70644261924713],[-106.6210371013213,37.70661050324235],[-106.6213844944139,37.70676311424145],[-106.62153366746189,37.70691016725256],[-106.62162370451563,37.70724200429332],[-106.62166928554282,37.707409996313984],[-106.62162341656007,37.70767930935472],[-106.62165166260083,37.70801854840057],[-106.62150198959903,37.70832710145345],[-106.62136670761888,37.70881769553105],[-106.62127275864624,37.709291153603544],[-106.62112596865853,37.70973220367488],[-106.62110480270103,37.710196377741404],[-106.62110177673496,37.71053604678924],[-106.62110127878118,37.710991651853234],[-106.62110775681285,37.71128894389458],[-106.62106303483758,37.71162918794518],[-106.62111014387322,37.71187704797694],[-106.62120738891068,37.71203309899265],[-106.6213417999538,37.7121640790024],[-106.62143547398821,37.712297977015176],[-106.62179529910603,37.712671548044455],[-106.6220303621964,37.71304684508205],[-106.62227579828443,37.71337692711262],[-106.6225307983663,37.713625774131195],[-106.622773093439,37.71381169914171],[-106.62301059150202,37.713913514140735],[-106.6232636645713,37.71404256714262],[-106.62350486763118,37.714105513135976],[-106.62382874170594,37.71413418611918],[-106.62430199182961,37.71431818911462],[-106.62468033992735,37.71445379510932],[-106.62491311199467,37.714607975116046],[-106.62509376205053,37.71476287312619],[-106.62517179809132,37.714993738153574],[-106.62511232709255,37.715135379177234],[-106.62510516010612,37.71528458219866],[-106.62502411709924,37.71539338721911],[-106.62493192508649,37.7154692102357],[-106.62474537105047,37.71552148325501],[-106.62459979102003,37.715540057266935],[-106.62440299098257,37.71560075428813],[-106.62420583094331,37.71564489030698],[-106.62406097391643,37.71569658732355],[-106.62395799489967,37.715755991338504],[-106.62388755489594,37.71587293235942],[-106.62385001490708,37.71606397238865],[-106.62377204291514,37.716313554428666],[-106.62364212691264,37.71657213547333],[-106.6235270819342,37.71703428954557],[-106.62343259595887,37.717482904614585],[-106.62339704197974,37.71776503665645],[-106.6234653750218,37.718029170689164],[-106.62360641407118,37.718207322705084],[-106.62366587809714,37.718332677718855],[-106.6238401281548,37.71851953773389],[-106.62419822526401,37.718812022751926],[-106.62439496532576,37.71898955976421],[-106.62445031435242,37.71913112178053],[-106.62442067336049,37.71927511480264],[-106.62427707433984,37.71938478082727],[-106.62410292431576,37.719528001858514],[-106.62387755228467,37.71971334689904],[-106.62343632622027,37.72004248497356],[-106.62328320320168,37.720193698004586],[-106.62313080218667,37.720378036040266],[-106.62310386420094,37.72057721406994],[-106.62306560821261,37.72077501010015],[-106.62310265724372,37.72099969412929],[-106.62318985528067,37.72117244814793],[-106.62330917535472,37.721640217205916],[-106.62357608048444,37.722332225285875],[-106.62378276257517,37.722772876334425],[-106.62374202158034,37.72291257335666],[-106.62361239455974,37.72299262437622],[-106.62335991050051,37.72296131738802],[-106.62321782047007,37.72297197039865],[-106.62319820847642,37.72307659341461],[-106.62331258852463,37.723301115438765],[-106.62370286364433,37.72362618845931],[-106.62390594371743,37.72390166348487],[-106.62409864879086,37.724203370514836],[-106.62428945685507,37.7244181415327],[-106.6244478119139,37.72465075155519],[-106.62446655993486,37.72481570757711],[-106.62444788196528,37.72515512162592],[-106.6242884559523,37.72537471966699],[-106.62418489395694,37.72564572371168],[-106.62413567597176,37.72589858675033],[-106.62410777798866,37.72612506878385],[-106.62402553399532,37.726369690823496],[-106.62399573600291,37.726509237844986],[-106.6239676490189,37.72672702587733],[-106.62387350901848,37.72692833191163],[-106.6237242630042,37.727113004947114],[-106.62361917900144,37.727314461982125],[-106.62338274896966,37.72751772702589],[-106.62306818291363,37.72765250006496],[-106.62275380585851,37.727795966105354],[-106.62240697179799,37.727957269150245],[-106.62218167176961,37.728169075194415],[-106.62206639476808,37.72840545523504],[-106.62194299775939,37.7285884852686],[-106.62189739776647,37.728757369295245],[-106.62186058377219,37.728893707316736],[-106.62181773777885,37.72905238434176],[-106.62171305877082,37.72920150436941],[-106.62158412376091,37.72938517840349],[-106.62154451277169,37.72957703643296],[-106.6215290867896,37.729786454463316],[-106.62144949079254,37.7299888714968]]},"properties":{"id":"614","name":"BEAR","field_id":"614","forestname":"Rio Grande National Forest","districtname":"Divide Ranger District","seasonal":"seasonal","passengervehicle":"open","highclearancevehicle":"open","mvum_symbol_name":"Roads open to all Vehicles, Seasonal","title":"FSR 614 - BEAR","label":"FSR 614 - BEAR","description":"FSR 614 - BEAR","caltopo_name":"FSR 614 - BEAR"}},{"type":"Feature","geometry":{"type":"LineString","coordinates":[[-106.70165302167638,37.61280748390422],[-106.70183090272353,37.612884219903655],[-106.701953966749,37.612866936893326],[-106.70223069179843,37.61274922585912],[-106.70263756387743,37.61263997281774],[-106.70314860198044,37.61253955377099],[-106.7035413010511,37.61237881172324],[-106.70395951012536,37.612197024671005],[-106.70429729217088,37.61190784660877],[-106.70461097621948,37.611701722559786],[-106.70500933728776,37.61150471050663],[-106.70556370839088,37.61131061144391],[-106.70606221449319,37.611231036400824],[-106.70624468053593,37.611254243392445],[-106.70638403957965,37.61138145440141],[-106.7064870236268,37.6116229104287],[-106.70657535366304,37.611787772446235],[-106.70672700870674,37.61188822945062],[-106.70683093772963,37.61188672644381],[-106.70700301075283,37.611739502412135],[-106.70721169477362,37.611488368363446],[-106.70764774984512,37.61124055530078],[-106.70794308889425,37.61107976425931],[-106.70833234897776,37.61105345323073],[-106.70851434101827,37.611055986219434],[-106.7090304361161,37.610893440163586],[-106.70951583724373,37.611093170160615],[-106.70970574529225,37.61115761515755],[-106.70973350330624,37.6112347481666],[-106.70956532827239,37.61126820018202],[-106.7094616362506,37.61128004119032],[-106.7090206481568,37.61131744422379],[-106.70839341603141,37.61145058528261],[-106.7078783809385,37.6116596363449],[-106.7076597809291,37.612045310413045],[-106.70762565294302,37.61225773544507],[-106.70757180598028,37.61274440651686],[-106.70736382896274,37.613026545569824],[-106.70715530295104,37.61336740063104],[-106.7070694369531,37.61357593066581],[-106.70699716096814,37.61388339971363],[-106.70690614799643,37.61436237678672],[-106.7068887110265,37.614697855834955],[-106.706822691036,37.61493658787266],[-106.70679706306065,37.615236763916464],[-106.70661612302501,37.61528073393425],[-106.70643767497539,37.61518027593152],[-106.70621877691084,37.615021208923224],[-106.70610448286189,37.61478673589756],[-106.70594614579717,37.61449341586653],[-106.70586898074531,37.61414917882306],[-106.7057395396902,37.6138874287946],[-106.70568899265662,37.6136658907667],[-106.70553262459143,37.6133631767342],[-106.70532464254516,37.6133610137472],[-106.70516555352478,37.61350804677801],[-106.70493063849719,37.61374921882691],[-106.70477367248668,37.61398926387068],[-106.70467398648356,37.61417678990338],[-106.70486318655752,37.61449453793589],[-106.70522848367341,37.6148407539612],[-106.70549150277408,37.61526081500337],[-106.70574755787116,37.615660299043114],[-106.70583306592339,37.61598988208393],[-106.70587345696732,37.616335624129874],[-106.70589778799405,37.616547204158024],[-106.7058736380117,37.61677461719152],[-106.7060056380735,37.6170971572284],[-106.70637908621745,37.61770327928964],[-106.7062837712059,37.61779770230902],[-106.70615183916802,37.61771173630536],[-106.70580010802898,37.617106874242914],[-106.70567101397552,37.616860626216585],[-106.70560428492432,37.616499757170146],[-106.7053971238531,37.61624946814824],[-106.70523484181798,37.61625698315969],[-106.70517082680806,37.61629926016974],[-106.70518039182377,37.616433518187996],[-106.70545900891065,37.616682774205195],[-106.70555491195367,37.616898488229324],[-106.70561868899118,37.61713017325781],[-106.70565872703345,37.61746041330163],[-106.70575994707245,37.617624360318125],[-106.70577057609304,37.617805123342855],[-106.70580789812271,37.618016514370154],[-106.70581781914001,37.61816627339055],[-106.70578191214571,37.618301188411785],[-106.70582769519932,37.61873098546925],[-106.70596855425217,37.618945256490356],[-106.70609479328719,37.61901553049213],[-106.70626529632743,37.61904010248465],[-106.70647499837548,37.61905618447349],[-106.70664082939837,37.61891939044366],[-106.7067999414088,37.6186742623991],[-106.70700106843313,37.618474809358226],[-106.70720327445255,37.618223768310024],[-106.70733780247376,37.618139116289534],[-106.7075793425321,37.61818731028084],[-106.70778249658463,37.618261906278306],[-106.70799025562977,37.618253729263884],[-106.7082673436808,37.61815150523183],[-106.7084923447198,37.61804486520243],[-106.70863946573014,37.61782513416215],[-106.70876960573328,37.61757090111815],[-106.70880271872429,37.617409746093415],[-106.70902051075859,37.61727219606012],[-106.70934460382674,37.617236486034415],[-106.70967212991076,37.61735062802947],[-106.7100160880101,37.61757989503968],[-106.71052988514128,37.617752704031055],[-106.71103629428815,37.61809684604702],[-106.71170538648904,37.61861888307751],[-106.71220358064777,37.61909833511296],[-106.71235680968087,37.61908984210196],[-106.71257225273294,37.619133236094264],[-106.71271694777255,37.61920867209562],[-106.71298848582656,37.61914786906972],[-106.71334636990785,37.61916851704969],[-106.71363033499067,37.61936598605924],[-106.71404179211665,37.61971155108148],[-106.71442032821037,37.619809384070976],[-106.71471550928781,37.61992915106893],[-106.71499508835034,37.6199354240519],[-106.71531435642471,37.61997213503665],[-106.71557741449664,37.620107873038855],[-106.71569886154322,37.6203025310584],[-106.71552633151884,37.620439411088675],[-106.7151947614439,37.62042358010768],[-106.71469181332127,37.62031200412415],[-106.71429163922447,37.620230643138356],[-106.71385875711839,37.620128783151735],[-106.71338685500926,37.62008285017551],[-106.71308861694628,37.62011302719882],[-106.71246120182036,37.6202410252569],[-106.71187051069259,37.62027027429882],[-106.71187902070335,37.62035802431058],[-106.71219179377626,37.620394837295756],[-106.71277598990267,37.62036568025431],[-106.71311296897309,37.62032460422698],[-106.71337555004287,37.620439678226354],[-106.71359289510367,37.62056574823011],[-106.71402109122398,37.620817979238105],[-106.7146065093846,37.62112478424376],[-106.71492851947569,37.621320913250656],[-106.71528336457013,37.621477987250024],[-106.71560714566259,37.62168399925826],[-106.7161621138254,37.62207911227821],[-106.71684749401895,37.62249300129248],[-106.71755260821791,37.62291693630688],[-106.7181231353795,37.62326622231936],[-106.71835505845421,37.623497167336936],[-106.71862951253362,37.62368177734531],[-106.71877398457218,37.623746869345204],[-106.71894349161207,37.62377024533764],[-106.71919906166526,37.62373722731664],[-106.71932131567107,37.62352696227928],[-106.71933168966184,37.62341309226269],[-106.71936155265693,37.62329893824472],[-106.71958064969726,37.62321820921938],[-106.71969758872292,37.623216504211676],[-106.71996816177966,37.623185279189926],[-106.72050155686414,37.622853287109216],[-106.7209584009452,37.62265536905216],[-106.72153796205014,37.62242464298271],[-106.7219873491254,37.6221854779204],[-106.72219910916046,37.62206866689044],[-106.72233625119377,37.62209767988576],[-106.72238348422313,37.62228487090896],[-106.7224585042706,37.62259020794707],[-106.72234126427377,37.62287813099496],[-106.72214249624163,37.62299475202407],[-106.72198139421197,37.62305396304269],[-106.72180676320542,37.62337182409847],[-106.7215530991769,37.62364431515293],[-106.72146536517168,37.623785159178354],[-106.7214602981769,37.62384726218741],[-106.72151984119466,37.62389291518998],[-106.72163076022113,37.623911971185535],[-106.7218830542719,37.62386176816235],[-106.72218684533192,37.62379013613289],[-106.72240075637679,37.62376633711584],[-106.72267492544283,37.62381919310568],[-106.7229386065175,37.623980750111485],[-106.72318285255972,37.62386346407942],[-106.7233583345897,37.62377572805586],[-106.72348872260079,37.62360054402294],[-106.72375334362292,37.62324001395537],[-106.72420927768377,37.62284403387066],[-106.72455208472263,37.622478525797405],[-106.72528432183606,37.62199774068302],[-106.72560729586343,37.62156186960118],[-106.72585002588855,37.62127893354593],[-106.7259566248828,37.62098897649845],[-106.72602799486384,37.62064545944564],[-106.72615703786215,37.62034616139536],[-106.72653275090371,37.61993511231363],[-106.72686504094395,37.61960580124618],[-106.72729509598742,37.6190948181469],[-106.72762716002671,37.61875649507816],[-106.72801717803493,37.61798473494486],[-106.72836709905717,37.61743886284587],[-106.72860160809414,37.617291236810146],[-106.72939969524313,37.617018188720756],[-106.7297577323027,37.61682367867051],[-106.73007950334423,37.616530570608795],[-106.73033561438137,37.616337553565295],[-106.73087318947312,37.61606831649312],[-106.73137888256691,37.61588965943569],[-106.73232689676072,37.61573156135286],[-106.73284410785796,37.615561741295934],[-106.73332859495356,37.615446484248764],[-106.73436867017392,37.615350104168684],[-106.73486594427865,37.61529773012951],[-106.73520550635233,37.61528373310584],[-106.73572983048216,37.615420218091415],[-106.73615391159723,37.615630285093786],[-106.7364622106759,37.61573389708864],[-106.73688210377183,37.61576377406593],[-106.73744670388864,37.61568337001852],[-106.73816052304637,37.61568166897263],[-106.73922712428988,37.615756289914884],[-106.74012268849029,37.615779150860774],[-106.74054342259006,37.615845043843095],[-106.74099686269153,37.61585638681565],[-106.74122253773743,37.615817005795726],[-106.74154697979142,37.61564098975024],[-106.741760697832,37.61557474772728],[-106.74213339490933,37.61552418269634],[-106.74226635992576,37.615396053669855],[-106.74249578793975,37.61503216860409],[-106.7428095289941,37.61488333556317],[-106.74340662011161,37.614739335504716],[-106.74361649615494,37.61470831748692]]},"properties":{"id":"433","name":"DECKER CR","field_id":"433","forestname":"Rio Grande National Forest","districtname":"Divide Ranger District","seasonal":"seasonal","passengervehicle":"open","highclearancevehicle":"open","mvum_symbol_name":"Roads open to all Vehicles, Seasonal","title":"FSR 433 - DECKER CR","label":"FSR 433 - DECKER CR","description":"FSR 433 - DECKER CR","caltopo_name":"FSR 433 - DECKER CR"}},{"type":"Feature","geometry":{"type":"LineString","coordinates":[[-106.51710293893831,37.791906198899994],[-106.51712945690642,37.79153634784641],[-106.51718230988625,37.79122421979916],[-106.51720503685469,37.79086624574744],[-106.5172622648049,37.790254881657916],[-106.51728148179163,37.790083397632586],[-106.51726625876893,37.789894332607034],[-106.51723858773794,37.789651353574705],[-106.51717721370133,37.789426833547104],[-106.51715192668283,37.78930098453109],[-106.5171605276709,37.78916568751155],[-106.51723723767407,37.78902951348746],[-106.51751462270313,37.78871051442481],[-106.51756899370315,37.78859265240479],[-106.51760011669526,37.78844805238248],[-106.51757679463022,37.78786254430175],[-106.51750806055517,37.78727762222406],[-106.51750272752729,37.78701633018771],[-106.51750910550379,37.7867729211531],[-106.51749334147824,37.7865568261238],[-106.51751199246205,37.786358312094684],[-106.51753611241766,37.78587133002478],[-106.51752053239301,37.785664244996696],[-106.51744817635587,37.785457890972374],[-106.51737730632637,37.785323616958074],[-106.51726101428682,37.78518992894678],[-106.5170537272263,37.78504839894023],[-106.51683599816808,37.78495206594075],[-106.51655053209666,37.784874629948234],[-106.51601438496527,37.784755347966026],[-106.51572854089193,37.78465988897101],[-106.51554433183833,37.78453608496549],[-106.51529070676295,37.78435008595567],[-106.51516344672285,37.78423456194762],[-106.5148032476018,37.78383363391455],[-106.51460603353699,37.783628883898466],[-106.51440881047223,37.78342413288244],[-106.51427916241965,37.783191475858075],[-106.51418320537263,37.78294036082902],[-106.51411196534127,37.7827880658122],[-106.51392662722472,37.78205142672064],[-106.5139004302015,37.78188052769833],[-106.5138528261799,37.78177298968633],[-106.51357358208408,37.78144311765795],[-106.5134915440531,37.78131799664567],[-106.51341976701882,37.78113867062507],[-106.513368477978,37.78085093058799],[-106.51330548093279,37.7805453165491],[-106.51322180189311,37.78033910552555],[-106.5129264387698,37.77977512446532],[-106.51266954267712,37.77942693743296],[-106.5123183575461,37.77890872438275],[-106.51215106849597,37.778781968375704],[-106.51186184941253,37.77859491536806],[-106.51134615327297,37.778351154366966],[-106.51108697219621,37.77816371535732],[-106.51096489015947,37.77806990035204],[-106.51083414812783,37.77804471535689],[-106.51079086811733,37.77803637835851],[-106.51063669009788,37.77818141438879],[-106.51053447908988,37.778325797415675],[-106.510296139047,37.77842423444479],[-106.50998125497979,37.778452116469026],[-106.50974218693305,37.77851479449321],[-106.50944256187044,37.77855440151804],[-106.50920228081733,37.77855748053392],[-106.50883178472144,37.77842485853917],[-106.50849798464078,37.77836215355183],[-106.5080439875516,37.77847693159713],[-106.50763827146065,37.7784702016223],[-106.50724708737056,37.77843943864316],[-106.50706154233603,37.778505585664384],[-106.50708095834456,37.77854687766897],[-106.50710813335651,37.778604666675335],[-106.50726207640447,37.77873916468428],[-106.50737618544416,37.77887892869662],[-106.50754501149973,37.779055609710554],[-106.50782819257319,37.779158370706746],[-106.50816155467386,37.77941825872181],[-106.50827131472131,37.77964412074646],[-106.50832542375535,37.77985936677325],[-106.50838477379499,37.78011788580574],[-106.50848927384939,37.78042343084195],[-106.50852400088665,37.780712384880296],[-106.5085066529019,37.78089907490766],[-106.50854051193217,37.78112184393677],[-106.50858957096163,37.781303626959094],[-106.5086607209928,37.78145379197565],[-106.50873736802521,37.781603993991816],[-106.50884948806454,37.7817451620044],[-106.50890730310697,37.78203468504139],[-106.5089755811553,37.782359043082565],[-106.50908745020324,37.78258442610701],[-106.5091089632334,37.782832980140526],[-106.50928265131445,37.783248051187655],[-106.50942841639335,37.78370296424217],[-106.50954909944016,37.78389871826186],[-106.50972300850741,37.78417820028996],[-106.51004057761405,37.784530689319],[-106.51020256768433,37.784866011355696],[-106.51030827874163,37.78519682839536],[-106.51039312578165,37.78540375641892],[-106.5104516418109,37.78556256243744],[-106.51044631783235,37.78578411146892],[-106.51041208584516,37.78598359049914],[-106.51034513585472,37.786223142537125],[-106.51021729085402,37.786494299583424],[-106.51011502085899,37.78676562262812],[-106.50999332185255,37.78696722366427],[-106.5099064188576,37.787205760703344],[-106.50968910284077,37.787513607760545],[-106.50936629980085,37.78782546582516],[-106.50931410179636,37.7878950078383],[-106.50927005080582,37.78808312086755],[-106.5091798828,37.78822273389292],[-106.50898981276906,37.78833329992074],[-106.50873883172603,37.78845861595448],[-106.50853667269406,37.788585170985286],[-106.50799090160626,37.788913867066576],[-106.50793993860869,37.789048174088705],[-106.50787896060467,37.78914177310576],[-106.50778435858899,37.78919415711922],[-106.50766787656617,37.78922441513094],[-106.50739821551814,37.78934110816475],[-106.50721639149026,37.789463714193666],[-106.50698194145565,37.78963503023281],[-106.5068433724361,37.789745340257234],[-106.50654181739634,37.790012423314145],[-106.50633761736462,37.790146211346055],[-106.50599956030076,37.79025728538345],[-106.50574289125119,37.79033066541027],[-106.50549931820385,37.79039742443533],[-106.50526089215401,37.79042854545506],[-106.50508161312064,37.79049217547553],[-106.50475514006907,37.79069750352539],[-106.50452009104212,37.79094556357534],[-106.5042857550177,37.79121655862855],[-106.50401625498827,37.791514905687755],[-106.5038231059672,37.791728730730235],[-106.50369922295364,37.79186586875747],[-106.50357150094219,37.792031606789],[-106.50318658990713,37.792525741883175],[-106.50303483989032,37.79269115491618],[-106.50288028386984,37.79282743894527],[-106.50262963084208,37.79310083899978],[-106.50247280682584,37.79328334003555],[-106.50239517782398,37.79343400006167],[-106.50221648582655,37.79384790413134],[-106.50184097378508,37.79425915321325],[-106.50121686870442,37.794827439333275],[-106.50113044269081,37.794882269346495],[-106.50093799266051,37.79500436237605]]},"properties":{"id":"644","name":"SIETZ","field_id":"644","forestname":"Rio Grande National Forest","districtname":"Divide Ranger District","seasonal":"seasonal","passengervehicle":"open","highclearancevehicle":"open","mvum_symbol_name":"Roads open to all Vehicles, Seasonal","title":"FSR 644 - SIETZ","label":"FSR 644 - SIETZ","description":"FSR 644 - SIETZ","caltopo_name":"FSR 644 - SIETZ"}},{"type":"Feature","geometry":{"type":"LineString","coordinates":[[-106.58060689227118,37.695995474345395],[-106.58075035930634,37.69602758834074],[-106.58087207433685,37.696062325337785],[-106.5809583593571,37.696073017333745],[-106.58105571638549,37.69613965133686],[-106.58140822047471,37.69624797232951],[-106.5816821085369,37.69626169031387],[-106.58189090658738,37.696302368306185],[-106.58224064066276,37.69628028228065],[-106.58248170671772,37.696294439267184],[-106.58278006379768,37.696429570267036],[-106.58304412186297,37.696495592259375],[-106.58332593993426,37.696581259253364],[-106.58366401803416,37.696826411266116],[-106.58417266117203,37.69707176226796],[-106.58472434931981,37.697321407267665],[-106.58513911543774,37.69757603927684],[-106.58539851551774,37.69779661729125],[-106.58549258254882,37.69789753129936],[-106.58592879868229,37.698258043322035],[-106.58603060372621,37.69846807034506],[-106.58621838177872,37.69857475134798],[-106.58649283384372,37.69861453833597],[-106.58672537690826,37.698741849338965],[-106.58697442100292,37.6991298173775],[-106.58703524404552,37.699415966413774],[-106.58702949406899,37.6996595314484],[-106.58717333512847,37.699930756477265],[-106.5873441901782,37.700046614482616],[-106.58769303828718,37.70035734850386],[-106.58809697139121,37.70049910449789],[-106.58835029145506,37.70057395449219],[-106.5885694895052,37.70058839348013],[-106.58883393757236,37.700671790474864],[-106.58910172665612,37.70091166749139],[-106.58931666773714,37.70123921852362],[-106.58962971283799,37.70154805354692],[-106.58984598491763,37.701859498576844],[-106.59011338400747,37.70215894560173],[-106.59020556104988,37.70237510362619],[-106.59057201215454,37.702604590634934],[-106.59097544526972,37.70285723664452],[-106.59111106731889,37.703044694662196],[-106.59127728237841,37.70326765468283],[-106.59127168341212,37.70361105173149],[-106.59121258142027,37.703820442764695],[-106.59117888344242,37.70411183880777],[-106.59093917940393,37.70425683984353],[-106.59079682138896,37.704420309875594],[-106.59066778639271,37.70473901092866],[-106.59062478640702,37.70497372596438],[-106.59049088740845,37.70527991901602],[-106.59022258738071,37.7055929100772],[-106.59007848237384,37.705839903121166],[-106.59007624539524,37.706055252151536],[-106.59000448040243,37.70628231618805],[-106.58982152238953,37.706555354238134],[-106.58935563039034,37.70758004541205],[-106.58925477738732,37.70777097344533],[-106.58925328541173,37.70801393347954],[-106.58925808743028,37.708186169503406],[-106.58939132447856,37.708369993520705],[-106.5895497845283,37.70851316553062],[-106.58984484161373,37.7087090375392],[-106.59022339372352,37.70896285955055],[-106.59064198185918,37.709383239582785],[-106.59093011594476,37.709595650594125],[-106.5911254159997,37.70971017659764],[-106.59132041804976,37.7097768685945],[-106.59148908508361,37.70974132557872],[-106.59159249710271,37.70970362656677],[-106.59170147811577,37.70959425854443],[-106.59177296110842,37.709365900507755],[-106.59207468516041,37.709218836467684],[-106.59241204422598,37.7091273204332],[-106.5926852362845,37.709106236412715],[-106.59298012734689,37.70907616338956],[-106.59342215044398,37.70906624235978],[-106.59370953451379,37.70912576834973],[-106.59401716759307,37.709233949345155],[-106.59441272071061,37.70952637836084],[-106.59469122880914,37.709887338393635],[-106.5949121028835,37.710136698414544],[-106.59495827992731,37.710466860457906],[-106.59527897601399,37.71061904745873],[-106.59560023110338,37.71079731546317],[-106.59585489917372,37.710933003465875],[-106.59627520428762,37.711136015467396],[-106.59743093360584,37.711742894478405],[-106.59775177669218,37.71189175747871],[-106.59807183477467,37.71200458047406],[-106.59844841886877,37.71210763246433],[-106.5986769739274,37.71218564546062],[-106.59889420098357,37.71226381045766],[-106.59902050401875,37.712334206459445],[-106.5990906820443,37.71243239146868],[-106.59931520011867,37.7126739344882],[-106.59934899414574,37.71286592751297],[-106.59942558318413,37.71307599353759],[-106.59966969625384,37.713229207543456],[-106.60002361634959,37.713398323544475],[-106.60019099840333,37.713561264556596],[-106.60041071247866,37.71382281557921],[-106.60052138952591,37.71404570460338],[-106.60064961658064,37.71430390963144],[-106.60078318564186,37.71461414266643],[-106.60089159268925,37.7148437396917],[-106.60092744771526,37.71502109571429],[-106.6010312677464,37.715100797718804],[-106.60110272677858,37.71526089773671],[-106.60106402478955,37.71545359576628],[-106.60115705383049,37.71565279578828],[-106.60144421290165,37.71572607378014],[-106.60161292892874,37.71562418775496],[-106.60190364897737,37.71546780971435],[-106.6022008600305,37.71534216567763],[-106.60245438008587,37.71533340166009],[-106.60260786112376,37.71537111465553],[-106.60270993515577,37.71546279766183],[-106.60275637318551,37.71565407768575],[-106.6030307432691,37.71587729769947],[-106.60320244632328,37.71603498671058],[-106.6033085483799,37.71636037074946],[-106.60354745146574,37.716682785779355],[-106.60367159350986,37.71684548379429],[-106.60393338259206,37.71708267981072],[-106.60421177767196,37.71726064481786],[-106.60442155373673,37.71743954382949],[-106.6046304677833,37.717441674816406],[-106.60487665882594,37.71732429778409],[-106.60491359280348,37.717022697739374],[-106.60502796879871,37.71672637969044],[-106.60513886980196,37.71651669165391],[-106.60524466981697,37.71643339063539],[-106.60538827383671,37.71631389460937],[-106.6056683358845,37.71617297257162],[-106.60611439297044,37.716045151525],[-106.60638816903167,37.71605011650815],[-106.60655277409141,37.71627810152956],[-106.60663857712909,37.716461389549806],[-106.60673778316693,37.71661699756528],[-106.60676138519172,37.71680888459067],[-106.60681107022074,37.71698568261235],[-106.60695957227186,37.717164105627816],[-106.60700654129724,37.717311297645516],[-106.60708751132455,37.71740316965319],[-106.6072182893444,37.71731278563208],[-106.60730616035238,37.71719944561053],[-106.60744994537274,37.71708636158547],[-106.60768659541235,37.716959790552494],[-106.60796968947237,37.71693228853042],[-106.6083588995718,37.717060290523385],[-106.60848276760862,37.71715214952835],[-106.60862939965527,37.71729085053843],[-106.60871340670879,37.717633672581144],[-106.60859193470237,37.71783526161722],[-106.60845724968466,37.7179552346427],[-106.60852012272534,37.71821790967559],[-106.60849199674517,37.71847368471327],[-106.6084627377555,37.71863930773839],[-106.6086736808162,37.71877556374399],[-106.60878467585859,37.71895012776137],[-106.60870268786516,37.71919325780076],[-106.60850966885873,37.71955121586341],[-106.60830919885068,37.71990886092651],[-106.60824417485644,37.72010708495848],[-106.60816714687265,37.720434422009376],[-106.6082206909193,37.72077562205384],[-106.60835253498529,37.72113654909602],[-106.60858894606841,37.7214376821231],[-106.60899170519846,37.721837415153345],[-106.60938115431438,37.72212776116912],[-106.60943440134241,37.72228653618799],[-106.60948114637706,37.722525556218514],[-106.60959194042171,37.722722100238975],[-106.60989333149621,37.72279720323019],[-106.60999827553039,37.722904270238466],[-106.6101658945873,37.723097721254824],[-106.61051564968105,37.72325634625465],[-106.61100040180717,37.723438964249134],[-106.61116974685454,37.723534885251695],[-106.61124195589007,37.723726592273955],[-106.61127878093266,37.724064631319024],[-106.61128967097409,37.72444783537211],[-106.61127381300506,37.724786288420674],[-106.6112505540223,37.725006265453025],[-106.61133415206933,37.7252857604869],[-106.61159637715923,37.7255975195138],[-106.61188827023587,37.72571424751139],[-106.61214058029249,37.72572033449607],[-106.61246691337713,37.72584069449198],[-106.61286521947265,37.7259107224762],[-106.6132179155718,37.726115734482356],[-106.61340008163056,37.7262959534959],[-106.61347058465651,37.72639715250559],[-106.61358153270322,37.72661417652892],[-106.6137098197459,37.726753797540276],[-106.61404014083672,37.72692552054314],[-106.61451461196721,37.72717346954742],[-106.61487490807347,37.727432074560554],[-106.61541940622594,37.72774266956918],[-106.615882058352,37.72797260557169],[-106.616570515514,37.728063130540185],[-106.61702923962972,37.7281999415299],[-106.61716889567408,37.72833166853941],[-106.61735229373006,37.72848176254866],[-106.61745691576225,37.72857005455433],[-106.61767872181271,37.72858220254177],[-106.61785651884122,37.72847484251531],[-106.61806019488417,37.72845296949914],[-106.61829016494364,37.728535655495996],[-106.61854642901955,37.72872289850577],[-106.61855037303889,37.728904069530934],[-106.6187938031081,37.729053337536214],[-106.6188122451423,37.729348766576486],[-106.61911075925671,37.72982157262364],[-106.61925607329452,37.72987680562207],[-106.61943677933732,37.72990293661415],[-106.6194759123605,37.730045471631584],[-106.61934779635072,37.730228456665536],[-106.61904042630528,37.730452056716615],[-106.6189472882984,37.730586870741554],[-106.6188963953299,37.73100724680376],[-106.6188177543379,37.7312563198438],[-106.61851390730976,37.731642018917434],[-106.61840069931688,37.731958331969075],[-106.61827569132237,37.73228434602284],[-106.61802979229732,37.73257386607929],[-106.61800908030817,37.73272580710195],[-106.6178681212917,37.73287081413132],[-106.61762076525949,37.73309358717849],[-106.61740157025297,37.73350673525054],[-106.61726683226702,37.73393780131966],[-106.61728381829408,37.734166483350656],[-106.61720558230407,37.73443462539334],[-106.61712423529879,37.7345597364161],[-106.616828639255,37.73477363246511],[-106.61665144622953,37.734909596495555],[-106.61648626020671,37.735045396525244],[-106.6164171242051,37.73517987954856],[-106.61641940521629,37.73528476756313],[-106.61656740226199,37.73541111157137],[-106.6168073463193,37.73545113156153],[-106.61701065141662,37.73596340162033],[-106.61708022647669,37.73640120267724],[-106.61702353853616,37.73710780178002],[-106.61739100365122,37.737436593802535],[-106.61750508270453,37.73771163483379],[-106.61761812475281,37.73793899785844]]},"properties":{"id":"616","name":"SHEARING","field_id":"616","forestname":"Rio Grande National Forest","districtname":"Divide Ranger District","seasonal":"seasonal","passengervehicle":"open","highclearancevehicle":"open","mvum_symbol_name":"Roads open to all Vehicles, Seasonal","title":"FSR 616 - SHEARING","label":"FSR 616 - SHEARING","description":"FSR 616 - SHEARING","caltopo_name":"FSR 616 - SHEARING"}},{"type":"Feature","geometry":{"type":"LineString","coordinates":[[-106.49332716400413,37.70704860949672],[-106.4933390980088,37.70706874249875],[-106.49348058707275,37.70738886853476],[-106.49367393613734,37.707601031552244],[-106.49381384819291,37.707842485577274],[-106.49384366921846,37.708028295601515],[-106.49393063126307,37.70827738363098],[-106.49399723729597,37.70845538265181],[-106.4941095703426,37.70866857167463],[-106.49406305635277,37.708870738706075],[-106.49405049237102,37.70907755173598],[-106.49412768640879,37.70928070675964],[-106.49423562146167,37.70956476779272],[-106.49435638650726,37.70974923481094],[-106.49461036959103,37.71001793583247],[-106.49487913170529,37.71055472389084],[-106.49509489379707,37.71098565293767],[-106.49533641089977,37.711468010990075],[-106.49556382900742,37.71203027105464],[-106.49585838110525,37.71234845208056],[-106.49628185024609,37.71280807011808],[-106.49664593835944,37.71312640313952],[-106.4969826014846,37.71362185218771],[-106.4973322626001,37.71399298321754],[-106.49767940770225,37.71423895322987],[-106.49784549075933,37.71443714724712],[-106.49812234485469,37.714769854276184],[-106.49838047694227,37.715067030301476],[-106.49861217602692,37.71539315633252],[-106.49879497308117,37.71552675333959],[-106.49909567416577,37.71570177234492],[-106.49935805823031,37.71576281833668],[-106.49965530129678,37.71576619131811],[-106.49995297636549,37.715791018302504],[-106.50025166143948,37.71586590829391],[-106.50048588349199,37.71587008027946],[-106.5008580365895,37.71601557127608],[-106.50123518869273,37.716206142278665],[-106.5015976407919,37.71638928328122],[-106.50202323790839,37.71660432928419],[-106.50240472601281,37.71679708428684],[-106.50279561611812,37.71697809828721],[-106.50302329518149,37.717103962290345],[-106.50318025123582,37.717295111307166],[-106.5031928672568,37.717473793331536],[-106.50318906828213,37.717731376368015],[-106.50318483430524,37.71796750340151],[-106.50306326930088,37.71819081844071],[-106.50284107726628,37.71833672647553],[-106.50269055124578,37.71846383550309],[-106.50247514824687,37.718945880584684],[-106.50237230825037,37.71920472562773],[-106.50237563026784,37.71936921965065],[-106.50229777826662,37.71952759267798],[-106.50195805524896,37.720097066779886],[-106.5017307502329,37.72043618784221],[-106.50157475122901,37.72073863189478],[-106.50149078024097,37.721040156942585],[-106.5014688172625,37.72130008998058],[-106.50163054934102,37.721717980029],[-106.50177894039561,37.721930701049374],[-106.501982656469,37.72220710107521],[-106.50229225055487,37.722374844078985],[-106.5024734836008,37.72242976407505],[-106.5025948666494,37.72264282809728],[-106.50280744672406,37.722911960121465],[-106.50305589780592,37.723173479142325],[-106.50327231190063,37.72363213319297],[-106.5034710829933,37.72410889724733],[-106.5035123040286,37.72436590528085],[-106.50354481106346,37.724637331316956],[-106.5036844991176,37.72486446933997],[-106.50370568913834,37.725021580360675],[-106.50364671114565,37.725222636392765],[-106.50353327213874,37.725402926425424],[-106.50338425012623,37.72560513146343],[-106.50324662113519,37.72599450252702],[-106.50317777914762,37.726266824569755],[-106.50307278116654,37.72668216063495],[-106.50303017721458,37.727247847717265],[-106.50312119228492,37.727740292780666],[-106.50323741535176,37.728142994829895],[-106.50336112441256,37.728470487868016],[-106.5034995184599,37.72863325888204],[-106.50354815748886,37.72881148090399],[-106.503614659521,37.728982320923755],[-106.50371037556299,37.72918606294629],[-106.5038207166066,37.72937314596553],[-106.50379691361371,37.72949535298425],[-106.5037913526336,37.729702591013734],[-106.50366105562883,37.72994032605553],[-106.50355632662237,37.73010619808562],[-106.50347351064049,37.7304649401414],[-106.50340682265268,37.730730477182995],[-106.50309091466079,37.73150038631163],[-106.50287728467346,37.73209179340854],[-106.50269802469039,37.73264955749851],[-106.50266973872311,37.73303264155419],[-106.50243585271797,37.73349346063404],[-106.50207926065735,37.73367684868272],[-106.50171525060311,37.73393901974299],[-106.50144942856623,37.73415701879069],[-106.50136356556833,37.734365569825556],[-106.5011715165565,37.734668470880486],[-106.5008910015331,37.73505119095235],[-106.50069167552833,37.73544002901983],[-106.50050005451874,37.735764386077776],[-106.50028242550796,37.73613395214374],[-106.50018914051701,37.736426484190886],[-106.50004268651813,37.73675741924679],[-106.49994299053833,37.73717360331176],[-106.49976108953457,37.73753360337408],[-106.49963962853103,37.73776406741428],[-106.49958452354142,37.737986336449076],[-106.49957652856222,37.738208399480854],[-106.49950067157164,37.73846689852208],[-106.4993441945655,37.73874788357166],[-106.49924351056563,37.73896921760926],[-106.49920890257998,37.73918598064195],[-106.49905510163346,37.74004638077286],[-106.499013967644,37.740240054802726],[-106.49906188166916,37.74038251881973],[-106.49916412170778,37.74053859983511],[-106.49912414072446,37.74078948787296],[-106.49905930574657,37.741147997927555],[-106.49903704876567,37.7413843529622],[-106.49888957076145,37.741665223011154],[-106.49873164374769,37.74187468905077],[-106.49845634670653,37.74207134009612],[-106.4981451676581,37.74227559914487],[-106.4978864376133,37.74240050117904],[-106.49770861858565,37.74251722020688],[-106.49765732058815,37.742653793229344],[-106.49757480658498,37.74280277025563],[-106.49742978757136,37.742985755290654],[-106.49726054054344,37.74308090231492],[-106.49709028551018,37.74312598833222],[-106.49700137549631,37.743184347346116],[-106.49697615749987,37.743274089360355],[-106.49706532754051,37.7434786363834],[-106.4971200405761,37.74370863641224],[-106.49721630162871,37.74401502244911],[-106.49735485567683,37.74418495146415],[-106.49742164871058,37.744370098485874],[-106.49745580373862,37.74457103351195],[-106.49752965577963,37.744812255541135],[-106.49759803382169,37.74507607357385],[-106.49761280685414,37.7453620336131],[-106.49765254188766,37.74560464764467],[-106.497619681908,37.74587589768496],[-106.49759177192524,37.74610628471914],[-106.49736206589708,37.74633096876548],[-106.49711549887097,37.746613094820994],[-106.49686719983578,37.746809398864606],[-106.49636800575163,37.747073272933775],[-106.49612856671766,37.74726230897573],[-106.49569198464516,37.747503923037755],[-106.49525683758033,37.74781705410973],[-106.49499267455253,37.748120861169454],[-106.49468433851938,37.74846814923811],[-106.49442089149538,37.74880771430277],[-106.49431890447687,37.748848588315056],[-106.49412596144184,37.74892591333832],[-106.4939565534131,37.74901390636161],[-106.49371724537987,37.74921008940453],[-106.49359229735806,37.74926890242084],[-106.49321241826607,37.74919502643486],[-106.49303429722714,37.7492013374472],[-106.49283541618928,37.749264186468814],[-106.49270917216064,37.749258631476124],[-106.49249041709916,37.74913263647249],[-106.49224593403854,37.7490713484796],[-106.49194855797205,37.74906796049818],[-106.49164131389904,37.749021774511476],[-106.49124371080455,37.748962422528614],[-106.49096277073369,37.7488801335351],[-106.49069869666071,37.7487404005324],[-106.49039873958056,37.74860827453308],[-106.49018027552059,37.74849657853143],[-106.48977324042181,37.74841588054621],[-106.48953619135486,37.74827580254177],[-106.48932530428924,37.74809247252951],[-106.48910440721639,37.74785919151086],[-106.48887221212931,37.74751159447691],[-106.48870808108279,37.74741351547366],[-106.48852565203084,37.74730136146959],[-106.4884857560023,37.74710871544509],[-106.48834563894583,37.74686010541908],[-106.48819565788278,37.74656869838772],[-106.48788097777023,37.74615060334912],[-106.48743920762443,37.74568403631187],[-106.48716514254413,37.745494345302795],[-106.48669264741852,37.7452928493048],[-106.4861135062766,37.74516423332392],[-106.48576911118955,37.74506127033154],[-106.48560441914003,37.7449345803243],[-106.48510948698684,37.74451159629657],[-106.48448303582285,37.744269109302685],[-106.48375737463608,37.744020714314324],[-106.48335609252187,37.743775386305565],[-106.48308662742006,37.743363862265014],[-106.48261731326522,37.74286900822551],[-106.48242304419608,37.742613919202114],[-106.48219303612042,37.74237358518305],[-106.48193729504567,37.742197959174774],[-106.48181707600307,37.742042089160535],[-106.48182422799515,37.74194900114702],[-106.48187284697825,37.741676549105506],[-106.48180623794534,37.74149854308474],[-106.48164578789472,37.74135210507445],[-106.48156580486007,37.74118680305634],[-106.4814807568209,37.740987568033745],[-106.4814028627738,37.740695243997635],[-106.48143682975588,37.740445243960274],[-106.48135714571414,37.740209365932195],[-106.48115259763611,37.739890019900415],[-106.48096863057577,37.73969918188533],[-106.48079224550985,37.73943671085975],[-106.48055424443753,37.73924655084827],[-106.48021518633269,37.73895750782936],[-106.48017251330253,37.73875460280356],[-106.48011826427539,37.738605940786115],[-106.48004023623783,37.73840779676321],[-106.47998400620006,37.738159596731904],[-106.4799675671706,37.73790637269733],[-106.47997519115414,37.73772760267169],[-106.47998956614232,37.73758025665003],[-106.48002629213434,37.737421401625326],[-106.48005786312793,37.73728976360479],[-106.48012343612817,37.73714864758072],[-106.48021713213274,37.736989076552206],[-106.48023739912435,37.736862106533046],[-106.4802568521116,37.73669441750822],[-106.48031030910545,37.736517248479814],[-106.48036847209528,37.73629024044417],[-106.48042375006979,37.73591845038827],[-106.48047232106669,37.735782073365975],[-106.48053888107219,37.73569072634888],[-106.48049204405537,37.735627957343034],[-106.48042748503141,37.73553373233394],[-106.48044729902062,37.73538413931159],[-106.48057148701956,37.73510249726397],[-106.4807013580068,37.73469306319802],[-106.48080474601899,37.73458677617643],[-106.4809212940322,37.7344619561514],[-106.48109303905166,37.73427802211448],[-106.48123147806739,37.73412975808471],[-106.4812183710557,37.73404393807349],[-106.48118736203597,37.73391761205771],[-106.48138550704434,37.733566653995574],[-106.48147880405378,37.73345592097403],[-106.48153508405576,37.73335207295577],[-106.48167389606803,37.733169304921134],[-106.48202774410115,37.732720848835356],[-106.48201747104638,37.7322055677635],[-106.48186227694684,37.73156639868348],[-106.48166687687548,37.73129229365743],[-106.48136221278766,37.73109498764919],[-106.48111884270317,37.73079634162281],[-106.48082600159745,37.73039774958548],[-106.48067357451261,37.729896824524765],[-106.48053647242858,37.72937056545948],[-106.4806234064069,37.72896720239715],[-106.48068029537468,37.728526502331455],[-106.48067278633467,37.72814946627889],[-106.48066656430153,37.727837022235285],[-106.48059462525347,37.72752189819554],[-106.48057029320461,37.72709479013699],[-106.48062732918525,37.72677979808895],[-106.48098500223243,37.72646102902114],[-106.48137757430385,37.726305243974025],[-106.4817239263715,37.72621289293882],[-106.48194169240048,37.726021589897904],[-106.48211223642029,37.72584345186192],[-106.48245482846791,37.72556258180037],[-106.4828945025274,37.725186021719146],[-106.48323067856153,37.72478598964131],[-106.48369332260243,37.72417675852587],[-106.48385859259426,37.723734692453036],[-106.48397601857354,37.72327437238071],[-106.48420106256071,37.72265556027913],[-106.48423699150986,37.722076841195374],[-106.48409912842183,37.72151288212481],[-106.48394995935435,37.72117534308688],[-106.48387589428307,37.72063600601568],[-106.48391658425751,37.72029579296521]]},"properties":{"id":"645","name":"PINON","field_id":"645","forestname":"Rio Grande National Forest","districtname":"Divide Ranger District","seasonal":"seasonal","passengervehicle":"open","highclearancevehicle":"open","mvum_symbol_name":"Roads open to all Vehicles, Seasonal","title":"FSR 645 - PINON","label":"FSR 645 - PINON","description":"FSR 645 - PINON","caltopo_name":"FSR 645 - PINON"}},{"type":"Feature","geometry":{"type":"LineString","coordinates":[[-106.5488893071372,37.75405437053938],[-106.5490220401721,37.754107628538364],[-106.54918277821683,37.75419563954039],[-106.54926371724204,37.75426667454513],[-106.54933368426668,37.7543558795532],[-106.54938114328725,37.75445439256395],[-106.54939492330226,37.75457137257951],[-106.54937429430781,37.754670780594786],[-106.54934551232719,37.75492350763216],[-106.549369336338,37.75497726963818],[-106.54942775635914,37.75505761264568],[-106.54981746448772,37.755469403678426],[-106.5499500645315,37.75560951568962],[-106.55008848657306,37.75571584369562],[-106.55027193762281,37.75580355469613],[-106.55046672567502,37.75589111569594],[-106.55060440871276,37.75596140369691],[-106.55073130775091,37.756058870702496],[-106.55082471578439,37.75618381571401],[-106.55094177282773,37.75635351073033],[-106.5513107389377,37.75662803974512],[-106.55167023005477,37.75699281577325],[-106.55212391320919,37.757518583817884],[-106.5522878642702,37.75775975984117],[-106.55240642132122,37.75800153386752],[-106.55244385734606,37.75816326388783],[-106.55244574035564,37.758253354900354],[-106.55249375937915,37.758378895914895],[-106.55254103739878,37.758468397924446],[-106.55267910343844,37.758556702927926],[-106.55287390249065,37.75864426892769],[-106.55311354155002,37.75870419792072],[-106.55341066662572,37.75879941691499],[-106.55360566567892,37.75889598291596],[-106.55380103173403,37.7590105689195],[-106.5539865687943,37.75919738293379],[-106.5542297818719,37.75942849795063],[-106.55446258995184,37.75970481197442],[-106.5545902549938,37.75983831498498],[-106.55478713405657,37.76002497799853],[-106.55508709614674,37.76025534301157],[-106.55513513317023,37.760380883026116],[-106.55524179021586,37.760595773049424],[-106.55548803130883,37.76097104508625],[-106.55559319134677,37.76111385509953],[-106.55560735936372,37.761248854117596],[-106.55557595436964,37.76137544313738],[-106.55544486236553,37.7616205091802],[-106.55539226937414,37.76181947721152],[-106.55538411638801,37.761972796233565],[-106.55544331541302,37.7620891762461],[-106.55558251345848,37.76223153725717],[-106.55587171554903,37.762489079274694],[-106.55620704965344,37.76278206029422],[-106.5564722357322,37.76297683130452],[-106.55670298680155,37.763154031314535],[-106.55688665185222,37.76325074131633],[-106.55701223888366,37.763285131313076],[-106.55711457090716,37.763292791307585],[-106.55722787493121,37.763282290298775],[-106.55730750894976,37.76329025029478],[-106.557410974979,37.763351969296814],[-106.55765364505379,37.76355604730983],[-106.55776865008654,37.76362662631234],[-106.55790596512234,37.76367888531088],[-106.55871742932915,37.76393852529508],[-106.55887763337095,37.76399949329334],[-106.55901533940869,37.76406977929433],[-106.55923399347166,37.7642110843001],[-106.5594407425293,37.76432550930285],[-106.55961211857263,37.76437731529914],[-106.5597825386112,37.76438407228912],[-106.56000933766035,37.76437205727281],[-106.56012283168543,37.76437055426533],[-106.56022535470991,37.76438722126108],[-106.56029439772973,37.76443136926281],[-106.56034073074458,37.76447581826609],[-106.56038745476131,37.764538286271815],[-106.56043493478194,37.76463679328261],[-106.56046123180519,37.7648076813049],[-106.5604973518233,37.76490633931645],[-106.56055542484256,37.76496865732139],[-106.5606592738738,37.76504839332595],[-106.56113160201211,37.76537559534148],[-106.56154603813211,37.76564949735326],[-106.56169661518007,37.76579170036352],[-106.56180084621323,37.76588945537054],[-106.56184869723573,37.766005982383824],[-106.56189542325248,37.76606844938959],[-106.56198697827641,37.76610328538859],[-106.56207777629643,37.76610208238257],[-106.56224896833886,37.766144874377545],[-106.56239745137623,37.76618796737404],[-106.56253554341589,37.766276260377566],[-106.5626049694377,37.7663384263818],[-106.56269954747695,37.766517420400845],[-106.5627464644947,37.76658889740786],[-106.56284993952399,37.76665061140989],[-106.56303266156984,37.766702262405346],[-106.56335178364672,37.76676111439307],[-106.56371705173748,37.766855413382814],[-106.56391170578873,37.76693394138132],[-106.56407267983442,37.76703094038457],[-106.56416537586405,37.76711983439107],[-106.5642136228885,37.76725437940682],[-106.5643106749403,37.76755050044216],[-106.56438312897748,37.76775682446643],[-106.56445464600984,37.767918098484444],[-106.56454829304433,37.76805204049727],[-106.56490620815279,37.76833568451402],[-106.5652406652524,37.768583588527285],[-106.56558723435835,37.76886738054479],[-106.5658749664412,37.769052817552335],[-106.5663910315809,37.76929830455354],[-106.56690994273507,37.769678947573574],[-106.56747446090017,37.770067983591844],[-106.56788857701828,37.770323832601086],[-106.56821037010866,37.77050881060631],[-106.5684623501753,37.770613604604776],[-106.56871377123912,37.770691369599525],[-106.56894152829308,37.770724394589486],[-106.56922604835955,37.77075665557571],[-106.56940879740537,37.770808295571165],[-106.56952400343913,37.77088787257492],[-106.56973250150543,37.77108336758895],[-106.5698829035524,37.77121654959796],[-106.57000947258865,37.77129597460094],[-106.57011238861506,37.7713306525992],[-106.57019203263354,37.771338603595176],[-106.57027091364817,37.7713105145862],[-106.57032652165495,37.77125569857487],[-106.57038174965979,37.77118286356115],[-106.57050412567482,37.77106408053659],[-106.57061610469215,37.770990488519026],[-106.57072865571243,37.77094392550527],[-106.57084158773456,37.77091538249398],[-106.57089851874807,37.77092363649148],[-106.57093314175845,37.770950211492966],[-106.57100315078311,37.771039402501],[-106.57129910390735,37.7716122485623],[-106.57136986493589,37.77173747857534],[-106.57140563295204,37.77181811358432],[-106.57150950398328,37.77189783958884],[-106.57175014304747,37.77200277758805],[-106.57202484511912,37.77210726158505],[-106.57215121615438,37.7721776745868],[-106.57223200617862,37.77223968259029],[-106.57227931619829,37.772329175599815],[-106.57231623022027,37.772463868616335],[-106.57236314823801,37.77253534162334],[-106.57242123725727,37.77259765362835],[-106.57252472928656,37.7726593586303],[-106.57268534433027,37.772738326631064],[-106.5728906103802,37.772780647623826],[-106.57327653146534,37.772775503598254],[-106.57342446049988,37.77279155259093],[-106.57363010855174,37.77285189358616],[-106.57373321957908,37.772895577585686],[-106.5738251716049,37.772948423587145],[-106.57391787563456,37.773037309593654],[-106.57435025978988,37.77361733764719],[-106.57453587385015,37.77380411666144],[-106.57475685793058,37.774110819690264],[-106.57510748604443,37.774463050717074],[-106.57544648815671,37.77482482574597],[-106.5760770363423,37.775270562767936],[-106.57614801237175,37.77540479878218],[-106.5762818774332,37.77571534081715],[-106.57654712051576,37.77594659983249],[-106.57686932160033,37.77607378782961],[-106.57715044966484,37.77609434881436],[-106.57743537673325,37.776144608803094],[-106.57756080176371,37.77616996579854],[-106.57762986678355,37.77621410280032],[-106.57766526079783,37.77627671580679],[-106.57771392082422,37.77642927482506],[-106.57773852683889,37.776519068836095],[-106.57777392185314,37.77658168184261],[-106.57783163487046,37.77662597084506],[-106.57790050788932,37.77666109784559],[-106.57803787192519,37.77671333184402],[-106.57815233095502,37.776756860842795],[-106.57826699198591,37.776809398842765],[-106.57833605800575,37.77685353584452],[-106.57842993304122,37.77699647585854],[-106.57848878606431,37.777094823868524],[-106.57853620608489,37.7771932338793],[-106.57857322710692,37.77732801389582],[-106.57858686712092,37.77743597991006],[-106.57857877313485,37.777589298932064],[-106.57853681714217,37.777752083957594],[-106.57851622314777,37.77785149597292],[-106.57852891515701,37.777914412980905],[-106.57863355819207,37.77803017099039],[-106.57875013823254,37.77817280700291],[-106.57885535727054,37.77831559501617],[-106.57889228629247,37.778450286032644],[-106.57888476830921,37.778630634058445],[-106.57883662534009,37.77903683611847],[-106.57884211842233,37.779829843229365],[-106.57887573648232,37.78034309829917],[-106.57910885657016,37.780695899333665],[-106.57924484163655,37.78105006537454],[-106.57950326472161,37.781320702395874],[-106.58004786092037,37.78208186646752],[-106.58039166006475,37.78274709953867],[-106.58057923213472,37.78302396656544],[-106.58077777420525,37.7832826605889],[-106.58090610325016,37.78344316160318],[-106.58099978928468,37.78357708961589],[-106.58108386232533,37.78379225864065],[-106.58145112248015,37.7845083177174],[-106.5817124565865,37.7849806347668],[-106.58210148974725,37.785707998843726],[-106.58222361079245,37.78588481286064],[-106.58230020583626,37.78614678289243],[-106.5824114998839,37.786370704916685],[-106.58260047096518,37.78675498595837],[-106.58271726600663,37.786906626972105],[-106.58299549610652,37.78727928500645],[-106.58333603620294,37.787482820013],[-106.58347054324662,37.7876174920232],[-106.58359696328185,37.78768789202496],[-106.58389481936052,37.78781006002293],[-106.58406703540776,37.787897868024125],[-106.58419345644303,37.78796826702583],[-106.58427465846924,37.7880482860318],[-106.58440337751605,37.78822680204854],[-106.58446148953539,37.78828910705357],[-106.58465851959822,37.788475716067005],[-106.58487941067187,37.78871607808647],[-106.58502007472408,37.78892146910621],[-106.58512532076209,37.78906425111945],[-106.58528715181166,37.78919726712768],[-106.58537678785835,37.789459351158634],[-106.5856432219384,37.7896637391701],[-106.58593347702377,37.78986780618004],[-106.58622289909559,37.789941708171746],[-106.58641782914785,37.79002920617141],[-106.58653290318061,37.79009975517394],[-106.58661409820678,37.790179773179865],[-106.5868592502932,37.790491903207815],[-106.58695450933541,37.7906979042306],[-106.58700550137341,37.79095857526382],[-106.58704091038766,37.79102118427032],[-106.58707554839812,37.79104775527185],[-106.58713848141515,37.791077801272024],[-106.58716733942298,37.79109158027207],[-106.58727086945227,37.79115327127402],[-106.58737496548443,37.79124199227974],[-106.58756047654386,37.79141973929271],[-106.58765437757934,37.79156267130671],[-106.58776118662503,37.79177752832995],[-106.58785701767017,37.79201055735644],[-106.5879978887234,37.79222495437741],[-106.58824594682424,37.792672227424134],[-106.58835351987379,37.79292312245232],[-106.5885471299737,37.793479277517825],[-106.58858465299859,37.79364099353807],[-106.58859967301942,37.79381202556109],[-106.58859159903331,37.793965344583086],[-106.58860602905128,37.794109347602344],[-106.58864279207228,37.79423502461756],[-106.58867936209236,37.794351682631564],[-106.58871611411341,37.79447735964679],[-106.58874383914352,37.79471130667782],[-106.58877002116589,37.79487317569884],[-106.58880600118307,37.794962813709034],[-106.58886585921103,37.79510620372529],[-106.58899480625887,37.79529372374325],[-106.58911605632254,37.79565258178576],[-106.58915493335412,37.795877365814775],[-106.58916995537498,37.796048397837744],[-106.58916438140143,37.79631884287602],[-106.58915746742116,37.79652622090549],[-106.58912687943098,37.796688854930316],[-106.58907203942809,37.79677971894654],[-106.58904124643703,37.79693333497009],[-106.58906800946231,37.7971222329948],[-106.58910458148237,37.7972389000088],[-106.58914018849758,37.7973105180166],[-106.58923255652537,37.79738137102051],[-106.58940615357933,37.79753223803047],[-106.58955722462927,37.79769242204322],[-106.58967424367172,37.79785306505813],[-106.58976912371205,37.798041043078406],[-106.58983014474583,37.79823849110215],[-106.58987363077289,37.798408641123146],[-106.5898921207844,37.79848098713213],[-106.59004879686238,37.79890245218108],[-106.59013156289632,37.79905454519705],[-106.59015678291387,37.79917136521182],[-106.59018353793913,37.799360262236554],[-106.59023204796459,37.799503805253515],[-106.59031500799955,37.79966490727073],[-106.59038621603004,37.79980814328626],[-106.59089874920492,37.80040504733681],[-106.5910161622493,37.8005837083543],[-106.59125291434773,37.80103112740174],[-106.59133876739709,37.80132737443771],[-106.59141076343148,37.801506647458204],[-106.59157764950614,37.801873898498904],[-106.59167447355614,37.80215197253161],[-106.59176976159834,37.80235796855432],[-106.59189833164429,37.802527464569785],[-106.5921668387386,37.802866303599934],[-106.5923081307938,37.80309871462341],[-106.59241592684437,37.80335861465288],[-106.59252507890167,37.80368158269107],[-106.59271429897942,37.80403050472775],[-106.59286540202939,37.80419068374048],[-106.59302707507796,37.80431466974743],[-106.59322321413605,37.804456213754584],[-106.59344340820587,37.80466051776903],[-106.5935598662454,37.80479412778021],[-106.59367921929943,37.805062881810166],[-106.59370638432667,37.80526979783743],[-106.59373121434234,37.80536859784964],[-106.5938132203724,37.80548464786065],[-106.59388329039707,37.8055738228686],[-106.59397780343551,37.80574377788631],[-106.59401419545463,37.805851433899065],[-106.59401671346718,37.805968559915314],[-106.5940432984915,37.80614844593876],[-106.59410548953106,37.80639994996999],[-106.5944082816339,37.80674733199916],[-106.59467002572453,37.807064635026684],[-106.59504229385668,37.80754760307039],[-106.5953371439577,37.807894441099926],[-106.59555173303212,37.8081557931227],[-106.59594383514725,37.808429862135796],[-106.59635841727061,37.80873488015179],[-106.59643506529504,37.808807360157026],[-106.59657722334035,37.80894178416663],[-106.59671811843653,37.80957487224626],[-106.59697890655019,37.8101189603056],[-106.5970655815899,37.810318327328],[-106.59724060567001,37.81072094037304],[-106.59737726773469,37.81105595841119],[-106.59750854679685,37.811377809447784],[-106.59762285684593,37.8116090284728],[-106.59790139195766,37.8120962045231],[-106.59798460901723,37.81249642957374],[-106.59806171306987,37.81284333961739],[-106.59827828815955,37.81324887466017],[-106.5982864931632,37.81326699866217],[-106.59849504725678,37.81372766771326],[-106.59866541831171,37.81389477772567],[-106.59889747638204,37.814078307736416],[-106.59918698146772,37.81428695074696],[-106.59933271451557,37.81443773875867],[-106.59948985856713,37.8146003227713],[-106.59969242764463,37.814917426802616],[-106.59978479068347,37.81509655382177],[-106.59994296573579,37.81526416083501],[-106.60019517780553,37.81539841483752],[-106.60042422186861,37.81551724783944],[-106.60056880790823,37.8155909088404],[-106.60065676793282,37.815639851841546]]},"properties":{"id":"640","name":"EMBARGO CR","field_id":"640","forestname":"Rio Grande National Forest","districtname":"Divide Ranger District","seasonal":"seasonal","passengervehicle":"open","highclearancevehicle":"open","mvum_symbol_name":"Roads open to highway legal vehicles only, Seasonal","title":"FSR 640 - EMBARGO CR","label":"FSR 640 - EMBARGO CR","description":"FSR 640 - EMBARGO CR","caltopo_name":"FSR 640 - EMBARGO CR"}},{"type":"Feature","geometry":{"type":"LineString","coordinates":[[-106.65537810203224,37.81521311124937],[-106.655826937132,37.81521529922069],[-106.65612199518979,37.815140530191215],[-106.65634368323502,37.81510210217154],[-106.65662522429585,37.815086372151136],[-106.6569523943591,37.81499576611736],[-106.6572217194037,37.814847780079276],[-106.65757901445889,37.81461392202349],[-106.65776893148745,37.81448177899272],[-106.65797631153195,37.81446708897728],[-106.6582016815949,37.814593385980395],[-106.658323230635,37.814721143990425],[-106.65857133273917,37.815200220041405],[-106.6586385597902,37.81555236308628],[-106.65864461681933,37.81582298712375],[-106.65865948286242,37.81621112417708],[-106.65866015289399,37.81651719721983],[-106.65898216101327,37.816983461264265],[-106.65997952931559,37.817773964310405],[-106.66023502439778,37.8180227053287],[-106.66043071845293,37.81813710533203],[-106.66076470654775,37.81833968533879],[-106.6610875406411,37.81855142634754],[-106.6615957287919,37.818922770366676],[-106.66213859895312,37.819320659387245],[-106.66223066897896,37.81937343338865],[-106.6624026340243,37.81944310338729],[-106.663147113217,37.81971197937683],[-106.66342231828963,37.81982525137485],[-106.66352553431702,37.81986885437427],[-106.66357177233088,37.81990425037628],[-106.66365289235615,37.81997520138095],[-106.6638512154239,37.820206717400495],[-106.66408402750109,37.82045577042029],[-106.6642819485669,37.820669266437356],[-106.6644447986204,37.82083819745044],[-106.66465650770031,37.821159644481725],[-106.66473803472756,37.8212486144889],[-106.66527139189503,37.821727733521385],[-106.6657075320212,37.82201502053342],[-106.6658945200753,37.82213804153852],[-106.66621829317484,37.822408288555394],[-106.66630935719583,37.8224160125506],[-106.66637649020602,37.822370001539845],[-106.66645457621675,37.82230581052577],[-106.66647607521591,37.822251432516836],[-106.66645234720608,37.8222067075121],[-106.6662888821497,37.82201075249528],[-106.66590646002605,37.82163216146705],[-106.66568194193836,37.82126331242995],[-106.6655000868642,37.820933856395655],[-106.66536282779106,37.82051760334629],[-106.66521535272342,37.82017746830827],[-106.66506809464762,37.81975694025898],[-106.66482049455144,37.819354890218776],[-106.66464305247996,37.819041971186465],[-106.66452483743267,37.81883636116538],[-106.66445264739824,37.81865713714499],[-106.66431717434997,37.818479753128955],[-106.66429128931233,37.81816891808716],[-106.66425945028253,37.81794709905821],[-106.66425655326293,37.81776245203255],[-106.66425377424406,37.81758456300786],[-106.66424807622434,37.81740470598306],[-106.6642232052073,37.817292352968984],[-106.66422303920717,37.817291605968876],[-106.6642222042066,37.81728803796843],[-106.66421773120354,37.817267885965904],[-106.6641925491863,37.8171544279517],[-106.66451415719052,37.816500028839386],[-106.66468215916801,37.815917563747085],[-106.66510594117928,37.81511190760705],[-106.66532631918226,37.81466455153028],[-106.66546879219104,37.81444237749001],[-106.66566766720328,37.81413170643371],[-106.66596114921924,37.81365336734789],[-106.66601356020391,37.81339039730774],[-106.66606561618391,37.81308283026138],[-106.66647069426187,37.81296745621907],[-106.66687645634019,37.81285372917698],[-106.66706874837305,37.812758460151194],[-106.6672797774069,37.812632068119925],[-106.6674113264153,37.81242968408311],[-106.66752592538077,37.811845528994056],[-106.66785339539643,37.811290378895265],[-106.66809829740724,37.810866345820145],[-106.66838627543717,37.8105353837553],[-106.66863657046319,37.81024773569887],[-106.66902229749131,37.809688449595754],[-106.66910949249389,37.80952499356727],[-106.6691520744903,37.809398219546836],[-106.66918208447842,37.809217549519595],[-106.66916729145946,37.809064550499144],[-106.66908070240805,37.808750349460816],[-106.6690298153719,37.8085077494302],[-106.66902535235054,37.80830954340272],[-106.66905354832996,37.80804778936434],[-106.66926262731349,37.80743498626511],[-106.6694729372554,37.806413946108755],[-106.66963569823591,37.805871752022405],[-106.66978180722539,37.80545319795443],[-106.66994838522409,37.80508063089157],[-106.67010004924013,37.8049088068578],[-106.67023276625368,37.80475414182757],[-106.67031358326192,37.80465995880919],[-106.67066538031935,37.80445924375841],[-106.67107246439119,37.804279490706996],[-106.67174013051225,37.80401603762704],[-106.67262054366978,37.80364859351882],[-106.67356089581452,37.8030271583712],[-106.67378888784098,37.802792538323715],[-106.67399326284331,37.80237315125184],[-106.67425802886841,37.80204546018894],[-106.67460367192555,37.80185544414008],[-106.67512060400189,37.80148183705444],[-106.67555456807739,37.801279938998185],[-106.6760423471603,37.80103377893226],[-106.67655702824688,37.800765486861536],[-106.67700120930974,37.80041763878422],[-106.67728609134238,37.80012049472428],[-106.67762648537469,37.799699173643404],[-106.67806019341013,37.799106829532555],[-106.6783981344308,37.79857755643673],[-106.67882833944964,37.797831015304546],[-106.67915963643881,37.79700875616822],[-106.6793075714058,37.79636648106883],[-106.67967702939278,37.79544046791544],[-106.68003241340408,37.79478195780041],[-106.68028184641648,37.79436325072575],[-106.68047611742406,37.794016815664804],[-106.6808382004354,37.79334381454732],[-106.68113882544475,37.79278502744978],[-106.68147917045023,37.79210241233232],[-106.6816619204512,37.79171617026653],[-106.68175651439871,37.790999058160104],[-106.68187679835408,37.79030320005498],[-106.68195997030922,37.78968500696316],[-106.68204718019572,37.78838803477613],[-106.68218374714044,37.787553126650536],[-106.68208134505525,37.78694248657174],[-106.68234591407115,37.78652551049635],[-106.68264083410718,37.78623858443718],[-106.68310060218168,37.78597104937007],[-106.6836415612696,37.7856588562915],[-106.68431849338305,37.78530122419784],[-106.6848873294793,37.78501037512045],[-106.68537398155749,37.78472069904852],[-106.68607433665827,37.784188742928976],[-106.68631444668222,37.78390259187344],[-106.68653824571108,37.783700208830716],[-106.68680256876742,37.78367813081061],[-106.68688771179949,37.78380739482315],[-106.68681886680976,37.784056680862506],[-106.68684379983884,37.78428646289299],[-106.68674460886376,37.78474457496347],[-106.68662896588424,37.78519493503392],[-106.68665233492139,37.785507049076124]]},"properties":{"id":"612","name":"MIDDLE PARK","field_id":"612","forestname":"Rio Grande National Forest","districtname":"Divide Ranger District","seasonal":"seasonal","passengervehicle":"open","highclearancevehicle":"open","mvum_symbol_name":"Roads open to all Vehicles, Seasonal","title":"FSR 612 - MIDDLE PARK","label":"FSR 612 - MIDDLE PARK","description":"FSR 612 - MIDDLE PARK","caltopo_name":"FSR 612 - MIDDLE PARK"}},{"type":"Feature","geometry":{"type":"LineString","coordinates":[[-106.54186122569642,37.74543022577979],[-106.54213438576065,37.745464834767034],[-106.54239517181733,37.745452409748566],[-106.54270078188115,37.74541235972331],[-106.5434014540221,37.74526799765798],[-106.54348050503772,37.74524893765022],[-106.5435597440543,37.74523888664372],[-106.54361665306777,37.745247153641216],[-106.54370817509171,37.74528201364027],[-106.54384564412848,37.745343300640045],[-106.54393810215714,37.74542320064531],[-106.54413642422759,37.7456819636689],[-106.54429788827609,37.745806031675954],[-106.54438978530189,37.74585890167745],[-106.54451572233522,37.74591132667677],[-106.54467663638087,37.746008354680036],[-106.54487326544267,37.74618602569235],[-106.5449770714739,37.74626577669688],[-106.54512570351221,37.74631791169469],[-106.54551260560316,37.74636691267668],[-106.54568261963978,37.74635567066421],[-106.54588761068871,37.74638903165568],[-106.54611548374366,37.74643110464698],[-106.54634503280718,37.74655427564952],[-106.54635570881106,37.74656910465091]]},"properties":{"id":"640","name":"EMBARGO CR","field_id":"640","forestname":"Rio Grande National Forest","districtname":"Divide Ranger District","seasonal":"seasonal","passengervehicle":"open","highclearancevehicle":"open","mvum_symbol_name":"Roads open to highway legal vehicles only, Seasonal","title":"FSR 640 - EMBARGO CR","label":"FSR 640 - EMBARGO CR","description":"FSR 640 - EMBARGO CR","caltopo_name":"FSR 640 - EMBARGO CR"}},{"type":"Feature","geometry":{"type":"LineString","coordinates":[[-106.79765784879014,37.48243378045612],[-106.79743849277246,37.48274103951331],[-106.79728755175908,37.48294048555096],[-106.79715832973646,37.48299958856751],[-106.79694016268502,37.482967058576804],[-106.79645814256305,37.48281219258567],[-106.79594343542249,37.4825432985806],[-106.79548447729745,37.48230710057651],[-106.79521338121884,37.48211999356744],[-106.79483618611908,37.48195574956831],[-106.79453792703242,37.48174780155806],[-106.79424018894794,37.48156109655075],[-106.79386566284174,37.4813263225415],[-106.79348934874153,37.48115546854142],[-106.79308679563695,37.48099913554501],[-106.79272853954215,37.480842129545714],[-106.79236809343762,37.480593338533644],[-106.79196267732037,37.4803169785205],[-106.79151330519495,37.48005540951229],[-106.79113953110593,37.47999045052694],[-106.79076560003269,37.48008401056386],[-106.79028587492746,37.48009128259539],[-106.7899366938505,37.48009343761788],[-106.78969752778988,37.48001521062207],[-106.78956756974482,37.47985183260732],[-106.78934440368879,37.4797845866121],[-106.78919710066354,37.47985738263168],[-106.78912696565807,37.47995738665019],[-106.7892459796972,37.48008579766069],[-106.78941686274182,37.480154227659455],[-106.78952437877265,37.48022488866254],[-106.78971106182323,37.48031844866387],[-106.78996233088938,37.48042500066287],[-106.79025721496471,37.480526473658436],[-106.79059858805937,37.48071905666382],[-106.79085170613608,37.48092710367699],[-106.7911414432258,37.48118403269472],[-106.79140443530892,37.48143430471321],[-106.79162110837343,37.4816005257228],[-106.79179415943119,37.48179565873921],[-106.79207453851673,37.48203153975461],[-106.79232049159901,37.482310319778165],[-106.79257412667796,37.48253954279429],[-106.79278498275393,37.482832979822135],[-106.7930043638303,37.48311216084746],[-106.7932315929042,37.48334884586631],[-106.79344996397617,37.483585664885744],[-106.79359931604074,37.483901221920675],[-106.79378157510193,37.48411033793848],[-106.79393742515805,37.48432691695904],[-106.79412753321668,37.484493535970344],[-106.79431831727838,37.48468839598564],[-106.79441519233427,37.48503300102796],[-106.79437629834838,37.48525960106233],[-106.79433394838436,37.485712262128686],[-106.79425978439141,37.485946461166314],[-106.79424696240915,37.48615147619597],[-106.79427177644426,37.48644773623604],[-106.79433118648349,37.48670815626891],[-106.79431254551264,37.4870403903168],[-106.79422099651734,37.48728897835762],[-106.79398101949863,37.48763163742109],[-106.79379217748266,37.48788876546925],[-106.79364645047126,37.48809579950761],[-106.79349987945608,37.488267531541105],[-106.79338739844269,37.4883822445644],[-106.79324464141588,37.48842929358009],[-106.79310440239048,37.48848450659676],[-106.79300530537203,37.48851919460798],[-106.79287921735043,37.48858154562476],[-106.79275939033406,37.48868218864655],[-106.79266283032685,37.48882300567247],[-106.79265926534597,37.48902212870072],[-106.79264753836405,37.48922801773038],[-106.792694361394,37.489423931755],[-106.79263924741082,37.48971343179923],[-106.79263108343011,37.48992406182933],[-106.79258179143409,37.49007215585329],[-106.79257260944895,37.4902406938776],[-106.79255123946534,37.490451514908614],[-106.79256947549038,37.49066174393701],[-106.79260116951951,37.49088228596598],[-106.79263261154752,37.491092305993575],[-106.7926889465746,37.49123879601056],[-106.7927449296017,37.49138527402762],[-106.7928800986429,37.491499024034994],[-106.79300195068231,37.49162346704475],[-106.7931248087261,37.49179000106037],[-106.79315549875079,37.4919684600835],[-106.793115248751,37.49205951209888],[-106.79303676675146,37.49223705212882],[-106.79298122275686,37.49241315315713],[-106.79290526675388,37.49255113418135],[-106.79281661775029,37.492710352209386],[-106.79276708575313,37.492847932231896],[-106.79278406477269,37.493005547252956],[-106.79282669179466,37.49313120126797],[-106.79284266580979,37.493246734283176],[-106.79284315781021,37.49325030428364],[-106.79288480082957,37.49335134229523],[-106.79314809590647,37.493538644304785],[-106.793384693972,37.493670972308344],[-106.7937018960545,37.49379492130561],[-106.7940185861347,37.493897416299895],[-106.7943266432145,37.49401435029667],[-106.79467060230209,37.494130736291154],[-106.79492327036328,37.49418412628259],[-106.79512054940581,37.49417397426866],[-106.79544494847619,37.4941611452462],[-106.79570342352905,37.49411892522381],[-106.79615134962307,37.494070016188445],[-106.79656092671394,37.49407430416301],[-106.7969339108095,37.49420545815769],[-106.79752220296908,37.49450172316194],[-106.79770448502606,37.49466832117374],[-106.79788301007915,37.49480440018153],[-106.79879250031418,37.49514545017157],[-106.79911511339736,37.495264934167885],[-106.79932597245336,37.49535833816758],[-106.79955372551701,37.49549169517183],[-106.79969913256565,37.49565664318578],[-106.79982907561205,37.49583350520236],[-106.79995850465626,37.49598891321599],[-106.80012280470375,37.49610086922129],[-106.80027744374624,37.496184356223175],[-106.80048593480059,37.49626702222155],[-106.8007299828613,37.49633483821552],[-106.80094676191456,37.49638876120931],[-106.8011201129502,37.49636242619459],[-106.80125190697807,37.496349889184415],[-106.8014360010153,37.49631551016786],[-106.80157898003714,37.49621859914518],[-106.80174784306256,37.49610024811778],[-106.80191578008838,37.495987681091286],[-106.80208559211341,37.495863545063024],[-106.80226013814024,37.49574635403542],[-106.80242894617007,37.49567224101426],[-106.80256116618902,37.495570071991494],[-106.80273791821634,37.49545291496376],[-106.80286116123335,37.49535088094161],[-106.80302059525305,37.495196723909785],[-106.80304421424667,37.49508058789193],[-106.80300130522355,37.494944424875534],[-106.80290685719437,37.494861662869866],[-106.8027785751627,37.494828341873365],[-106.80262780212576,37.49479225387789],[-106.80244624208088,37.49474439588269],[-106.80230887504742,37.49471291788702],[-106.80217608401512,37.4946833728913],[-106.80202801697874,37.49464654489559],[-106.80201661497594,37.49464370889588],[-106.80185715693672,37.49460404490048],[-106.80171115990154,37.494574691905626],[-106.80157886287147,37.49456619291286],[-106.8014199118345,37.49454756392036],[-106.80120839778705,37.494540263932805],[-106.80103598674607,37.49451132193967],[-106.80082420869752,37.49449349895064],[-106.800663994655,37.49442227295083],[-106.80053018261827,37.494350635949296],[-106.80036946357352,37.494258364946525],[-106.80018132051853,37.49412441393966],[-106.80004574147408,37.49397912592786],[-106.79983331440579,37.4937660219114],[-106.79965279834154,37.493522513888664],[-106.79959727030526,37.49328316785854],[-106.79953847726799,37.4930407138282],[-106.79946275221998,37.49272843778911],[-106.7994626192021,37.492550594764104],[-106.79954567320483,37.492394537736914],[-106.79954617220444,37.49238948273613],[-106.79957559118102,37.4920910856923],[-106.7996380631795,37.49193863566687],[-106.7997704621921,37.49177194663503],[-106.80002060323902,37.49168909160746],[-106.80014498526585,37.49168297359869]]},"properties":{"id":"402","name":"LOBO OVERLOOK","field_id":"402","forestname":"Rio Grande National Forest","districtname":"Divide Ranger District","seasonal":"seasonal","passengervehicle":"open","highclearancevehicle":"open","mvum_symbol_name":"Roads open to all Vehicles, Seasonal","title":"FSR 402 - LOBO OVERLOOK","label":"FSR 402 - LOBO OVERLOOK","description":"FSR 402 - LOBO OVERLOOK","caltopo_name":"FSR 402 - LOBO OVERLOOK"}},{"type":"Feature","geometry":{"type":"LineString","coordinates":[[-106.65504082658718,37.82134935512936],[-106.6551468956083,37.82132600911927],[-106.65538655865136,37.821227630090014],[-106.65581264073859,37.821156854052575],[-106.65620256981914,37.821098550019244],[-106.65638238685706,37.82107993400504],[-106.65659943989797,37.82100925298112],[-106.65670832391538,37.82094358596491],[-106.65673375289373,37.82067777192611],[-106.6565191618011,37.82023879087858],[-106.65647828976849,37.820009430849154],[-106.65624950568535,37.81969377281976],[-106.65616381364723,37.819507828799274],[-106.6560540825992,37.81927709777411],[-106.65590253854197,37.81904695575174],[-106.65567763046775,37.81880954873302],[-106.65532210133647,37.81829912168462],[-106.65513210926554,37.818018618657646],[-106.65488484117317,37.81765244162243],[-106.65481075613621,37.81745297559932],[-106.654784109104,37.817196189565124],[-106.6547767020683,37.816864473519196],[-106.6547288110069,37.81636977345311],[-106.65489020601412,37.816090857403665],[-106.65515809601636,37.81553391130845],[-106.65537810203224,37.81521311124937],[-106.65586320410223,37.81484638716676],[-106.65613711912636,37.81448943509915],[-106.6563676731526,37.81424696305038],[-106.6563927821308,37.81397973001139],[-106.65637832006117,37.8133325839218],[-106.65652084906601,37.81307163987611],[-106.65677354407191,37.81258300979145],[-106.65681111604412,37.812231003739775],[-106.65687443103592,37.8120138187053],[-106.65702677103899,37.81171427165357],[-106.65723296604017,37.811280216579526],[-106.6575120300586,37.81085661850225],[-106.65769707606611,37.81052972244459],[-106.65771386203656,37.81020519539814],[-106.65775681802258,37.80997567836322],[-106.6578954930277,37.809725739319354],[-106.65823493206483,37.80935410024543],[-106.65831039206297,37.8091727932152],[-106.65837389105573,37.808964626182],[-106.65838061103594,37.80875725015256],[-106.65835347700964,37.80855936212664],[-106.65822217591811,37.807950965050004],[-106.65802989282544,37.80746307199414],[-106.6578569527387,37.806991236939325],[-106.65774007567073,37.80658109488947],[-106.65746613158285,37.8063168178702],[-106.65699134645804,37.80612644587419],[-106.65691693242071,37.80592303185054],[-106.656741535351,37.805622867819864],[-106.65660124029415,37.80537158779377],[-106.65638133520221,37.80495059074907],[-106.65615209411014,37.80454833570761],[-106.6558367799835,37.80399502765055],[-106.6557825619384,37.80367234860886],[-106.65586964393356,37.80343672457031],[-106.65594714993657,37.803298729545965],[-106.65625347900625,37.80331569952862],[-106.65647098806363,37.80340449352696],[-106.65685970916374,37.80354026652089],[-106.65705150121917,37.80366601952613],[-106.65718796125013,37.80367311151829],[-106.65726684126479,37.803644965509285],[-106.65733416527591,37.80360797749973],[-106.6573447142745,37.803571780493996],[-106.65731978925886,37.803472996481794],[-106.65731232123088,37.80321610744633],[-106.65723212518546,37.80294652641378],[-106.65717556713844,37.802609849370334],[-106.65728429214019,37.80239202533284],[-106.65750976315978,37.8020951782768],[-106.65746512607194,37.8013350551733],[-106.65757945508733,37.80123741115227],[-106.65776889511864,37.801133186125426],[-106.65789287216191,37.801287308139024],[-106.65781587117348,37.80156645118304],[-106.65795844422789,37.801789248205004],[-106.65822028729768,37.80190316520406],[-106.65839529832496,37.80179059817699],[-106.65847377233759,37.801744432165485],[-106.6585773543369,37.80151347012647],[-106.65877525336715,37.80138058609515],[-106.65883191434804,37.8010711380482],[-106.65891951732824,37.80068838398896],[-106.65934955338608,37.800322687910075],[-106.65945255738905,37.8001282478762],[-106.65936745134547,37.799887566848035],[-106.65921274728193,37.79960236381809],[-106.65910006223659,37.79940368979757],[-106.65888569715547,37.799075787765545],[-106.65870862608628,37.7987837557361],[-106.65838000599094,37.79856444272662],[-106.65818416693484,37.79844102872202],[-106.65780448581863,37.79812882470282],[-106.65729468368289,37.79790708770468],[-106.65688051556704,37.797673081698626],[-106.65666535647135,37.79720478164701],[-106.65636099738335,37.79700457363861],[-106.65590845225427,37.79672465662862],[-106.65543502611708,37.79641000561514],[-106.65510080200485,37.79603853058471],[-106.65464187284115,37.79543405452974],[-106.6540189316412,37.794831141485524],[-106.65400554162294,37.794681446465454],[-106.65398553059558,37.79445785343545],[-106.65390052654224,37.79412086139382],[-106.65372052847772,37.793880868371794],[-106.6534835934068,37.79370129036198],[-106.65309350229731,37.79347695335572],[-106.65277663320636,37.793275082347904],[-106.65258906013169,37.79295229831483],[-106.65244863207035,37.79265760228261],[-106.65234337701469,37.79234200924525],[-106.65228558596365,37.7919689721968],[-106.65225301392816,37.79169306816024],[-106.6523525819381,37.79157451113721],[-106.6526648479811,37.79131778708116],[-106.6528755580144,37.79118683804927],[-106.65308578804614,37.791041494015374],[-106.65326965306433,37.79082094197262],[-106.65341692206297,37.79048868291661],[-106.6535873710389,37.78988444082105],[-106.65380225103806,37.78941099274094],[-106.65392622801627,37.788929149665506],[-106.65408806602107,37.78862564161258],[-106.65419900101996,37.788374912570326],[-106.65410151992059,37.78761501347025],[-106.65399891682492,37.7869028163772],[-106.6538447787231,37.78624239829469],[-106.65376741265312,37.785726359227446],[-106.65369802160077,37.78536531918135],[-106.6535101635119,37.78490412012893],[-106.65315543138922,37.78447421109157],[-106.65284843328153,37.78408722405724],[-106.65262404018603,37.7836402080091],[-106.65253456512912,37.78327795296414],[-106.65239441401653,37.782481790861745],[-106.65232456095116,37.78199397979793],[-106.65233903588432,37.78130950970115],[-106.65238986982673,37.78063681260373],[-106.65228254475208,37.78013963154103],[-106.65221729969929,37.779765319492846],[-106.65225238466545,37.77935824743358],[-106.65213019956119,37.77860407233587],[-106.65203518350089,37.77822047128827],[-106.65201643947591,37.77801755226104],[-106.652055077466,37.77783640423324],[-106.65209219644872,37.77758754919601],[-106.65223901644423,37.77722470113573],[-106.65256476147994,37.776867679064736],[-106.65287181950687,37.77646553198865],[-106.65292412649647,37.776250764955165],[-106.65290774444826,37.775814465895124],[-106.65280885639652,37.775523106860746],[-106.6527118353519,37.77529725883535],[-106.6526479963057,37.77498410779562],[-106.65263816229857,37.7749358717895],[-106.65262688027124,37.77469333775628],[-106.65267837725386,37.77441161171348],[-106.65278805324353,37.77407237265894],[-106.65314702723062,37.77316789950917],[-106.65346756424982,37.772660586417445],[-106.6537964582695,37.772139763323345],[-106.6539445072716,37.771839017271645],[-106.65406554227326,37.77159314722945],[-106.6541367052576,37.77128538718178],[-106.65418860323491,37.7709512121316],[-106.65424322320656,37.77055524707264],[-106.65427440816543,37.77008539400486],[-106.6544406741559,37.769631325930554],[-106.65451332012833,37.769204320866066],[-106.65463540415047,37.76915604885143],[-106.6548619282008,37.76915682383694],[-106.65500192724295,37.76926541984315],[-106.65511991029317,37.7695007228685],[-106.65537541837618,37.76975848988812],[-106.6555626394432,37.77000820391105],[-106.65577432151308,37.770232672928834],[-106.65593069357028,37.77045316894963],[-106.6560710306342,37.77077369298548],[-106.65622251171233,37.77120896603666],[-106.65638780978692,37.77158050007806],[-106.65650391085778,37.77202161413235],[-106.65651481290061,37.772416533186934],[-106.65653059596261,37.772988421266014],[-106.65647897902346,37.77369548636831],[-106.65643442807595,37.774305578456584],[-106.65639625212175,37.77483604753333],[-106.65633680414554,37.77519740258776],[-106.65645371718696,37.77534896760146],[-106.65650032520276,37.775402385605915],[-106.65664975324711,37.775512173611695],[-106.65666687425224,37.77552475561231],[-106.65707215135586,37.7756596296051],[-106.65750141146317,37.775777762593975],[-106.65773973152524,37.77586800959125],[-106.65810309661896,37.77599642858585],[-106.65841969070817,37.776182732591465],[-106.65865652278013,37.776372420602804],[-106.65895446085864,37.776494397600665],[-106.65923855292324,37.77650999858452],[-106.65949333797856,37.77649855956651],[-106.65960086100333,37.77650763356083],[-106.65985219706124,37.776528841547616],[-106.66015642213526,37.77659321853702],[-106.66048639621559,37.77666303652553],[-106.66085705231008,37.776783028518444],[-106.66151962047539,37.77696295250093],[-106.66198761359043,37.77707351048626],[-106.66238689768765,37.777157999472315],[-106.66284254479537,37.777223676452145],[-106.66325217189022,37.777262955431276],[-106.66355864395774,37.77725862741091],[-106.66395530504234,37.77722598838075],[-106.66437407312908,37.777166008345354],[-106.66475857320731,37.77709748931101],[-106.66496187724745,37.7770495542912],[-106.6658202774172,37.77684817020766],[-106.66628363451004,37.77675149416425],[-106.66686508662517,37.77661674310795],[-106.66736834073012,37.776552393066495],[-106.66784885383596,37.776545591034555],[-106.66848300598244,37.77660322300173],[-106.66883487705996,37.776598238978366],[-106.66931527616289,37.77656297294247],[-106.66979578826869,37.77655616291055],[-106.67015531434397,37.776512913881334],[-106.6705479834336,37.77653792685948],[-106.67085303149427,37.776470514830436],[-106.67119131955867,37.776366580794026],[-106.67156895863778,37.77632117876339],[-106.67199755271456,37.77614341271084],[-106.67230644576699,37.77598641966899],[-106.6727272858447,37.77583410762055],[-106.6732640829453,37.77565409956072],[-106.67366612699796,37.775297853484986],[-106.67395838402982,37.77497600242108],[-106.67443544610897,37.77471635635402],[-106.67472750615951,37.7745770303157],[-106.6757854763519,37.774165454189855],[-106.67642613346443,37.773876958108204],[-106.67697761256464,37.77366183604256],[-106.67740605764608,37.77352956399647],[-106.67773620571117,37.773450548964085],[-106.67794053173644,37.773254739923516],[-106.67834937882844,37.773267991899],[-106.67872647590269,37.773177310862046],[-106.6790519599578,37.77301046081769],[-106.67936527800651,37.77280772476912],[-106.67984565607986,37.772483624692796],[-106.68007726509181,37.772098801624026],[-106.68040367311882,37.771655397540925],[-106.68056320611493,37.771271601476954],[-106.68060261808456,37.77088951842096],[-106.68064203105423,37.77050743636495],[-106.68060855700004,37.77005028130314],[-106.68074631098612,37.76961572623341],[-106.68092097899323,37.76930682617893],[-106.6811080040077,37.769042801129885],[-106.68116230300859,37.76893387911118],[-106.68121639800857,37.7688159480912],[-106.68124738600157,37.76868032107021],[-106.6812534419789,37.76844591603699],[-106.68123617594838,37.768184806001564],[-106.6811601348957,37.76783442095743],[-106.68115625887734,37.7676632429337],[-106.68116393586243,37.76750091291052],[-106.68128911984023,37.76701246283406],[-106.68163216284299,37.76629584571169],[-106.68171043680543,37.76575856863141],[-106.68167537976295,37.765418891586116],[-106.681905961789,37.76517417453704]]},"properties":{"id":"611","name":"VIERS CR","field_id":"611","forestname":"Rio Grande National Forest","districtname":"Divide Ranger District","seasonal":"seasonal","passengervehicle":"open","highclearancevehicle":"open","mvum_symbol_name":"Roads open to all Vehicles, Seasonal","title":"FSR 611 - VIERS CR","label":"FSR 611 - VIERS CR","description":"FSR 611 - VIERS CR","caltopo_name":"FSR 611 - VIERS CR"}},{"type":"Feature","geometry":{"type":"LineString","coordinates":[[-106.74933059536362,37.78119843843023],[-106.74941902637529,37.781121282413764],[-106.749519273389,37.781038692395796],[-106.74967606141426,37.78094624237275],[-106.75001318747358,37.78079703933012],[-106.75028305752186,37.78068488329704],[-106.75048588455999,37.780618793274776],[-106.7506062545839,37.780592221263255],[-106.75101659766464,37.78049374722305],[-106.75129887872025,37.78042646519542],[-106.75149077875784,37.78037855117635],[-106.75161393677747,37.780304623158074],[-106.75164713778109,37.78026808015086],[-106.75169085078333,37.78019533313782],[-106.75169901177127,37.78006002911843],[-106.75166155674827,37.77991639110079],[-106.75148258967107,37.77954955306109],[-106.75129162458849,37.779155856018384],[-106.75110386152045,37.77889729399437],[-106.75096382947305,37.77873716598109],[-106.75032765928276,37.77825429295467],[-106.74995446814432,37.77770903090258],[-106.74967442302338,37.7771334558402],[-106.74950587393286,37.77661392777851],[-106.74947935091042,37.77645210275758],[-106.74944084088257,37.77626341873375],[-106.74935418083217,37.775958290696664],[-106.74920482674209,37.775401753628586],[-106.7491511926972,37.77507907558695],[-106.74901263263631,37.774784360554705],[-106.74864064052316,37.774483459536654],[-106.7485544314957,37.77440128553075],[-106.74809902835045,37.773967187499515],[-106.7473169731031,37.773241997448594],[-106.74700923600464,37.77294599642709],[-106.74693076397168,37.77279343141083],[-106.74683967394246,37.772705005404376],[-106.7467923649242,37.772629409396885],[-106.74669290089862,37.7725947433984],[-106.74641137883307,37.772562777412105],[-106.7446037464393,37.77262551053744],[-106.74389411128051,37.77260920758094],[-106.74346830617047,37.77245465658682],[-106.7430756370649,37.77227280458672],[-106.74282053300057,37.7721961525925],[-106.74245808692658,37.77225729162438],[-106.7420686518471,37.77232298165866],[-106.74158480974232,37.77234570869309],[-106.74118495964919,37.772300764712575],[-106.74072998853242,37.772144249720014],[-106.74025728141082,37.77197842472739],[-106.7398430072948,37.771741213720944],[-106.73942810217592,37.77147697471078],[-106.73924418912533,37.771380555709115],[-106.73863465995622,37.77104708870185],[-106.73836612787676,37.77085161169183],[-106.73784506673258,37.77056982768605],[-106.73735214657461,37.77009268265115],[-106.73688827942925,37.769675948622826],[-106.73651605430777,37.76929391059343],[-106.73639353226714,37.76916238058292],[-106.73636334425717,37.76912997258036]]},"properties":{"id":"601","name":"BLUE PARK","field_id":"601","forestname":"Rio Grande National Forest","districtname":"Divide Ranger District","seasonal":"seasonal","passengervehicle":"open","highclearancevehicle":"open","mvum_symbol_name":"Roads open to all Vehicles, Seasonal","title":"FSR 601 - BLUE PARK","label":"FSR 601 - BLUE PARK","description":"FSR 601 - BLUE PARK","caltopo_name":"FSR 601 - BLUE PARK"}},{"type":"Feature","geometry":{"type":"LineString","coordinates":[[-106.80543655268363,37.64295609348711],[-106.80544622068702,37.6429683644882],[-106.80555560872978,37.64315149050687],[-106.8056184467556,37.64326975251939],[-106.80567407978116,37.64340004953408],[-106.80564843179366,37.643579280560814],[-106.80544523477685,37.643856609612655],[-106.805258755771,37.64420521867343],[-106.80528340178547,37.644294260684326],[-106.80530891380374,37.64441905570014],[-106.80518598479553,37.64460573773416],[-106.80503336678197,37.64480479477184],[-106.80494185778672,37.64505060781213],[-106.80490287779553,37.64522237683868],[-106.80482792979734,37.64540376986889],[-106.80472923178941,37.64554046489433],[-106.8046083207784,37.64569552392382],[-106.8045105417702,37.645827635948606],[-106.80442822978281,37.6461314959964],[-106.80428883677456,37.64635369803648],[-106.80421091178259,37.64660283407634],[-106.80403965778704,37.64702002014573],[-106.80381283676994,37.64734508720579],[-106.80385317179622,37.64751626322717],[-106.803778852824,37.647952275292994],[-106.80371527084223,37.64827057634163],[-106.80373314285823,37.6483895283571],[-106.80383112689263,37.648515199368454],[-106.80378272388847,37.64857953038056],[-106.80375533989339,37.64868725239739],[-106.80376528590583,37.648788442410925],[-106.80370849990665,37.64892045843306],[-106.80360155890621,37.64914862247188],[-106.80368760394019,37.64929633848701],[-106.8036311069423,37.649440272510766],[-106.80350016492467,37.649551714534816],[-106.80333371891047,37.64977450057668],[-106.80341001494095,37.64990863259054],[-106.80352254998036,37.65005209460345],[-106.80359842601497,37.65022761062311],[-106.80357072102157,37.65035327064251],[-106.80355832602972,37.65046076265835],[-106.80350226003381,37.65062257468459],[-106.80359479306499,37.65072846269347],[-106.8037055491008,37.65084058170207],[-106.80373933012376,37.650993182721294],[-106.80371038813512,37.65116782774755],[-106.80388075718876,37.65132566675877],[-106.80397112421711,37.65140825176452],[-106.80400533824006,37.651560163783564],[-106.80402950025474,37.65165177079484],[-106.80411366228469,37.651764062805206],[-106.80409522829335,37.65188921582391],[-106.80410114031945,37.65213353685769],[-106.80420059838117,37.652525459906194],[-106.80430817943892,37.65286016394615],[-106.80419492944593,37.65317558199759],[-106.80422818247672,37.65340685202781],[-106.80425172453312,37.65391118009692],[-106.80418396256671,37.65438986716827],[-106.80409811561557,37.65505809026732],[-106.80412996265522,37.65537945131023],[-106.80429009971058,37.65557590132749],[-106.80426190571467,37.65567803034356],[-106.80415527171155,37.655879076378575],[-106.804059825703,37.65600303040206],[-106.80405118172773,37.65626545843932],[-106.8036786516653,37.65646141149065],[-106.80343415263174,37.65666342053464],[-106.8033663696289,37.656782639555686],[-106.8032258306059,37.65686228557582],[-106.80281702752197,37.65692520961087],[-106.80212991239021,37.657123450682725],[-106.80149640026629,37.657282161745584],[-106.80091311715599,37.65746525180863],[-106.80046331207646,37.657661576864975],[-106.80017071401063,37.65765010288212],[-106.79995817597592,37.6577709749127],[-106.7996694229373,37.65801871396589],[-106.79938153790245,37.6583024880241],[-106.79916078387869,37.658549197072816],[-106.79892697183492,37.65862690309871],[-106.79871179878917,37.658644968115],[-106.79846555174754,37.658771051148435],[-106.79814668969212,37.658918983189615],[-106.7978890876555,37.65911963323424],[-106.79767364263647,37.659401007287464],[-106.79735022758742,37.659622232339196],[-106.79717261757453,37.65988167438693],[-106.79697712956069,37.66017079443993],[-106.7967123095237,37.660383473486704],[-106.79645426748525,37.66056624252885],[-106.79624854945762,37.6607422535667],[-106.79613998945013,37.660904861596414],[-106.79612646546246,37.66105580761843],[-106.79623561051663,37.6613515506528],[-106.79644030860224,37.661748914695266],[-106.79664946168728,37.66213108173536],[-106.79681521075874,37.662474309772776],[-106.79685223479657,37.662765846811226],[-106.79686935784086,37.663164990865965],[-106.7968292938565,37.66340631890233],[-106.79678830786581,37.66358718993027],[-106.79668957185788,37.66372387795575],[-106.79651194083446,37.66387979398894],[-106.79636808981752,37.664026182018695],[-106.79606732877347,37.66424705806893],[-106.79563294771016,37.66456910314185],[-106.79529817165866,37.66479049519434],[-106.79506517362857,37.665001334238845],[-106.7948892726128,37.66522931928203],[-106.79465865759335,37.665539247340185],[-106.7943931855625,37.665813655395624],[-106.7941952645447,37.666069011444094],[-106.79391844551137,37.6663435915003],[-106.79380836750096,37.666480450526535],[-106.79381140351444,37.666606576543984],[-106.79393932155624,37.66673981455442],[-106.79423679363343,37.66685244855109],[-106.79456805971712,37.66695555454425],[-106.79487687779682,37.667068013540195],[-106.79507192984975,37.6671641705411],[-106.79524538990245,37.667305726549806],[-106.79530531192933,37.66743999756473],[-106.79530921994666,37.66760215958721],[-106.79513287892904,37.6678121266279],[-106.79499075491984,37.66803059466762],[-106.79483707890712,37.66824021570678],[-106.79468622390695,37.66856695376221],[-106.79451291690279,37.668903045820386],[-106.79444690590063,37.66902542784178],[-106.794420222913,37.669205276868674],[-106.79424155991074,37.669571631931404],[-106.7938946158693,37.669918497002186],[-106.79359598183488,37.67022945806491],[-106.79329901080742,37.670605346136604],[-106.7930149527802,37.67095541920382],[-106.79267034273725,37.671282567271746],[-106.79226569268329,37.671631897346614],[-106.79193392064528,37.67197940641655],[-106.79159910159369,37.672200789469024],[-106.79125272853877,37.67241333452102],[-106.79093949048735,37.67258932556575],[-106.79052598742136,37.67283894662721],[-106.79013578736314,37.67311523969094],[-106.78975691930746,37.673391359753936],[-106.78963195431496,37.673737071810365],[-106.78926296525876,37.67398708386903],[-106.78898321222093,37.674223218920005],[-106.78880987921674,37.67455930297818],[-106.78869449123081,37.67494858204008],[-106.7886032972566,37.67540057910922],[-106.78847961328164,37.67591615518933],[-106.7883879843055,37.67635013425592],[-106.78842882935315,37.676729996306456],[-106.7884119773999,37.677226449377045],[-106.78831805643122,37.67773912845483],[-106.78834177947343,37.67810240550411],[-106.78833379550134,37.67839462754557],[-106.78833216352585,37.67863906457986],[-106.78846964059846,37.679054265629155],[-106.78863276169001,37.679600226695094],[-106.78864335575057,37.68017276077448],[-106.78880576082561,37.680557363817925],[-106.78891139188335,37.68089555285844],[-106.78887906690902,37.681218323905654],[-106.78890996095063,37.681560321951544],[-106.78886432098736,37.68202064001889],[-106.78890505404563,37.68250518708406],[-106.78884949306804,37.682846472135374],[-106.78876731808337,37.68317568218675],[-106.78878319810609,37.68336469821215],[-106.78891395116047,37.68361505823879],[-106.78911683324807,37.68403555628462],[-106.78931906733284,37.684429026326704],[-106.78945197839684,37.68476947536576],[-106.78954721243701,37.684957287385956],[-106.78976844251031,37.68519725140531],[-106.79008294961515,37.685543954433626],[-106.7902577566737,37.68573956944976],[-106.79039898872668,37.68595371947063],[-106.79059798579695,37.68621205249402],[-106.79083358088626,37.686577976530074],[-106.7910240619666,37.68695359757037],[-106.79120364304636,37.68734740861391],[-106.79131499011027,37.68773324466075],[-106.79134633315381,37.68809325870913],[-106.79120826716296,37.68848288277249],[-106.79111165716465,37.68870965781041],[-106.79107194617977,37.688944579845845],[-106.79112870321786,37.68919571287732],[-106.79126120026817,37.68940234289769],[-106.7913654113106,37.689592876917665],[-106.79138185432923,37.689740300937274],[-106.79143182636574,37.68999071296905],[-106.79137111537666,37.690229286006314],[-106.7911199123453,37.690466922055705],[-106.79079829630494,37.69076921211871],[-106.79045400325961,37.691071846183156],[-106.79012082921582,37.69136529824561],[-106.78991127519453,37.691611810293544],[-106.78968014017316,37.69190371234925],[-106.78950524516227,37.69217673439868],[-106.78934428416547,37.6925576924623],[-106.78932852819136,37.69284632350374],[-106.78939068622454,37.69303730152643],[-106.78945533124734,37.69312072853395],[-106.78958690130459,37.69339795956425],[-106.78967626935338,37.693682741598344],[-106.78991483344434,37.69405847363557],[-106.79001787948029,37.69418728564698],[-106.79004181049798,37.69430931266255],[-106.79000705451085,37.69451117569299],[-106.78989656850456,37.69468962872504],[-106.78970581347964,37.69485934076104],[-106.78946116444614,37.69506132380505],[-106.78916154840788,37.695336239862776],[-106.7888957263761,37.695601628916975],[-106.7886517113455,37.695830637964704],[-106.78845217932093,37.69602292200441],[-106.788285577299,37.696169655035646],[-106.78796046324324,37.69632779507867],[-106.78771407420194,37.69645770311264],[-106.78750255217206,37.69662313114937],[-106.78735992016091,37.69682354518659]]},"properties":{"id":"430","name":"LAKE FORK","field_id":"430","forestname":"Rio Grande National Forest","districtname":"Divide Ranger District","seasonal":"seasonal","passengervehicle":"open","highclearancevehicle":"open","mvum_symbol_name":"Roads open to all Vehicles, Seasonal","title":"FSR 430 - LAKE FORK","label":"FSR 430 - LAKE FORK","description":"FSR 430 - LAKE FORK","caltopo_name":"FSR 430 - LAKE FORK"}},{"type":"Feature","geometry":{"type":"LineString","coordinates":[[-106.79602943613907,37.53931953555512],[-106.79570452609258,37.539571188611205],[-106.79543243104303,37.53967625464332],[-106.79524834399813,37.53963419764911],[-106.79516553895745,37.53941117462309],[-106.79521365093359,37.539068412571865],[-106.795263643918,37.53880412153156],[-106.7952740909051,37.53865257150961],[-106.79541706691617,37.53844854347186],[-106.79569606296668,37.538337766438474],[-106.79584118698723,37.538223417413164],[-106.79619330503573,37.537932100349835],[-106.7964406460646,37.53767602029806],[-106.79656021306096,37.53737702724844],[-106.79662862603818,37.53700031319119],[-106.79668874503787,37.53686482916834],[-106.79682454004674,37.53665530113022],[-106.79692810006101,37.53656961911161],[-106.79717243210618,37.53648179408366],[-106.79736910615244,37.5365098860751],[-106.79756659319263,37.536475793057704],[-106.79772103822484,37.53645662004519],[-106.79784230825818,37.536522058046614],[-106.79789440628146,37.53663901205973],[-106.7978619042856,37.536751648077605],[-106.79774067226553,37.5368181250947],[-106.79756180223049,37.53686275211234],[-106.7973878552008,37.53694950713565],[-106.79723636918168,37.53709198916532],[-106.797015842153,37.53729159320742],[-106.79690793314906,37.53748948224208],[-106.79685539015333,37.53764727926756],[-106.79698571919715,37.53779668628029],[-106.79699504620878,37.53789186429304],[-106.79675394218799,37.53821468935377],[-106.7966428881896,37.53847475039738],[-106.7966331162055,37.538654324423185],[-106.79681325626251,37.53882540143574],[-106.79692267629737,37.53893175544371]]},"properties":{"id":"413","name":"BIG MEADOWS CG","field_id":"413","forestname":"Rio Grande National Forest","districtname":"Divide Ranger District","seasonal":"seasonal","passengervehicle":"open","highclearancevehicle":"open","mvum_symbol_name":"Roads open to all Vehicles, Seasonal","title":"FSR 413 - BIG MEADOWS CG","label":"FSR 413 - BIG MEADOWS CG","description":"FSR 413 - BIG MEADOWS CG","caltopo_name":"FSR 413 - BIG MEADOWS CG"}},{"type":"Feature","geometry":{"type":"LineString","coordinates":[[-106.71229841259944,37.804972349142176],[-106.71208527053255,37.80478078212917],[-106.71134478225773,37.803701069026104],[-106.7110976151645,37.803326156989684],[-106.71110110713701,37.803050261950894],[-106.71096661806187,37.802608418897854],[-106.7108948190031,37.80219032284405],[-106.71075293989347,37.80142805874669],[-106.71058795881422,37.80101131569913],[-106.71030760070879,37.80058891265819],[-106.710268563678,37.800373186630544],[-106.71025388465998,37.80022920461137],[-106.71026170664598,37.80007589258945],[-106.71028233664127,37.79998547057551],[-106.7103364056412,37.79986752755551],[-106.710413401647,37.79975826253526],[-106.71057996966702,37.79959362350152],[-106.71081466170205,37.79942799546324],[-106.71109434074512,37.799243697419406],[-106.71137506979304,37.799104436381825],[-106.7116120458387,37.79903790735723],[-106.711882250888,37.79893484532538],[-106.7121066239254,37.79881443429406],[-106.71216235293303,37.79876856328406],[-106.7123165209457,37.798559041244836],[-106.71247006495545,37.798322492201855],[-106.71259902795151,37.79800519014921],[-106.71260872894628,37.79793295113847],[-106.71259092591366,37.79765383210065],[-106.71254030987946,37.797429272072534],[-106.71251428585893,37.79728545505408],[-106.71247876884463,37.79722288604767],[-106.71244366783232,37.79717833504366],[-106.71229357578818,37.797072371038546],[-106.71209766373215,37.79694903903398],[-106.7119938187019,37.796878451030786],[-106.71172583661242,37.7965849430071],[-106.7115063785475,37.79642591299902],[-106.71098820940115,37.796118013989435],[-106.70830272968178,37.79490428899319],[-106.7076718815143,37.7946340489961],[-106.70746503545767,37.79452890199477],[-106.70722289638778,37.79437019198821],[-106.70689942129165,37.79413154997573],[-106.70670268623175,37.79397218096614],[-106.70665582321494,37.79390977496043],[-106.70644318713119,37.79355236692421],[-106.70627658706036,37.79322132888866],[-106.70622806703581,37.79308684887301],[-106.70615498699755,37.79287161384766],[-106.70603027892027,37.79238676078794],[-106.70594459287372,37.79211763575581],[-106.70581122880648,37.79175007471307],[-106.70571460575937,37.791499131684205],[-106.70581101273692,37.791071431618185],[-106.70594796674985,37.79090177758565],[-106.70611112772852,37.79034051449666],[-106.70627749872217,37.78991892942696],[-106.70638571871038,37.78956981837118],[-106.70648498971927,37.78944220934692],[-106.7067776027762,37.78936510531726],[-106.70708250981806,37.78911413026252],[-106.70722929081252,37.78874216920107],[-106.70731282678793,37.78832181813692],[-106.70729600071776,37.7876730920473],[-106.70744125768879,37.78707617995449],[-106.70750233167081,37.786768878907566],[-106.70755411466006,37.786551834873876],[-106.70758506065306,37.78641621185291],[-106.70765089065738,37.78631612283466],[-106.7077388036638,37.786188677811204],[-106.70786118567965,37.786078756787965],[-106.70800606469952,37.785959496761905],[-106.70814062772176,37.78588544774289],[-106.70824154973843,37.78582991072859],[-106.70841037576912,37.785764376708556],[-106.70873771183284,37.78567852767541],[-106.70888404085952,37.78562233165811],[-106.70898536587806,37.785584812646334],[-106.70922105591795,37.78546423461428],[-106.70937728194032,37.78534480858753],[-106.70953247095787,37.785180345554494],[-106.70968745097443,37.785006863520266],[-106.70981911498313,37.7848066834838],[-106.71001513998931,37.78444334942032],[-106.7102319979918,37.78399861134415],[-106.710352087997,37.78378958630718],[-106.71050749001552,37.783634122275444],[-106.7106866110439,37.78352337424839],[-106.71095676109319,37.783420316216585],[-106.71114786712693,37.78333643919252],[-106.71127127814762,37.78327156117551],[-106.71152716618083,37.783042538126956],[-106.7118608492238,37.78274028606319],[-106.71202675524094,37.78254862702568],[-106.71212704625465,37.78246605900768],[-106.7122056742683,37.7824288669974],[-106.71223931227387,37.78241035399264],[-106.71225045527538,37.782401179990636],[-106.71249997632935,37.7823885399728],[-106.71293006641847,37.78232821393658],[-106.71315688446744,37.78231591192027],[-106.71332736250591,37.782322444910164],[-106.7134873205457,37.78236517890585],[-106.71372818360976,37.782469821904925],[-106.71413129572431,37.78271629891334],[-106.71428031976356,37.78277721591229],[-106.71455544783608,37.78289036991031],[-106.71480850890657,37.783030881913675],[-106.71506072697309,37.783135365912024],[-106.71548447908295,37.7832914149065],[-106.7159187381914,37.78341126089519],[-106.71600975821237,37.783418947890404],[-106.71623677626235,37.78341563987531],[-106.7166788573568,37.783382170842096],[-106.7169502494119,37.78333315381774],[-106.717108115442,37.783285791800914],[-106.71750239949264,37.78292699872535],[-106.71793089055912,37.78264953765893],[-106.71867050771749,37.78259611160372],[-106.71880568074262,37.78254908758848],[-106.71902031178523,37.78250089456788],[-106.71950716388677,37.78243971552793],[-106.72003982700029,37.78239589848744],[-106.72097020120312,37.78236428542297],[-106.72138997829454,37.78234914839377],[-106.72203719643782,37.78234870035198],[-106.72251436754465,37.78235974832273],[-106.72304911966785,37.782406010294686],[-106.72385839586063,37.78253836526099],[-106.72447365600614,37.78262850223387],[-106.72531573320063,37.78270629419044],[-106.72582904432457,37.7828069301714],[-106.72628559943612,37.78290838615608],[-106.72666374553498,37.78305605215237],[-106.727146361667,37.78330131815547],[-106.72760732679886,37.78359196116639],[-106.72794321990227,37.783875434184296],[-106.72837328604116,37.78430171021612],[-106.72868942015317,37.784711632253014],[-106.72896183226295,37.785194292302876],[-106.72925084839942,37.785902004383125],[-106.72945221648068,37.786259536420104],[-106.72977004660042,37.786741527466944],[-106.72996174968695,37.78717129751461],[-106.73016480577593,37.78760090056152],[-106.73028566883484,37.78791455159754],[-106.7303798478703,37.78805736361145],[-106.7305427689237,37.788226201624504],[-106.73092536504295,37.78856304364691],[-106.73120495313587,37.7888653486711],[-106.73153833827895,37.78954133774401],[-106.73167121934185,37.78986786078108],[-106.73213392253135,37.79071721486985],[-106.7325949537131,37.791494493948704],[-106.73271289875845,37.791682014967286],[-106.73322775793915,37.79233232902488],[-106.73375376912132,37.7929734650805],[-106.73404705522744,37.79337469611763],[-106.73435296234183,37.793829813161445],[-106.7346485734586,37.79433014121224],[-106.73510104065052,37.79522469530801],[-106.73523119470222,37.79544808233081],[-106.73544186477628,37.79571534335452],[-106.7357093028628,37.79598176737448],[-106.73602195595839,37.796238512390154],[-106.73648324809128,37.79653812640219],[-106.73708351626671,37.79695285642134],[-106.73755828141176,37.79734238844514],[-106.73794095653106,37.79767920546747],[-106.73823153962452,37.797963306488356],[-106.73847755571191,37.79828411351726],[-106.73870108879527,37.79861426354895],[-106.7389342768734,37.79887217356994],[-106.73996395518392,37.79967707361583],[-106.7403929153171,37.80004924664007],[-106.74078993145251,37.800512011679054],[-106.74107686854387,37.80078324869839],[-106.74157828569139,37.801139118715724],[-106.74191471880246,37.80149574074383],[-106.74233086192632,37.801805010760134],[-106.74285237308722,37.80224790178826],[-106.74299236613177,37.80237998579763]]},"properties":{"id":"610","name":"ALDER","field_id":"610","forestname":"Rio Grande National Forest","districtname":"Divide Ranger District","seasonal":"seasonal","passengervehicle":"open","highclearancevehicle":null,"mvum_symbol_name":"Special Designation, Seasonal","title":"FSR 610 - ALDER","label":"FSR 610 - ALDER","description":"FSR 610 - ALDER","caltopo_name":"FSR 610 - ALDER"}},{"type":"Feature","geometry":{"type":"LineString","coordinates":[[-106.64526102190275,37.718493383354044],[-106.6452844609153,37.71856538036266],[-106.64542255795489,37.718653577366176],[-106.64552423697548,37.7186341323569],[-106.64568202800564,37.71858686734014],[-106.64572520200504,37.718487128323375],[-106.64581869798602,37.718096352262535],[-106.6458290519839,37.7180530842558],[-106.64597071398848,37.71778974620978],[-106.64632765903959,37.71751438914822],[-106.6467792431347,37.71746500811227],[-106.6473400832497,37.7173733340634],[-106.64775901032777,37.71722775001607],[-106.64800877836959,37.717094359981296],[-106.64813154038742,37.71700251996055],[-106.64829467839127,37.71668481390546],[-106.64853620640777,37.71632094083893],[-106.64885852244849,37.7160190227759],[-106.64930557951668,37.715715359704575],[-106.64944515653983,37.71563858568481],[-106.64967545357797,37.715511910652246],[-106.64993529663064,37.715463211628744],[-106.65069323280252,37.71550137258541],[-106.65077575182129,37.71550552758069],[-106.65099163987064,37.71552052856894],[-106.65118724492662,37.71564397057364],[-106.65159672702228,37.715692308554125],[-106.65206311713148,37.715748858532095],[-106.65221275817449,37.71584590653609],[-106.65247861625602,37.71606748955011],[-106.65275520633713,37.71626188355962],[-106.65296387439099,37.716336860556716],[-106.65297249739326,37.71633995755658],[-106.6532558254547,37.71632697053658],[-106.65373177055771,37.7163022695025],[-106.65424293067402,37.71633115547371],[-106.65467690578333,37.71646024946392],[-106.65511329890425,37.71669746546915],[-106.65590908614006,37.7172811144999],[-106.65649853732042,37.71776851253033],[-106.65660342235634,37.7178932115411],[-106.65674112939399,37.71796338454208],[-106.6570608964745,37.71805802553483],[-106.6572336335245,37.7181727575398],[-106.65746548959854,37.718394806556056],[-106.65767264365788,37.71852708756128],[-106.65799342974326,37.71866677356026],[-106.65826743181184,37.718744030553474],[-106.65870244292604,37.718918166549926],[-106.65908254403634,37.7191741755614],[-106.65926642808786,37.719279735564385],[-106.65966499418299,37.71934623154809],[-106.66021221431635,37.719464697529524],[-106.66059032241708,37.7196306155285],[-106.66102352152255,37.71972364751369],[-106.66164893266767,37.719786939482425],[-106.66206167677873,37.71997939248283],[-106.66249769889774,37.72019855248557],[-106.66296754902324,37.72040822948475],[-106.66338271714584,37.720708791500215],[-106.66378754327081,37.72105456852269],[-106.6639274803191,37.721223828537426],[-106.66400096536006,37.72146612456668],[-106.66415063240312,37.72156314757063],[-106.66448097148225,37.7216215785576],[-106.66473149954204,37.721663102547296],[-106.66499479261105,37.72176753154504],[-106.66537553472426,37.72205055656024],[-106.66571273783619,37.72241529858969],[-106.66608436395752,37.722797576619406],[-106.66624760001365,37.72299355063638],[-106.66637800906807,37.723244052663084],[-106.66650701811575,37.72343148768105],[-106.6666803871686,37.723573234689816],[-106.66689790522568,37.72366028168801],[-106.66737873835179,37.723851760683964],[-106.66776801445403,37.724008475680904],[-106.66792984250341,37.724141370689104],[-106.66810522656594,37.724373218710326],[-106.66831788565135,37.72474872774927],[-106.6685404737325,37.72506100977878],[-106.66889936984461,37.72538038180045],[-106.66933928698188,37.725770694826885],[-106.66964310408918,37.726162943862285],[-106.66989060318592,37.72657400490402],[-106.67006540324552,37.72677881292145],[-106.67036739534416,37.727089964945705],[-106.6710036065403,37.727630707980566],[-106.67179194979106,37.72837657403439],[-106.6726489650597,37.72914849708745],[-106.67310998919427,37.72946639710232],[-106.67343348729216,37.72972317111754],[-106.67374603838942,37.729998115135984],[-106.67415258652213,37.730415930168384],[-106.67439790460831,37.73072787719631],[-106.6745492276591,37.73089696121027],[-106.67468565969996,37.731001517216136],[-106.67473396271447,37.73103853321824],[-106.67496327177595,37.73114343221813],[-106.6750821828059,37.731178452215445],[-106.67548872590818,37.73129818420603],[-106.6758776620085,37.73143685220049],[-106.67603890105505,37.731542716204935],[-106.67622588612106,37.731783389226635],[-106.67638270119782,37.73219572627431],[-106.67652633426344,37.73252713931149],[-106.6766331033081,37.73273290433348],[-106.67686303037253,37.732864827337146],[-106.67717296445727,37.73302263833933],[-106.67740350352462,37.73318157934676],[-106.6777243776099,37.73332120934571],[-106.67835337277137,37.733537570335535],[-106.67876460787477,37.73365788532594],[-106.67912862395956,37.733697770308154],[-106.67939986401464,37.73364884328382],[-106.67981693609453,37.73352573923974],[-106.68041510321244,37.733382035181144],[-106.68065353126583,37.7333876471666],[-106.6808711043229,37.7334746681648],[-106.68098719336044,37.733590172173514],[-106.68109294640026,37.733750885189245],[-106.68115577944162,37.73402035922294],[-106.68115441948639,37.73446198228486],[-106.68118648153572,37.73487610134085],[-106.6814529596707,37.735620322427955],[-106.68160030275367,37.73611389748762],[-106.68161775078514,37.736384018524305],[-106.68154506579945,37.73668246157081],[-106.68132552378421,37.73701003763083],[-106.68125120679082,37.737236406667286],[-106.68125873682652,37.73756975471352],[-106.6813258538882,37.73802842577344],[-106.68133074591132,37.738244660803396],[-106.68123129290136,37.73836323982641],[-106.68093836584609,37.73845753285848],[-106.68049878276219,37.73858997490531],[-106.6802753497286,37.73874636994157],[-106.6801645497162,37.73886510996533],[-106.68014532172757,37.739018593988085],[-106.68032282879979,37.73934050602176],[-106.68060283689631,37.73967898105112],[-106.68084780598065,37.73997290307656],[-106.68111260205637,37.740140360082954],[-106.68146756014923,37.7402794930796],[-106.68166287220328,37.740384853081814],[-106.68188371927577,37.74061603109996],[-106.68215424137861,37.741035748141336],[-106.68244499847478,37.74134702816622],[-106.68267883855754,37.74165010819366],[-106.68294793065355,37.742006767226265],[-106.6831126827165,37.74226577125194],[-106.68321608679629,37.742823057323335],[-106.68330570886204,37.74327239238054],[-106.68341598292305,37.74363131942369],[-106.6836494160039,37.74391637744856],[-106.68402043812145,37.74426255647316],[-106.68432562523464,37.744708809516034],[-106.68450581931937,37.74514784656589],[-106.68455936136793,37.74550757261281],[-106.68451917743361,37.746238143717726],[-106.68443637545131,37.746590807772414],[-106.68428141143463,37.74676425680667],[-106.68395789038829,37.74701221286224],[-106.68374600135817,37.74717746189902],[-106.68366984535615,37.747322746924254],[-106.6836402983699,37.74752143995398],[-106.68371428541288,37.747781739985676],[-106.68390276648566,37.748085465016096],[-106.68423833258896,37.74836906303421],[-106.68456215668783,37.74863481205057],[-106.68477128275596,37.74884811706696],[-106.68482218479203,37.749090721097645],[-106.68486562284394,37.7495046661528],[-106.68487236587578,37.74980197519402],[-106.68494017991351,37.7500240602207],[-106.68509048698637,37.75041169226532],[-106.68522182804476,37.750698208296996],[-106.68541072211944,37.75101994932987],[-106.68559819718742,37.75127862335403],[-106.68585537827809,37.75160839938364],[-106.68601974233913,37.75184937940679],[-106.68606860636554,37.75200188942501],[-106.68609436738504,37.7521367054422],[-106.68608934841245,37.752416158481665],[-106.68609446143657,37.752641392512835],[-106.68613116045664,37.75275802752684],[-106.68627508452329,37.75309843456525],[-106.68644763562294,37.753699779638254],[-106.6865259346862,37.75414927369616],[-106.68654442972249,37.754464438739106],[-106.686516525744,37.75473520677881],[-106.68647930777264,37.75509623183178],[-106.68638475078588,37.75543103988472],[-106.68631145579738,37.75570244892743],[-106.6862245507957,37.75587492595716],[-106.6862248787976,37.755892864959655],[-106.68584129777393,37.756493246068395],[-106.68552529376333,37.75707454417011],[-106.68501667776275,37.758172297356545],[-106.68492937075918,37.758326754383795],[-106.68486353175481,37.758426831402055],[-106.68466397173206,37.75863696744436],[-106.68425247867923,37.7590123455234],[-106.68389792563988,37.7593959285999],[-106.68357700460604,37.759760997671684],[-106.68339102059643,37.76007007272695],[-106.68323766058752,37.760315595771175],[-106.68300649656885,37.76063432783068],[-106.68295302257184,37.76077927985443],[-106.68292244958077,37.76093292487792],[-106.68289717261479,37.7613208149338],[-106.68286537361793,37.76142040394979],[-106.682788590613,37.7615386599713],[-106.68267857760445,37.761693440000045],[-106.6826354306051,37.76179319201678],[-106.68262571461031,37.76186542902756],[-106.6826395016244,37.761973379041756],[-106.68275911067838,37.762242040071655],[-106.68283045670881,37.76238521708709],[-106.68283270171945,37.76248431110082],[-106.68281286372796,37.762610766119785],[-106.68272840473794,37.76289135316453],[-106.68237348874824,37.76376160130921],[-106.68208135074839,37.764396623416914],[-106.68199566375259,37.764623154454135],[-106.68191200476636,37.76493977850384],[-106.68189257277685,37.76508424352532],[-106.681905961789,37.76517417453704],[-106.68206236383024,37.76523821853591],[-106.68217897187469,37.76542038555389],[-106.68225720191661,37.76566088858256],[-106.68226996494089,37.76587042161103],[-106.68260623507616,37.76646477367257],[-106.68287307516688,37.76677356269857],[-106.68300525622918,37.76709611673522],[-106.68307958928679,37.76749851578674],[-106.68318618434353,37.76782264282522],[-106.68341506144176,37.76828683987545],[-106.68375471255683,37.76867591190803],[-106.68409347566782,37.76902721693534],[-106.68417740670658,37.76922428795751],[-106.68419161772258,37.76935025597426],[-106.68417402874175,37.76957581400696],[-106.68412055074474,37.76972077503068],[-106.68405470174038,37.76982085204896],[-106.68396554072812,37.76989422406494],[-106.68387104071924,37.77001204108751],[-106.68375280569697,37.770050500100496],[-106.68344877263108,37.77006535412218],[-106.68311142855681,37.77007017414457],[-106.68281435749411,37.770100679168024],[-106.68267660146644,37.77012892718083],[-106.68258558545607,37.770224747200125],[-106.68256234346546,37.77036689622151],[-106.68263396350596,37.77060748325057],[-106.68275946056261,37.770889325281914],[-106.68296444663727,37.77117527630874],[-106.68307575968647,37.77141529633514],[-106.68319749772539,37.77153173534361],[-106.68328647175841,37.77166178135605],[-106.68345469680831,37.77178543236253],[-106.68366839686452,37.77187167236079],[-106.68388679591314,37.771873804347045],[-106.68407672594634,37.77178705032267],[-106.68428494497661,37.77163174828751],[-106.6845128200136,37.771499588254315],[-106.68471691205761,37.77148765723948],[-106.68498467312425,37.77155871923218],[-106.68535879322327,37.77171619323009],[-106.68575735431853,37.7717840212139],[-106.68599707038004,37.77186589220991],[-106.68623949945182,37.772042667219026],[-106.68649065652943,37.772256746232785],[-106.6867341576072,37.772489615249675],[-106.68673714162128,37.772620890267845],[-106.68669346962349,37.772737062286915],[-106.68660240461044,37.77280665130254],[-106.6864652815883,37.77288740032268],[-106.68632923157122,37.77301540234936],[-106.6861922385497,37.773101402370244],[-106.68596467750552,37.77316295939351],[-106.68553179342686,37.77333197844506],[-106.68527029938329,37.773472282481556],[-106.68499592833847,37.77362853252107],[-106.68484927932556,37.77381993255731],[-106.68466450532172,37.774183065620036],[-106.68446333229534,37.77436097865792],[-106.68433490628453,37.77453351569031],[-106.68417549027633,37.77479842173765],[-106.6839596912401,37.774911807767424],[-106.68368859418096,37.774920936786216],[-106.6833371600998,37.77488918880438],[-106.6831122530503,37.77489240281934],[-106.68303513104348,37.774993296838446],[-106.68303894106154,37.7751613218617],[-106.6831152800945,37.77531780187868],[-106.6832728991539,37.775557158902004],[-106.68347612522017,37.77576435791789],[-106.6836831002743,37.77584543991589],[-106.68454366446649,37.775859398862366],[-106.68538199264299,37.77576862279564],[-106.68593444575012,37.77561890073908],[-106.6865723888857,37.77556249069006],[-106.68710773100143,37.77553381765155],[-106.68763718211906,37.775536742617824],[-106.6879879041968,37.775536971595265],[-106.6882702072493,37.77543837856325],[-106.6885724683067,37.77534475353063],[-106.68886292936799,37.77531432750768],[-106.68909457341951,37.775316260493035],[-106.68939536649964,37.77544851049213],[-106.689658130579,37.77565483550403],[-106.69010044671953,37.776069903533624],[-106.69020957677492,37.77637475456919],[-106.69035295383873,37.776688126603844],[-106.69061250594012,37.77711698964707],[-106.69075301199047,37.77730423066421],[-106.6911372211184,37.77772229169792],[-106.69140566821069,37.77804287872549],[-106.69162913729492,37.7783821357585],[-106.69171412633857,37.778624245786915],[-106.6917415513658,37.77883113381408],[-106.69173552938847,37.779065538847256],[-106.69168411440111,37.779300595883456],[-106.69160938040586,37.77950894191738],[-106.6913725844119,37.78008011401259],[-106.69123302741713,37.78043359507102],[-106.69116012843057,37.78072302511622],[-106.69111199645876,37.781102230172365],[-106.69100668447247,37.78146423222976],[-106.69094247747589,37.78163638625798],[-106.69083327547119,37.781827211291706],[-106.69029551843589,37.78264602244096],[-106.6901099304282,37.78297312549866],[-106.6900238374305,37.78318163353339],[-106.6899821244379,37.78334445255887],[-106.68993130645347,37.7836065365988],[-106.69001181549785,37.78386578262983],[-106.68991258050463,37.78414665667553],[-106.68966991947559,37.78438847572499],[-106.6894597634383,37.78447874675121],[-106.6891835063892,37.7845973987856],[-106.68873106331316,37.7848342838479],[-106.68838160924767,37.78495107388675],[-106.68782286214473,37.78515469795135],[-106.6871259540062,37.78531043201804],[-106.68665233492139,37.785507049076124],[-106.68628486285478,37.78565179112005],[-106.68581796976291,37.78576522216601]]},"properties":{"id":"610","name":"ALDER","field_id":"610","forestname":"Rio Grande National Forest","districtname":"Divide Ranger District","seasonal":"seasonal","passengervehicle":"open","highclearancevehicle":"open","mvum_symbol_name":"Roads open to all Vehicles, Seasonal","title":"FSR 610 - ALDER","label":"FSR 610 - ALDER","description":"FSR 610 - ALDER","caltopo_name":"FSR 610 - ALDER"}},{"type":"Feature","geometry":{"type":"LineString","coordinates":[[-106.6528755580144,37.79118683804927],[-106.6526617229626,37.79114438805707],[-106.65248410391517,37.79106584105756],[-106.65229991186219,37.79094686905278],[-106.65216129282008,37.79083626104625],[-106.65206714278368,37.790684510031106],[-106.65196722174551,37.790528338015676],[-106.65189048771477,37.79039435100185],[-106.65175216967414,37.79029724499717],[-106.65157442863374,37.79028765700729],[-106.65146920461457,37.79032822501977],[-106.65135140859464,37.79038840303583],[-106.65117689956213,37.79044937705556],[-106.65092976251877,37.79056089208713],[-106.6507056134818,37.790685590119054],[-106.650503545447,37.790782966145706],[-106.65019889438722,37.790859267176025],[-106.64991582432712,37.790885744197986],[-106.64962321326287,37.79089176721772],[-106.64927168318728,37.79091471424359],[-106.6489878591247,37.79091868826244],[-106.64860146803773,37.790906072285594],[-106.64815242094039,37.790928439317675],[-106.64785480786239,37.79081104632043],[-106.6473856557401,37.79063302332579],[-106.64703053264567,37.79048041532732],[-106.64641743548431,37.79023236733214],[-106.64603415938464,37.79008915433679],[-106.6457304823034,37.789953832337424],[-106.64522582015702,37.78961709832286],[-106.64495367508063,37.789460448318465],[-106.64445101392701,37.78904967129335],[-106.64416402783581,37.78878055327419],[-106.64388723975146,37.78855640526067],[-106.64368823168924,37.78837958224874],[-106.64333902059421,37.788208010247246],[-106.64292419150134,37.78819949027279],[-106.64261654442768,37.788146552285205],[-106.64244235337466,37.78800619627676],[-106.64213137327921,37.787747789260635],[-106.64188550020377,37.78754341124789],[-106.64149802508224,37.78719610622426],[-106.6409950219245,37.786745236193546],[-106.64058507480004,37.78641762317408],[-106.64040858073548,37.7861694521507],[-106.6402850046837,37.78593107212531],[-106.64018650662605,37.78558128008267],[-106.64009427857253,37.785258413043444],[-106.63982642244292,37.78457254996466],[-106.63938062426173,37.78376824488074],[-106.63913728115786,37.7832809008282],[-106.63880171702743,37.78273382677317],[-106.63856042494069,37.78240922574329],[-106.63835373587554,37.78222029973017],[-106.63801366777646,37.78198944471972],[-106.63760616666427,37.78177634871616],[-106.63721993856387,37.78163268472093],[-106.63693250549078,37.7815412997267],[-106.63661425140724,37.78141457372944],[-106.63631681632033,37.78121006071994],[-106.63606417024205,37.78099300270583],[-106.6360206772276,37.780945905702055],[-106.63578779315014,37.78069371768175],[-106.63527606099558,37.78029256965851],[-106.63499882890919,37.78004917064228],[-106.63470519382275,37.77984146463214],[-106.63443537674901,37.77970582563052],[-106.63419493368544,37.779605612632],[-106.63393767661908,37.779514636635795],[-106.63369067154987,37.779373994632046],[-106.63349410748908,37.77920563962111],[-106.63334231543539,37.779009651603474],[-106.63319559937999,37.77878658058161],[-106.63306012632663,37.778558850558504],[-106.63296085629138,37.77842966554675],[-106.63286336826482,37.77838149254632],[-106.63273822223539,37.778365218552075],[-106.63262520921234,37.778384793562104],[-106.6325186571944,37.778440295576765],[-106.63246482319586,37.778571602598625],[-106.63262416526003,37.7788530286278],[-106.63294733338371,37.779361790678216],[-106.63326045251122,37.77992921773754],[-106.6334269565839,37.78027807477569],[-106.6336287746703,37.780684968819656],[-106.63384546277632,37.78125193088509],[-106.63397276583392,37.781538784917075],[-106.63406193789875,37.78197914197302],[-106.63417019396034,37.78234594201741],[-106.63430397303169,37.78275377806587],[-106.63434986407654,37.78309241311034],[-106.63436577514804,37.783756891202394],[-106.63436365319048,37.78417561626116],[-106.63442472422422,37.784372862284876],[-106.63462249429084,37.78459522330327],[-106.63492095337318,37.78475315830615],[-106.63514509643643,37.784885109310146],[-106.63523184647248,37.7850494703276],[-106.63520963648192,37.78518966834867],[-106.63502134145384,37.785323365379554],[-106.63479318741467,37.78543536440989],[-106.63452165137119,37.78559936245036],[-106.63414115231743,37.7858982715168],[-106.63395381429727,37.78610804555824],[-106.6338943993034,37.78629619058839],[-106.63389770832623,37.78651243061846],[-106.63385118433742,37.78672235065088],[-106.6336767913199,37.786929159691105],[-106.63339885527141,37.78705808672707],[-106.63323289124264,37.78713664174873],[-106.63314490123953,37.787296910776895],[-106.63319538726611,37.78744740979468],[-106.63349399436186,37.7877357998158],[-106.63357169038967,37.787839042825254],[-106.63360127341122,37.787985295843846],[-106.63358610544473,37.78834567089531],[-106.63352988048901,37.788899822976504],[-106.63351671251576,37.78918962101796],[-106.63346919755679,37.789693583091584],[-106.63347688356411,37.7897484600988],[-106.63352436458334,37.78983313410756],[-106.63360224661425,37.78996651812121],[-106.63368652864605,37.790094643133735],[-106.63380878768761,37.79023544814557],[-106.63394789773758,37.79042200616271],[-106.6340661217832,37.79061172018165],[-106.63417806082855,37.790811863202485],[-106.63425102386579,37.79101771922657],[-106.63431448690707,37.7912833422597],[-106.63437598194423,37.7915129862879],[-106.63448204698766,37.79170727930825],[-106.63453717301738,37.79187794032857],[-106.63456903803922,37.79202235934677],[-106.63459388706137,37.79218478136792],[-106.63461166607722,37.79230098738302],[-106.63460478209235,37.79246384840624],[-106.63462193011203,37.7926189034269],[-106.63465883614033,37.79281491645197],[-106.63473311318394,37.79308022848427],[-106.63482683323137,37.793340616514705],[-106.63493328728032,37.79358738054238],[-106.63505334433486,37.7938598145728],[-106.6350556803462,37.79396580158747],[-106.63499560934143,37.794049382603056],[-106.63491502332766,37.79408928961387],[-106.6347848332995,37.79409626762324],[-106.6346569892676,37.79406184062666],[-106.63444633721107,37.79396650062686],[-106.63422905615258,37.793866081626845],[-106.63405581010663,37.79379234762768],[-106.63390467207125,37.793774151634885],[-106.63377754304261,37.793770106642505],[-106.63366664201881,37.793778206650785],[-106.63358171599901,37.79376904165498],[-106.6334836579718,37.7937155336538],[-106.63339593094244,37.79361905264599],[-106.63336119192475,37.79352127163453],[-106.63327690589291,37.793393148621995],[-106.63314506585671,37.79332515862098],[-106.63299070781687,37.79327040962331],[-106.63285240877948,37.793205094623055],[-106.63270045473621,37.79311152461976],[-106.63132009330637,37.79190486353978]]},"properties":{"id":"615","name":"BEAR CUTOFF","field_id":"615","forestname":"Rio Grande National Forest","districtname":"Divide Ranger District","seasonal":"seasonal","passengervehicle":"open","highclearancevehicle":"open","mvum_symbol_name":"Roads open to all Vehicles, Seasonal","title":"FSR 615 - BEAR CUTOFF","label":"FSR 615 - BEAR CUTOFF","description":"FSR 615 - BEAR CUTOFF","caltopo_name":"FSR 615 - BEAR CUTOFF"}},{"type":"Feature","geometry":{"type":"LineString","coordinates":[[-106.5557503166644,37.70497290120174],[-106.55575516983136,37.7066049534309],[-106.55575821793616,37.70762957757473],[-106.55575892196025,37.70786505660781],[-106.55576037601014,37.708352388676204],[-106.55576680013323,37.7095493358441],[-106.55576988719244,37.710125544924885],[-106.55577212423532,37.710542289983344],[-106.55577774031903,37.71135334909699],[-106.55577272245901,37.71274134929244],[-106.55578820948263,37.71293942931927],[-106.55581258849621,37.71302022032908],[-106.55584774450949,37.71307383033436],[-106.55595377655212,37.71326169335397],[-106.55618530962617,37.71348394937034],[-106.55640607970057,37.713733393391244],[-106.55656882275571,37.713920507407074],[-106.556753861814,37.71408930041894],[-106.55692719486781,37.714240233429074],[-106.55708899691822,37.714382295438654],[-106.55715912194377,37.714480506447934],[-106.55719522296185,37.71457916745953],[-106.55723866801722,37.715029226519945],[-106.55727439103336,37.715109867528994],[-106.55730973704759,37.715172487535526],[-106.5573792980703,37.71524366854108],[-106.5574596350926,37.71528766954209],[-106.55759668112746,37.7153309215394],[-106.55779062717573,37.71538243353421],[-106.55821196627701,37.71545798551779],[-106.55859928137076,37.71553397750362],[-106.55883935043289,37.715620936500414],[-106.55901212448389,37.715744826506736],[-106.55907015650308,37.71580714651177],[-106.55912874352519,37.71589649652054],[-106.55917618854576,37.715995005531354],[-106.55920095056132,37.71609381554365],[-106.55921437057437,37.71619277555669],[-106.55921720358874,37.71632793457553],[-106.55920888360157,37.716472244596346],[-106.55918846560805,37.7165806646129],[-106.5591364766195,37.716806664648004],[-106.55899601562241,37.71714198470412],[-106.5588996006286,37.71741363374851],[-106.55889014663573,37.71750388376182],[-106.55889203464531,37.717593983774336],[-106.55890507665642,37.7176749237849],[-106.55891830766852,37.71776488279666],[-106.55909486373866,37.71806897182807],[-106.55955005090146,37.71867580788418],[-106.55996895104529,37.71917497292739],[-106.5607128222966,37.720021320998605],[-106.56088786735906,37.72025332701995],[-106.56100583340711,37.72046807404258],[-106.56118391748495,37.720844239083995],[-106.56127844252417,37.721023237103104],[-106.5613948865645,37.72116590311566],[-106.56156805561739,37.72130780812445],[-106.56173044967068,37.7214768941378],[-106.56197393775008,37.721726026157214],[-106.56213538779855,37.72185006116427],[-106.56227490984591,37.7220104361778],[-106.56234732088295,37.722216763202155],[-106.56238551491157,37.72241454022753],[-106.56234354991882,37.72257732125308],[-106.5622681239214,37.72276758328463],[-106.56215828891462,37.72294027631598],[-106.56203578589856,37.72305004933929],[-106.56178113887262,37.72335083539786],[-106.56173936188084,37.723522626424696],[-106.56174257889711,37.723675795446006],[-106.56176734691266,37.72377460445832],[-106.56180421493457,37.72390930347487],[-106.56189779896899,37.72404325048767],[-106.56204808901595,37.72417645449676],[-106.56218591205462,37.72425574049905],[-106.5623804521058,37.724334274497615],[-106.5626199861651,37.724394185490645],[-106.56279012520262,37.724391939479396],[-106.56309582526737,37.724360847455365],[-106.56403170444764,37.72409011835727],[-106.56453948554689,37.723957214306],[-106.56478827859816,37.72391786128445],[-106.56496994763914,37.72392446127372],[-106.56507317466745,37.72397716627453],[-106.56514275069011,37.72404834128002],[-106.56522461972015,37.724164416291075],[-106.56542997378358,37.724340095302566],[-106.56559310683821,37.724520729317476],[-106.56578426191705,37.72487799835539],[-106.5659399919905,37.72526041839911],[-106.566188060093,37.72572577944859],[-106.56643576419354,37.726173110495544],[-106.56661387927137,37.72654927553691],[-106.5668180803628,37.72700163458738],[-106.5669592194507,37.72755737865637],[-106.56713449554502,37.728101519721534],[-106.56718328957231,37.72826309574115],[-106.5672117875836,37.728311816746135],[-106.56723037459098,37.7283435907494],[-106.5673010966194,37.72846882476243],[-106.56755597070135,37.728717783781065],[-106.56795926782064,37.72900983979617],[-106.56807555786006,37.729143479807476],[-106.56812359388351,37.72926901482203],[-106.5681268248998,37.729422183843376],[-106.56809507290386,37.72953075586065],[-106.56795330090009,37.72980301590797],[-106.56770961987476,37.73008564396337],[-106.5676667138772,37.73020337598264],[-106.56765821888912,37.73033868500216],[-106.56769491191002,37.730464372017494],[-106.56776487693469,37.73055356502553],[-106.5678690649678,37.73065131703256],[-106.56800614600263,37.730694555029814],[-106.56821090105055,37.73071886802007],[-106.5683464610777,37.73069002700735],[-106.56848126210102,37.73062514598956],[-106.56860395711803,37.730524375967505],[-106.5687139771258,37.73036068693748],[-106.56881170212627,37.730152099901865],[-106.56888635711978,37.72992579486532],[-106.56894966811083,37.72969963982948],[-106.56902394310242,37.72945531479036],[-106.56908554208482,37.72914807174328],[-106.56917020907414,37.728858545697165],[-106.56930210208087,37.728636930657565],[-106.56951477211403,37.72849891162451],[-106.56972954515774,37.728460001605235],[-106.56994526920631,37.728466140592246],[-106.57015041025615,37.728508469585],[-106.57032265030425,37.72860531258754],[-106.57049628536129,37.7287868166019],[-106.57062468540705,37.728956342617444],[-106.57066328543765,37.72917212664531],[-106.57064497545467,37.729379657675636],[-106.57058033745696,37.729542742702684],[-106.57045993045149,37.729751633739774],[-106.5703400934489,37.72998755478061],[-106.57024313445227,37.730232191821194],[-106.57016570149942,37.7308640959149],[-106.57016874651475,37.73100825493495],[-106.57019066653412,37.73115065895358]]},"properties":{"id":"630","name":"AGUA RAMON","field_id":"630","forestname":"Rio Grande National Forest","districtname":"Divide Ranger District","seasonal":"yearlong","passengervehicle":"open","highclearancevehicle":"open","mvum_symbol_name":"Roads open to highway legal vehicles only, Yearlong","title":"FSR 630 - AGUA RAMON","label":"FSR 630 - AGUA RAMON","description":"FSR 630 - AGUA RAMON","caltopo_name":"FSR 630 - AGUA RAMON"}},{"type":"Feature","geometry":{"type":"LineString","coordinates":[[-106.63719387045694,37.8001781823193],[-106.63719198446684,37.80027907633355],[-106.63710735949189,37.800706695398866],[-106.63706719850474,37.80091882243114],[-106.63718277555047,37.80111494345113],[-106.63747536864649,37.8014187554748],[-106.63767918372427,37.80173624250606],[-106.63785064079653,37.802070072541774],[-106.63791802783132,37.8022637115645],[-106.63791508185048,37.802456896591714],[-106.63781173284323,37.80261017461982],[-106.63764769282214,37.80275963265134],[-106.63751745880812,37.80290451368006],[-106.63738045779465,37.80306951771199],[-106.63732966180702,37.80330056674759],[-106.63735919282867,37.803447488766245],[-106.63736877085492,37.80368345179867],[-106.63739232289416,37.804015046843546],[-106.63751084196004,37.80440111888996],[-106.63766348902448,37.804699444921866],[-106.63779868407097,37.804860663935656],[-106.6379853571284,37.80501648994545],[-106.63826274621042,37.80521617795551],[-106.63843766525758,37.80529815595566],[-106.63867963931767,37.80536049194881],[-106.63883377235945,37.80543428394916],[-106.63891989138881,37.80553435695761],[-106.63900595542366,37.805688440973654],[-106.63908373846193,37.80589292299722],[-106.63920309650277,37.806033544009196],[-106.63931962654232,37.8061671060204],[-106.63944392358147,37.80627992202813],[-106.6395912996286,37.80642094003838],[-106.63984984270587,37.8066147770488],[-106.64014407779275,37.8068254370593],[-106.64038850287317,37.807080838079266],[-106.64062016995355,37.80736375010396],[-106.64094112005803,37.80768834012864],[-106.6411253181079,37.80777611712902],[-106.64146824319431,37.807877000121024],[-106.64155303522165,37.80796023012717],[-106.64182282232002,37.80833560516231],[-106.64215637343548,37.80874013519737],[-106.64241336153846,37.809188652243535],[-106.64253791458336,37.8093571692591],[-106.64286390667881,37.80958296426965],[-106.64302429673063,37.809740965281414],[-106.64309900675916,37.80985724029283],[-106.64316141378639,37.80998799430716],[-106.64324552282707,37.81020285633175],[-106.64339019687776,37.810383966347764],[-106.64352065891569,37.810471619351596],[-106.64374729098154,37.81062370135825],[-106.64387355001861,37.81071200436251],[-106.64395810404667,37.810802572369674],[-106.6440161110766,37.81096874138919],[-106.64398817710713,37.811327036441135],[-106.6439354721269,37.81163394148748],[-106.64391386114023,37.811810424513524],[-106.64391844816114,37.812004730540444],[-106.64397544119396,37.81220151056432],[-106.64398995322449,37.812467584600576],[-106.6440309942591,37.81271602663273],[-106.64402499526884,37.81282446464826],[-106.64402443528282,37.812961818667524],[-106.64405267531195,37.813184769696896],[-106.64430037341553,37.813658726747214],[-106.64440812145767,37.8138363417651],[-106.64447186449046,37.81401819178642],[-106.64460261056685,37.81448063284269],[-106.64470633263174,37.814888826893096],[-106.6448111167018,37.815344798950115],[-106.64486413375968,37.815794671009606],[-106.64487564578847,37.816050256044626],[-106.64490288580375,37.81614001005547],[-106.64495996582309,37.8162054170609],[-106.6450532208533,37.81629804006782],[-106.64530908293747,37.81656497608865],[-106.6455775240291,37.81687740911507],[-106.64569623906226,37.81694442411673],[-106.64582036209666,37.81701136211811],[-106.64593705212842,37.81706839011851],[-106.64603175715368,37.81710998711822],[-106.6461518621853,37.817158382117256],[-106.64625137321102,37.81719421111584],[-106.64637521124187,37.8172267961124],[-106.6464734602676,37.81726548211146],[-106.64656680729465,37.817327127114055],[-106.6466514953224,37.817414321120786],[-106.64674085034726,37.81746347612191],[-106.64732858051121,37.81779065512972],[-106.64782216864872,37.81806360713602],[-106.64808636172233,37.8182097121394],[-106.6483560558006,37.818389425147124],[-106.64862883387981,37.818571598154996],[-106.64870938690633,37.8186562081616],[-106.64895120499078,37.81895623318797],[-106.64914669206233,37.81923105121375],[-106.64938792414706,37.819535272240756],[-106.64968064823951,37.8198030042593],[-106.64989664931288,37.82005149228011],[-106.64998015936398,37.82036867931909],[-106.65000067138064,37.82048668533425],[-106.65005461440015,37.820560326341095],[-106.65011658742037,37.82062296734585],[-106.65021424744813,37.82068255934783],[-106.65031200147209,37.8207049963447],[-106.65041273749262,37.82068693133565],[-106.65065076754522,37.820685026319964],[-106.65082392058366,37.820685460308866],[-106.65095965661592,37.82070644830306],[-106.65101618663131,37.8207342693033],[-106.65112036066074,37.82079575930518],[-106.65132368272025,37.82093597731162],[-106.65167577781676,37.82111559931401],[-106.65182601586088,37.82122079431902],[-106.65211803994157,37.8213755053218],[-106.65248689303593,37.82149766231508],[-106.65284722712236,37.82156127830068],[-106.65306916017198,37.82156531528689],[-106.65349467526578,37.8215593412586],[-106.65396791436564,37.82150977522108],[-106.65427916743114,37.82147535919615],[-106.65465462650756,37.82140856316257],[-106.65484482254523,37.821364400144105],[-106.65498130857284,37.82133816113168],[-106.65504082658718,37.82134935512936],[-106.65511446360918,37.82140496213237],[-106.65515569462549,37.82147448713944],[-106.65517699763699,37.82154000014726],[-106.65516452164313,37.82162744816027],[-106.65515147164663,37.821689150169725],[-106.6551400326495,37.82174224717786],[-106.65512334465201,37.8218025711874],[-106.6551151736541,37.82184017019317],[-106.65509015865791,37.821931800207636],[-106.65509209166753,37.82202155922006],[-106.65511063067544,37.82205851122406],[-106.6551116396785,37.82208601322779],[-106.65514717469219,37.82214274123344],[-106.65523332371767,37.82220448123654],[-106.6553469657512,37.82228586424052],[-106.65541237377622,37.82238795425063],[-106.65543934179006,37.8224648322596],[-106.65547870680567,37.82253152226642],[-106.65554622982626,37.8225864412697],[-106.65556765083625,37.822637574275475],[-106.6555764928457,37.822710414285126],[-106.65556127285073,37.82279203529751],[-106.65557803186972,37.822940734317186],[-106.65556906687625,37.823023841329416],[-106.65552003788041,37.82317046135309],[-106.65549176889343,37.823358280381136],[-106.65548004691155,37.82356017241013],[-106.65550720692636,37.823645632420366],[-106.65551900394175,37.82376993743697],[-106.65547707193869,37.82383061544818],[-106.65541151394052,37.823990245474725],[-106.65535179094853,37.824197203507495],[-106.6553343549557,37.824304751523684],[-106.65525995195371,37.82444600454821],[-106.65517267294769,37.824575994572044],[-106.65509883794643,37.82472355159743],[-106.65493550295258,37.82513607966568],[-106.65476839894805,37.82545296872077],[-106.65470600994591,37.825566870740744],[-106.65463197495397,37.82580540577888],[-106.65461044995803,37.82589155079231],[-106.65461388296629,37.8259644678023],[-106.65459460797292,37.82607060981839],[-106.65456232897493,37.82615976683292],[-106.65450025197467,37.826291318855354],[-106.65431128496748,37.82662969991489],[-106.65420594097398,37.82692017996229],[-106.65410737798825,37.827272085017874],[-106.65407541799179,37.82737554403441],[-106.6540818980064,37.82750421505195],[-106.65420864308311,37.82797688110986],[-106.65430121013019,37.828235686140054],[-106.65443185818928,37.828529137172644],[-106.65463434026859,37.82886376220634],[-106.65469882529415,37.828973561217566],[-106.65492325837099,37.8292364082398],[-106.65499511739385,37.82930407224463],[-106.65513250043396,37.82939799724888],[-106.6552371044654,37.8294780762533],[-106.65544811952863,37.82963820826207],[-106.65561598057629,37.829739311265335],[-106.65595352766718,37.82989578026543],[-106.65644285079456,37.83007917925944],[-106.65673425886378,37.830123723246814],[-106.65708105694286,37.83014459622732],[-106.65754452004515,37.83013950319668],[-106.6577701160957,37.83014491118285],[-106.65792032913134,37.83016711917627],[-106.65807807417004,37.83020352617115],[-106.65829059022396,37.83026920616656],[-106.65843419926085,37.83031868816421],[-106.65860182630577,37.83039358516383],[-106.65874297634801,37.830499916169614],[-106.65899939843041,37.8307485181878],[-106.65918817648598,37.830881774194204],[-106.6594673105623,37.83102234119584],[-106.65975275164419,37.83120287720265],[-106.65989632368915,37.831331046211275],[-106.65996249871303,37.831420271219486],[-106.66003209774834,37.831614098242056],[-106.66010726377682,37.831728666253234],[-106.66028013783034,37.83187645026269],[-106.66051605490522,37.83209578027809],[-106.66066278694937,37.832208698284425],[-106.6607959259938,37.832354181296125],[-106.66108970509087,37.83266478932056],[-106.66128112915088,37.83283520333204],[-106.66148652422007,37.83306550735095],[-106.66163673127211,37.83324794736676],[-106.66181533633664,37.83349007438905],[-106.66213340244285,37.83383753441704],[-106.66253880157193,37.83421809744405],[-106.66258080358688,37.83427303644901],[-106.66261953660066,37.83432370145359],[-106.6626605126193,37.83441667646391],[-106.66266543763102,37.83452043447811],[-106.66264476964412,37.83469240350343],[-106.66262283364118,37.834711132507515],[-106.66261735464255,37.83473599351133],[-106.66261334564444,37.83476308451536],[-106.66260999764624,37.83478791551906],[-106.66260304764702,37.83481054452268],[-106.66260375265365,37.83487361953147],[-106.66260101065515,37.834893935534446],[-106.66258259965619,37.83494376154261],[-106.66256550265867,37.835004835552276],[-106.66254962666048,37.835056880560536],[-106.6625380606619,37.83509534556671],[-106.66252416166346,37.8351406015739],[-106.66250929666687,37.83520614958402],[-106.66249772867151,37.835276157594585],[-106.66249599867783,37.83534151960382],[-106.66249249368379,37.835406907613184],[-106.66248467968853,37.83547010362249],[-106.6624714876919,37.835531120631885],[-106.66247092469894,37.8356009736417],[-106.66247882870765,37.83566845265062],[-106.66249652271782,37.83572903565793],[-106.66251477472736,37.83578285166426],[-106.66253454773775,37.835841151671175],[-106.66255685574889,37.83590166767814],[-106.66258656876147,37.8359598276844],[-106.66263083577726,37.836017781689634],[-106.66268108779411,37.836073398694154],[-106.6627157208059,37.8361134646975],[-106.66273798081363,37.83614018769982],[-106.66277560582678,37.836186970703885],[-106.66280917483834,37.836227050707336],[-106.66284365585102,37.83627613171194],[-106.6628658148598,37.83631411971585],[-106.66287357186296,37.8363275287172],[-106.66288168486611,37.83634093271856],[-106.6629083558771,37.836390121723674],[-106.66294070589095,37.83645500373066]]},"properties":{"id":"630","name":"AGUA RAMON","field_id":"630","forestname":"Rio Grande National Forest","districtname":"Divide Ranger District","seasonal":"seasonal","passengervehicle":null,"highclearancevehicle":"open","mvum_symbol_name":"Special Designation, Seasonal","title":"FSR 630 - AGUA RAMON","label":"FSR 630 - AGUA RAMON","description":"FSR 630 - AGUA RAMON","caltopo_name":"FSR 630 - AGUA RAMON"}},{"type":"Feature","geometry":{"type":"LineString","coordinates":[[-106.60546341558486,37.821342933329895],[-106.6056357596327,37.82143597733176],[-106.60581920567788,37.82147930332603],[-106.60601768472533,37.82151224931781],[-106.60619912377341,37.82158821831675],[-106.60639015382652,37.82169257031902],[-106.60659931788439,37.821803803321075],[-106.60677361793964,37.82196543033246],[-106.60695517301089,37.82226722636295],[-106.60705208306096,37.82254528439562],[-106.60721772912892,37.82284944142752],[-106.6074207742209,37.82330629647834],[-106.60784665537534,37.8238898135326],[-106.60811146346116,37.82415324055236],[-106.60826295250776,37.82428008356031],[-106.60863759462451,37.8246072215819],[-106.60900356273166,37.8248591895936],[-106.60936919184124,37.82513621360873],[-106.6098055109597,37.825346544609985],[-106.61006909502893,37.82545109760764],[-106.61032054809176,37.82551975760102],[-106.61081189021405,37.82564822158727],[-106.61103963726706,37.8256721425759],[-106.61141623235845,37.82574809956219],[-106.61177009944483,37.82582437655003],[-106.61214747954013,37.82593637054132],[-106.61245611061746,37.82602226653346],[-106.61282290671406,37.8261704525305],[-106.61306379177829,37.8262753005296],[-106.61339872286865,37.826431418529815],[-106.61347700688981,37.826467918529886],[-106.61366149194345,37.82659156153528],[-106.61378838798066,37.826679945539425],[-106.61397287503432,37.82680358854482],[-106.61415735008799,37.82692723255018],[-106.61436416314469,37.8270325445516],[-106.61487021928592,37.827313997558306],[-106.61522645438394,37.8274983695611],[-106.6155482214725,37.82766518856367],[-106.61575189152919,37.8277773185662],[-106.61583572855257,37.82782347356725],[-106.61603156860872,37.82794695757192],[-106.6164836087299,37.82815021657115],[-106.61725330993244,37.82845880756459],[-106.61761141302176,37.82855441155486],[-106.61782318909636,37.828823591578825],[-106.61827031419726,37.8288394015522],[-106.61858922126964,37.8288555035338],[-106.61889051334629,37.82895046952764],[-106.61926627644513,37.8291005385244],[-106.61966721956543,37.82940548754117],[-106.61958061356769,37.82961488957606],[-106.61958389559403,37.82986425861075],[-106.61993641171293,37.830259868643346],[-106.62015644878622,37.83049835266247],[-106.62039443386553,37.830756279683186],[-106.62084001300597,37.83116044871098],[-106.62120357111853,37.831471259730954],[-106.62140160818092,37.83165065274326],[-106.62151501422507,37.83183513076173],[-106.62141810622789,37.83207212680117],[-106.6212314102123,37.83232371584845],[-106.62108578920184,37.832536832887655],[-106.62116865823585,37.83268889990357],[-106.6214708973349,37.83300016692761],[-106.62192654648925,37.83351818897064],[-106.62209329056523,37.833897579012934],[-106.62201448257687,37.83418117105773],[-106.62198901259305,37.83439408508919]]},"properties":{"id":"640","name":"EMBARGO CR","field_id":"640","forestname":"Rio Grande National Forest","districtname":"Divide Ranger District","seasonal":"seasonal","passengervehicle":"open","highclearancevehicle":"open","mvum_symbol_name":"Roads open to all Vehicles, Seasonal","title":"FSR 640 - EMBARGO CR","label":"FSR 640 - EMBARGO CR","description":"FSR 640 - EMBARGO CR","caltopo_name":"FSR 640 - EMBARGO CR"}},{"type":"Feature","geometry":{"type":"LineString","coordinates":[[-106.49322563587272,37.70597725435235],[-106.49321011787407,37.70602455936002],[-106.49317317991328,37.70649145342811],[-106.49320862195746,37.706848629476156],[-106.49332716400413,37.70704860949672]]},"properties":{"id":"645","name":"PINON","field_id":"645","forestname":"Rio Grande National Forest","districtname":"Divide Ranger District","seasonal":"seasonal","passengervehicle":"open","highclearancevehicle":"open","mvum_symbol_name":"Roads open to all Vehicles, Seasonal","title":"FSR 645 - PINON","label":"FSR 645 - PINON","description":"FSR 645 - PINON","caltopo_name":"FSR 645 - PINON"}}]}
