{"type":"FeatureCollection","features":[{"type":"Feature","geometry":{"type":"LineString","coordinates":[[-106.77145229586554,37.520978566544244],[-106.77141791184542,37.520853892528898],[-106.77150145584194,37.520635329492869],[-106.77157299783896,37.520448162462039],[-106.77164205183608,37.520267503432187]]},"properties":{"id":"401","name":"LA GUNITA PARKING","field_id":"401","forestname":"Rio Grande National Forest","districtname":"Divide Ranger District","seasonal":"seasonal","passengervehicle":"open","highclearancevehicle":"open","mvum_symbol_name":"Roads open to all Vehicles, Seasonal"}},{"type":"Feature","geometry":{"type":"LineString","coordinates":[[-106.80021491924764,37.491346905546962],[-106.80017097324425,37.491410151558675],[-106.80012126024474,37.491524087577851],[-106.80010197425156,37.491635156594711]]},"properties":{"id":"402","name":"LOBO OVERLOOK","field_id":"402","forestname":"Rio Grande National Forest","districtname":"Divide Ranger District","seasonal":"seasonal","passengervehicle":"open","highclearancevehicle":"open","mvum_symbol_name":"Roads open to all Vehicles, Seasonal"}},{"type":"Feature","geometry":{"type":"LineString","coordinates":[[-106.71779662033248,37.809991341488185],[-106.71780549933408,37.809987655487056],[-106.71783893933871,37.809960131481105],[-106.71788332834382,37.809914422471834],[-106.71789301333857,37.809842184461097],[-106.71789217833464,37.80980614745615],[-106.71787977932733,37.809761267450668],[-106.71783331331247,37.809716884447475],[-106.71761463725137,37.809593903444416],[-106.71727002015797,37.809427697443446],[-106.71631836390789,37.809045025451461],[-106.71615751186414,37.808966260450902],[-106.71575466475149,37.808737813444964],[-106.7154779786721,37.808561600438246],[-106.71530493862201,37.808446962433393],[-106.71499231352641,37.808190162417731],[-106.71466750142439,37.807897489397838],[-106.71449755434476,37.807488152351617],[-106.71414500421911,37.807024830309629],[-106.71363372804338,37.806415891257608],[-106.71316774387743,37.805804849202346],[-106.71273942873778,37.805368716169077],[-106.71229841259944,37.804972349142176]]},"properties":{"id":"610","name":"ALDER","field_id":"610","forestname":"Rio Grande National Forest","districtname":"Divide Ranger District","seasonal":"seasonal","passengervehicle":"open","highclearancevehicle":null,"mvum_symbol_name":"Special Designation, Seasonal"}},{"type":"Feature","geometry":{"type":"LineString","coordinates":[[-107.01068818721144,37.772737543366475],[-107.01033096012257,37.772638954375907],[-107.00989602201777,37.772551000391786],[-107.00962922394964,37.772460177396432],[-107.00926376585022,37.77227566139446],[-107.00892387776224,37.772147932398724],[-107.00875006370272,37.771941069381214],[-107.00875199367543,37.771671131343638],[-107.00870148364498,37.771482744320693],[-107.00868257861212,37.771203699283156],[-107.00868417557547,37.770843197233006],[-107.00871885154238,37.770446084175589],[-107.0088848105194,37.769866495084372],[-107.00888456651846,37.769857488083133],[-107.00892483650784,37.769667552054166],[-107.00897109047816,37.769279252997237],[-107.00898794545967,37.769062680966073],[-107.0090822704507,37.768772692919683],[-107.00927262443956,37.768255769835605],[-107.00949759442167,37.767598263729703],[-107.00965178440251,37.767080604647866],[-107.00992709341371,37.766599028563149],[-107.0102034334291,37.766155585483688],[-107.01028917840867,37.765772618424954],[-107.01052489842749,37.765449729364903],[-107.01056394241199,37.765214755329708],[-107.01056992239292,37.765016391301728],[-107.01054113036356,37.764791586272416],[-107.01050343134143,37.764657052256133],[-107.01048988933012,37.764576176245789],[-107.01050941132237,37.764458689228206],[-107.01060445731633,37.764195723185566],[-107.0107064682952,37.763770424119883],[-107.01085726829761,37.763470450068461],[-107.01103398329941,37.763108461006752],[-107.01121194930028,37.762734433943301],[-107.01125513830139,37.762652589929168],[-107.01130967430498,37.762570551914216],[-107.0113649413115,37.762515536903024],[-107.01147596432651,37.76242352288304],[-107.01175498536995,37.762247532840576]]},"properties":{"id":"529","name":"RIO GRANDE CG","field_id":"529","forestname":"Rio Grande National Forest","districtname":"Divide Ranger District","seasonal":"seasonal","passengervehicle":"open","highclearancevehicle":"open","mvum_symbol_name":"Roads open to all Vehicles, Seasonal"}},{"type":"Feature","geometry":{"type":"LineString","coordinates":[[-106.77330683835754,37.797656787180166],[-106.77260662318487,37.797484115201335],[-106.77193565801983,37.797322531222115],[-106.7714643199045,37.797215166237564],[-106.77097495978521,37.797108071254264],[-106.77054069368246,37.797043066273226],[-106.77008977158188,37.797035537301284],[-106.76949227443883,37.796930061325163],[-106.76911105634335,37.796821333334627],[-106.76871215924537,37.796727177347208],[-106.7683846721602,37.796603334351111],[-106.76796604805055,37.796437936355069],[-106.76765795097555,37.79637102736563],[-106.76726110188683,37.796362675390093],[-106.76671870476029,37.796299279416246],[-106.76597941759634,37.796296059463543],[-106.76543668146826,37.796218355487774],[-106.7649313533543,37.796197315517503],[-106.76440596222702,37.796090732536527],[-106.76404278013545,37.79598171854478],[-106.76378943607538,37.795942591555701],[-106.76355343701618,37.79587459156145],[-106.76328207095216,37.795835734573501],[-106.76297499988172,37.795811717589991],[-106.76265092481196,37.795830874613593],[-106.76225509772787,37.795865411644016],[-106.76193000365348,37.79584166166169],[-106.7615865465736,37.795803878678598],[-106.7612604344946,37.795737221690366],[-106.76095234541955,37.795670294700891],[-106.76069900535943,37.795631160711814],[-106.76050075131586,37.795634124725012],[-106.76020839924637,37.795587227737343],[-106.75995938219391,37.79561360175714],[-106.75966999712593,37.795575005770402],[-106.7595355890855,37.795471110764574],[-106.75930510902003,37.795330359759824],[-106.75913096796511,37.795170741748798],[-106.75902537192714,37.795028124735694],[-106.75890758088278,37.794849640718382],[-106.75879063384224,37.794707192706028],[-106.75854730876752,37.794503546693321],[-106.75802789861639,37.794150814677607],[-106.75758988449148,37.793877983667848],[-106.7573013684077,37.793684021659367],[-106.7570816223418,37.793516068650149],[-106.75687300527747,37.79333893763885],[-106.75668666721619,37.793143449623607],[-106.7565466061688,37.792983319610315],[-106.75640589411844,37.792796162593255],[-106.75627610906864,37.792590818572961],[-106.75606196197906,37.792179461529336],[-106.7559088339214,37.791947428506838],[-106.75579169487993,37.791795967493222],[-106.75560557781962,37.791609486479253],[-106.75510762766764,37.791202348454533],[-106.75472640255518,37.790928651440922],[-106.75448374148336,37.790752023431907],[-106.75412734538563,37.790568076429238],[-106.75380651030213,37.790446683433039],[-106.75355356523266,37.790315276430995],[-106.75335802117858,37.790210041428942],[-106.75312630310731,37.790015222416706],[-106.75297489205741,37.789855257404106],[-106.75284618601248,37.789694953390018],[-106.75267186995664,37.78952631637771],[-106.75239388487149,37.789296136363561],[-106.75219706881161,37.789136845354037],[-106.75210392278093,37.789039097346361],[-106.75199813674197,37.788887464332035],[-106.75179495165298,37.788457911285164],[-106.75163993058656,37.788144790251422],[-106.75155642455064,37.787974801233098],[-106.75143908850826,37.787814327218214],[-106.75127505745003,37.787600474198953],[-106.75105321637443,37.787342419177264],[-106.75075862427511,37.787009454149732],[-106.75036525615583,37.7866954411313],[-106.75003988005437,37.786408002112182],[-106.7497035029549,37.786163938099804],[-106.74919162981743,37.785928131099872],[-106.74892480773381,37.785688764083659],[-106.74865693764536,37.785404352061228],[-106.74856272860987,37.785261555047335],[-106.7484912335794,37.785118422031971],[-106.74844115654804,37.78492089700763],[-106.74843797153352,37.784785761988964],[-106.7484562275181,37.784596234961285],[-106.74858935848464,37.783981430866859],[-106.74861896547175,37.783791744838467],[-106.74861556845622,37.78364760081849],[-106.74858861943181,37.783467756795119],[-106.74853896840246,37.783288250773253],[-106.74845506236463,37.783100240752411],[-106.74832446831094,37.782858849727148],[-106.74817075925041,37.78259977770086],[-106.74803051320204,37.78243062768626],[-106.74794830717197,37.782314689675417],[-106.74791149515184,37.782198077661491],[-106.74790979714408,37.782126004651523],[-106.74791902613687,37.782035746638321],[-106.74795116913563,37.781954159624831],[-106.74798394913734,37.781899600615112],[-106.74807305914952,37.781826180599083],[-106.74824141417825,37.781742572576576],[-106.74866935525756,37.781592034527932],[-106.74896149630884,37.781461526490816],[-106.74908201732811,37.781389185472968],[-106.74908465732852,37.781387600472556],[-106.74922988335032,37.781286310449055],[-106.74933059536362,37.781198438430231]]},"properties":{"id":"601","name":"BLUE PARK","field_id":"601","forestname":"Rio Grande National Forest","districtname":"Divide Ranger District","seasonal":"seasonal","passengervehicle":"open","highclearancevehicle":"open","mvum_symbol_name":"Roads open to all Vehicles, Seasonal"}},{"type":"Feature","geometry":{"type":"LineString","coordinates":[[-106.62623451894932,37.681762153419584],[-106.62596896991818,37.682035554475021],[-106.62573716688651,37.682230296517204],[-106.6247805997197,37.682676699641249],[-106.6234061724775,37.68329344981602],[-106.62281801037481,37.68356662289208],[-106.62214846926337,37.683932033986359],[-106.62152745319466,37.684611551121613],[-106.62163090423071,37.684741005133212],[-106.62172186926948,37.684923656153032],[-106.62162361927557,37.685198368197881],[-106.62143086425746,37.685441244244359],[-106.62129056925264,37.685699966289725],[-106.62124369726665,37.685940836326516]]},"properties":{"id":"614","name":"BEAR","field_id":"614","forestname":"Rio Grande National Forest","districtname":"Divide Ranger District","seasonal":"seasonal","passengervehicle":"open","highclearancevehicle":"open","mvum_symbol_name":"Roads open to all Vehicles, Seasonal"}},{"type":"Feature","geometry":{"type":"LineString","coordinates":[[-106.735776750764,37.814364380937121],[-106.73565432375426,37.814532960968542],[-106.73534883071444,37.814804664026219],[-106.7346422516234,37.81544166016085],[-106.7344125135938,37.815648769204579],[-106.73400964855047,37.816095656293008],[-106.73372224151953,37.816414464356079],[-106.73340133448596,37.816779674427849],[-106.73337904348291,37.816798026431847],[-106.73292269842327,37.817201268517643],[-106.73252223437669,37.817611236600726],[-106.73246398536992,37.817670868612794],[-106.73226389534449,37.817855031651476],[-106.73203175130323,37.817953824680281],[-106.7316945492248,37.817917064696942],[-106.73140604916603,37.817967196722542],[-106.73104461209468,37.818051727757734],[-106.73080591305842,37.818213606795787],[-106.73064405403959,37.818379303829381],[-106.73043892700355,37.818470798855408],[-106.73038958201323,37.818671431886557],[-106.73026949500806,37.818880466923517],[-106.73017797803971,37.819385725999993],[-106.72982698901261,37.819878305091414],[-106.72958744000526,37.820323410169081],[-106.72930328999178,37.820805227254702],[-106.7291179979853,37.821141388313606],[-106.72896635498429,37.821459040367735],[-106.72880460398673,37.821830913430119],[-106.72871731998326,37.82198540145734],[-106.72833521695057,37.82249094055264],[-106.72795262689829,37.822807034621476],[-106.7275705968558,37.823217501703446],[-106.72755885187854,37.823464109738651],[-106.72737469587642,37.82384033680308],[-106.72724613787757,37.824128358851603],[-106.72712698188245,37.824432978901832],[-106.72647035379751,37.825021990026514],[-106.72589852373422,37.825638411149541],[-106.72542603366698,37.826003006231005],[-106.72501364261301,37.826366718308414],[-106.72440785452508,37.826816718410399],[-106.72418914950374,37.827080516461358],[-106.72380758644013,37.827284361514529],[-106.72352740639521,37.827450681555803],[-106.72315256434567,37.827776959625631],[-106.72284311730452,37.828043780682869],[-106.72257735926694,37.828250347728911],[-106.72231240922974,37.828459786775291],[-106.72220175821835,37.828587574800267],[-106.72193418418169,37.828807770848279],[-106.7216556691445,37.829046158899594],[-106.72153365813065,37.829174112925337],[-106.72144635012718,37.82932859595256],[-106.72103585813042,37.830244814106997],[-106.72093717812443,37.830399463134981],[-106.72064001209966,37.830798952209932],[-106.72062929913501,37.831165903261891],[-106.72047857713872,37.83152654632196],[-106.72030728812926,37.831803576371705],[-106.71986442305902,37.832074958438227],[-106.71954026600262,37.832225148480155],[-106.71930105096362,37.832360958514606],[-106.71896565190188,37.832483202553369],[-106.71858645883457,37.832645557600543],[-106.71820127275545,37.832706378633929],[-106.71781336467613,37.832770843668044],[-106.71740503859068,37.83281975170128],[-106.71708313751969,37.832823049722521],[-106.71677746444652,37.832769585734873],[-106.71611083028864,37.832671049764222],[-106.71525229308547,37.832545079802166],[-106.71472941796172,37.832468350825266],[-106.71432113486613,37.832418474844651],[-106.71395169777966,37.832373339862258],[-106.71359130869526,37.832329315879434],[-106.71303852656582,37.832261783905757],[-106.7126627894779,37.832215879923645],[-106.71211668734999,37.832149156949619],[-106.71165546024135,37.832086153970671],[-106.7111549731254,37.832037237996168],[-106.71051062196062,37.831823071007975],[-106.70998144281603,37.831557455005061],[-106.70960789671086,37.831339467998816],[-106.70910944158079,37.83114890500444],[-106.70875685949102,37.831035585011385],[-106.70859305444726,37.83096308001187],[-106.70850324943031,37.830991384021651],[-106.70839001342843,37.831217150060517],[-106.70827639142641,37.831442480099305],[-106.70825087443905,37.83162050712582],[-106.70806172141502,37.831794482162337],[-106.70783440339324,37.832073101215961],[-106.70727246331175,37.832491312310651],[-106.70668881422239,37.832880456402727],[-106.70636212917123,37.833087000452728],[-106.70591805810973,37.833446270531596],[-106.70539195402836,37.833788792613419],[-106.70485666495502,37.834229118709516],[-106.70410906685069,37.834825722841181],[-106.70303600468493,37.835526777008461],[-106.70220282356321,37.836138719147826],[-106.70152334746366,37.836635125261061],[-106.70072302735545,37.837307937406763],[-106.69988324422525,37.837851773537039],[-106.69916171911639,37.838348430653042],[-106.69871979604973,37.838652614724126],[-106.69823320096764,37.838902880790563],[-106.69788849591365,37.839121188843329],[-106.69735483082349,37.839394457916022],[-106.69692337274807,37.839591435971379],[-106.69643316466592,37.839848870039084],[-106.69592792258047,37.84010651810776],[-106.69555493451055,37.840231114149255],[-106.69526378644439,37.840215046165859],[-106.69503275438257,37.840111705166372],[-106.69476798531277,37.840003997168424],[-106.69421606417936,37.839896283189063],[-106.69372609906132,37.83980438720797],[-106.6931977879312,37.839678388224485],[-106.69285369784062,37.839539142227302],[-106.69185446357146,37.839075851227271],[-106.69157936249977,37.838971658230484],[-106.69126859041718,37.838838235231989],[-106.69102626334761,37.838684386226163],[-106.690878011308,37.838618625226538],[-106.69060584325796,37.838718301258105],[-106.69037357222427,37.838891767297326],[-106.68977758110252,37.838992538349949],[-106.68907935094555,37.83897149239214],[-106.68888159190223,37.838976567405624],[-106.68859596583967,37.838983898425148],[-106.68830743576267,37.838856889426076],[-106.68791521366168,37.838720570432429],[-106.68738553753636,37.838643580455901],[-106.6870382524525,37.838577022469039],[-106.68680359639012,37.83847601447011],[-106.68647867131337,37.838430048484739],[-106.68616253224128,37.838410731502478],[-106.6860182671964,37.838285362494304],[-106.68581468612911,37.838069723477325],[-106.68543516702776,37.837902736478533],[-106.68508192493356,37.837747789479735],[-106.68474190184109,37.837581983478579],[-106.68433245872353,37.837321161468594],[-106.68371939655232,37.836977923460317],[-106.68325899642404,37.836723162454504],[-106.68301163334546,37.836492021438247],[-106.68268699726518,37.836411325447948],[-106.68227067017571,37.836438606478652],[-106.68192278010676,37.836518251512295],[-106.68161545804782,37.836607977544709],[-106.6813890670078,37.836707208573195],[-106.68090521193172,37.837010238646812],[-106.68047719485928,37.837228657705005],[-106.68012510079632,37.83737551874826],[-106.67983734774563,37.837503256784714],[-106.67967920971776,37.837573455804751],[-106.67963682872069,37.837693283824265],[-106.67979197877693,37.837905673843899],[-106.67997583383334,37.838058041853287],[-106.68007141187893,37.838295125880208],[-106.68003200389597,37.838546057917789],[-106.68017393895117,37.838776429940829],[-106.68029669899619,37.838950081957144],[-106.6804545920446,37.839080460965121],[-106.680777475124,37.839156123954822],[-106.68125534324291,37.839282022941532],[-106.68180515538005,37.839430324926674],[-106.68239636554712,37.839780544937355],[-106.68319065677983,37.840330794962867],[-106.68362188090158,37.840584873970464],[-106.68387955297477,37.84074138897568],[-106.68408735902065,37.840739489961926],[-106.68442999811224,37.84089154096106],[-106.68468793118009,37.840995151958829],[-106.68500543825863,37.841074064949289],[-106.68535774934413,37.84114624393662],[-106.68584577946595,37.841278341923505],[-106.68632026659733,37.841533241928374],[-106.68661845168177,37.841711322933953],[-106.68670072370998,37.841808340942208],[-106.68693059177265,37.841922205943249],[-106.68733354988551,37.842150756949138],[-106.68783695804528,37.842619181981938],[-106.68821028613885,37.842723979972483],[-106.68848838021201,37.842836366970182],[-106.68877475227875,37.842868026956083],[-106.68902356133226,37.842851723937699],[-106.6894364994417,37.843025537935254],[-106.68975751454076,37.843296594952307],[-106.68994113758951,37.843375068951417],[-106.69009808064131,37.843540533964394],[-106.69029618469719,37.843656913967806],[-106.6904636847439,37.843749887969949],[-106.69076939982705,37.84389948897104],[-106.69110138093404,37.844223684994837],[-106.691332170021,37.844571736028513],[-106.69149554607642,37.84475864404402],[-106.69164292212561,37.844919214056972],[-106.69177631317183,37.845080985070901],[-106.69177791018346,37.845190685086109],[-106.69168770618505,37.845400477121267],[-106.69150474617115,37.845659727169306],[-106.69144337218825,37.845958010214922],[-106.69137371221741,37.846391586279935],[-106.69135860524841,37.846725252327531],[-106.69134163527059,37.846977837363895],[-106.69137115030776,37.847274814403455],[-106.69141016333859,37.847490545431015],[-106.69141728738605,37.847936625492856],[-106.6914457014164,37.848170452523668],[-106.69151317344723,37.848324501540816],[-106.69162349451254,37.848721307589102],[-106.69173289557018,37.849045993627357],[-106.69178601460177,37.849238288650753],[-106.69194266865362,37.849405077663889],[-106.69218116271249,37.84946285165654],[-106.69252987179536,37.849517273641588],[-106.69284378185782,37.849448071611583],[-106.69315993892168,37.84938715358264],[-106.69331991995797,37.849395631573451],[-106.69358209102388,37.849470878566983],[-106.69386179710307,37.849638373572297],[-106.69400539214519,37.849738370576979],[-106.69410599416827,37.84974557457145],[-106.69422569818478,37.849648367550124],[-106.69430569318349,37.84946337751915],[-106.69458079424325,37.849451514499677],[-106.69482065530443,37.849529199495024],[-106.69507644836195,37.849537439479633],[-106.69538961444381,37.849658369476209],[-106.695712709566,37.850149464523845],[-106.69586512663504,37.850491791561772],[-106.6960331966843,37.850608593567223],[-106.69623181172237,37.850550849546309],[-106.69640650875547,37.850495913527318],[-106.69663605379444,37.850380363496342],[-106.69676082682101,37.850369553486772],[-106.69688642685145,37.850394779482151],[-106.69699712089208,37.850551148496784],[-106.6971002539285,37.850683068508538],[-106.69733272498588,37.850740044501435],[-106.69755772603467,37.850729446485424],[-106.69772522406792,37.850691910469322],[-106.69801540612326,37.850604480438392],[-106.6982615391733,37.850560357416285],[-106.69852619124183,37.850656159412502],[-106.69871100030093,37.850832645425179],[-106.69879364334844,37.851116038459395],[-106.69879653436817,37.851301935485161],[-106.69875350137744,37.851484547513436],[-106.69863384337906,37.851757458559312],[-106.6986538894224,37.852135678610743],[-106.69864585944978,37.852418886650845],[-106.69865859548679,37.852750788696312],[-106.69873072454233,37.853135106745285],[-106.69883991460991,37.853556380797045],[-106.6989007076575,37.853887970839409],[-106.69901521470487,37.854101058861701],[-106.69916680675581,37.854269957875488],[-106.69933401980039,37.854342452874754],[-106.69954241384944,37.854370454865197],[-106.69986772591898,37.854345255840627],[-106.70012712697449,37.854326062821144],[-106.70027601900729,37.854324353811265],[-106.700482425065,37.854440449814106],[-106.70067043111119,37.854484380808067],[-106.70088694716067,37.85449877279607],[-106.70105153419817,37.854508857786826],[-106.70126515224322,37.854486187769808],[-106.70150376229574,37.854482739753912],[-106.70179918536081,37.85447847773419],[-106.70193614539372,37.854503534728828],[-106.70218777545657,37.854571993722082],[-106.70234726449354,37.854587711713933],[-106.70243795651253,37.854577387706662],[-106.70279883159481,37.854599546686366],[-106.70298810064091,37.854639472679693],[-106.7030813586703,37.854724351685519],[-106.70308525669547,37.854960448718202],[-106.70297185072049,37.855447735793547],[-106.7029076027347,37.855724147836291],[-106.70283719074622,37.855987049877498],[-106.70257653271688,37.856263103932953],[-106.70221072066855,37.856581601001054],[-106.70192506362002,37.856724690039513],[-106.70150982954938,37.856932681095458],[-106.70122166049717,37.85704625312993],[-106.70107705047931,37.857183525158469],[-106.7008682754682,37.857525321219676],[-106.70064909244817,37.857802700272586],[-106.70039561741025,37.857979759313729],[-106.700168787381,37.858184258356943],[-106.70013569239251,37.85836706038458],[-106.70010847840196,37.858517352407318],[-106.70007664641726,37.858734346439682],[-106.70016238344951,37.858862838452055],[-106.70047848252544,37.858920131439582],[-106.70086632861062,37.858912095413359],[-106.70134599572671,37.859007334395542],[-106.70161942280633,37.859191564403545],[-106.70190312188008,37.859297455399997],[-106.70230918898618,37.859453379395475],[-106.70258284305731,37.859554908391935],[-106.70287490213958,37.859725122396746],[-106.70306630520835,37.859981217420099],[-106.70319570824627,37.860070611424177],[-106.70366672135017,37.86006600339303],[-106.70387250440106,37.860117097386855],[-106.70413155346326,37.860163239376504],[-106.70429041351125,37.860287307383508],[-106.70430381553174,37.860457604406413],[-106.70442381457346,37.860604494419135],[-106.70469879163515,37.860611679402368],[-106.70497292468471,37.860502798369403],[-106.70525851873902,37.860415759338757],[-106.7054713307695,37.860253414302363],[-106.70561633977628,37.860007319258607],[-106.70596917383358,37.859804723207489],[-106.70677462495956,37.85929452408417],[-106.70713379001397,37.859049846026785],[-106.70734465504276,37.858875845988827],[-106.70762157107838,37.858625455935936],[-106.70789471410522,37.858298859872704],[-106.70798658711011,37.858148465845773],[-106.70811933511969,37.857955762810292],[-106.70842280617164,37.857807173769878],[-106.70865851421053,37.857677582736564],[-106.70899753126601,37.857486867687989],[-106.70907526426994,37.857357739664948],[-106.70919187827586,37.857164043630391],[-106.7093434232653,37.856735164560703],[-106.70947052226029,37.856413307507538],[-106.70935135318241,37.855913693445572],[-106.70940948315459,37.855518172386638],[-106.70939963110847,37.855091636327735],[-106.70939322707845,37.854814381289458],[-106.70939609003187,37.854355667225271],[-106.70933268397509,37.85394057017141],[-106.70935243594755,37.853630942126969],[-106.70936670892652,37.853395582093214],[-106.70978204194461,37.852677591966092],[-106.7100360849681,37.852358486905146],[-106.71015877798489,37.852257570883118],[-106.71027073300212,37.852183847865568],[-106.71037174201878,37.852128307851281],[-106.71071285109531,37.852137563830489],[-106.71107602918374,37.852215028817795],[-106.71142064125469,37.852162331788129],[-106.71175630931771,37.852051433750923],[-106.71193983433828,37.851856724711901],[-106.71222321639085,37.851757223679641],[-106.71258589944901,37.851541556626117],[-106.71303459252231,37.851287528561585],[-106.71412730472106,37.850866086432056],[-106.71472487583219,37.850659126364476],[-106.7149648798875,37.850680075351889],[-106.71516853792076,37.850564288322524],[-106.71581211403058,37.850246553236509],[-106.71653572714787,37.84982817013136],[-106.71683707820257,37.849710899095463],[-106.7170940822665,37.849778710088287],[-106.71737325732333,37.849729733063391],[-106.71773708639741,37.849665904030942],[-106.71810019747434,37.849632010002686],[-106.71843599254755,37.849620411979316],[-106.71881432662705,37.849578380948998],[-106.71914728869776,37.849548086923228],[-106.7195860078034,37.849630412906286],[-106.71984131887552,37.849781502910822],[-106.72006463493094,37.849839044904421],[-106.72032370399232,37.84987789589308],[-106.72047223503955,37.850016557902798],[-106.7206710251083,37.850256979923465],[-106.72065955614261,37.850614341974122],[-106.7207135211731,37.850794282995736],[-106.72087330022501,37.850954706007734],[-106.72117447529499,37.850986855992758],[-106.72148162735907,37.85094808296742],[-106.72181440443073,37.85092766094305],[-106.72216257350077,37.850858573910891],[-106.72229414250941,37.850659787874584],[-106.72273760261302,37.850711490853158],[-106.72290105963407,37.850564196821971],[-106.72302232765604,37.850516758807544],[-106.72315435967998,37.850465111791756],[-106.72332847172859,37.850562929794165],[-106.72351080877955,37.850665368796648],[-106.72371691684165,37.850825154805563],[-106.72421394994772,37.850785306767875],[-106.72462106004284,37.850833388748192],[-106.72504370215856,37.851047974750806],[-106.72516746720063,37.851190075762609],[-106.72525526224884,37.85146927279586],[-106.72531021828013,37.851655171818201],[-106.72554936533489,37.851672259805113],[-106.72595748042039,37.851624270772],[-106.72637687351647,37.851655368749206],[-106.72666934457861,37.851629404726623],[-106.72676642862247,37.851846462750643],[-106.7268601876648,37.852056086773793],[-106.72716469874902,37.852218530776746],[-106.72772613889448,37.852423015768906],[-106.72836218406417,37.852702913766812],[-106.72874359917458,37.852954437777164],[-106.72911276928895,37.85327090179743],[-106.72924011633621,37.853455383814932],[-106.72927690335671,37.853575316829229],[-106.72932777440417,37.853926879875011],[-106.7293091874778,37.854681690981465],[-106.72943809854681,37.855074509027936],[-106.72965690063225,37.855433464063807],[-106.72979850268661,37.855656685085762],[-106.72987109872206,37.855844873107351],[-106.73008692179458,37.856084469126749],[-106.73021280785211,37.856372430158785],[-106.73019218188719,37.856757135213783],[-106.73010004589345,37.857015801255791],[-106.73009716992252,37.857304619296258],[-106.72976447892766,37.85806989542457],[-106.72969262794848,37.858426234478877],[-106.72970558397368,37.858643101508285],[-106.72979465502037,37.858904665539008],[-106.72981366405763,37.859225234582482],[-106.729838338108,37.859661228641684],[-106.73001196018143,37.860000253677718],[-106.73045105528354,37.860047349655872],[-106.73077110238157,37.860310636671827],[-106.73083389942464,37.860593691707258],[-106.73095778546785,37.860746859720599],[-106.73121612753698,37.860862282719964],[-106.73151276759285,37.86076673668741],[-106.73181932366295,37.860787956670528],[-106.73213423374393,37.860896465665235],[-106.73246828681724,37.86089001264272],[-106.73293263692695,37.860956248621825],[-106.73347688306019,37.861079379603751],[-106.73373216011514,37.86106369758506],[-106.73410438919252,37.861014530554044],[-106.73447625025995,37.860869364509746],[-106.73483640531742,37.860652642456188],[-106.73518720738026,37.860508749413434],[-106.73578251450897,37.86047784837055],[-106.73607886057242,37.860456843348416],[-106.7362263885926,37.860335444321912],[-106.73640146360778,37.860106339278687],[-106.73659835962158,37.859817098225577],[-106.73693283968166,37.85968122018496],[-106.7373044497627,37.859668848159167],[-106.73799593589709,37.85948669608895],[-106.7387743450452,37.859250497005611],[-106.73916470013077,37.859242052979148],[-106.73942787819333,37.859283188967837],[-106.73970933627282,37.859449462972769],[-106.74011470036741,37.859495897952982],[-106.74035880642919,37.859571006947654],[-106.74067560650379,37.859614011933154],[-106.74091119154772,37.859534083906745],[-106.74112539959272,37.859509881889487],[-106.74148730267807,37.859560240873058],[-106.74185899877408,37.859692959867509],[-106.74232422891068,37.860018822882807],[-106.74268921600941,37.860192253883355],[-106.74305223909907,37.860282257872335],[-106.74347342819294,37.860287941845861],[-106.74430245838509,37.860371037803709],[-106.74484615351577,37.860470280782366],[-106.74513345758633,37.860537554773124],[-106.74573999772859,37.860614043744455],[-106.74615637882864,37.860690390728145],[-106.74697692002991,37.860879951701428],[-106.74747046115984,37.861079849697312],[-106.74774907223114,37.861172845692202],[-106.74801657429546,37.861222350681771],[-106.74830444434325,37.86106775464161],[-106.74844183733811,37.860722317584532],[-106.7487957903803,37.860370969512651],[-106.74977643855254,37.859935127388376],[-106.75060734273319,37.859902541329959],[-106.75081487178878,37.859996334329601],[-106.75096408282812,37.860057199328445],[-106.7511720278887,37.860198299334591],[-106.75139153895277,37.860348238341324],[-106.75167000903912,37.860587411356633],[-106.75190324311642,37.860836278376183],[-106.75219064023429,37.861362652430934],[-106.75240954330485,37.861576743446562],[-106.75256243036399,37.861822085470877],[-106.75341110563102,37.862589203522802],[-106.75360726068718,37.862712450527241],[-106.75377920573149,37.862772973524535],[-106.75412224381618,37.862857982514193],[-106.75471453697861,37.863161080518012],[-106.75504808906429,37.863275329512355],[-106.75559323420136,37.863434111499139],[-106.75585303627689,37.863609070506683],[-106.75606830734512,37.863808536520544],[-106.75634540943437,37.864078612540219],[-106.75654168848118,37.864111450532064],[-106.7567436495255,37.864107604518452],[-106.75716431561898,37.864110337491546],[-106.75801636880537,37.864088611433317],[-106.75829857485893,37.864001765402932],[-106.75850818790128,37.863962866383929],[-106.7587183389486,37.863969981371312],[-106.75891407999055,37.863956802356789],[-106.75919885704953,37.863916779332754],[-106.75943995210498,37.863937021319963],[-106.75970610816208,37.863919170300242],[-106.75988749620011,37.863898434285588],[-106.76020395926224,37.863821606254326],[-106.76055537033578,37.863780302225827],[-106.76084053040317,37.863821097213055],[-106.76116062648188,37.863897416202889],[-106.761425204554,37.864028638204083],[-106.76162160261113,37.864160880209724],[-106.7617618266587,37.864320998223015],[-106.76185830170404,37.864553867249136],[-106.76191577176871,37.865057682315623],[-106.76199895380283,37.865209641331461],[-106.76211516583949,37.865316046338748],[-106.76221851186688,37.865359559338089],[-106.76233257889383,37.865375876332998],[-106.76242284491086,37.865347488323152],[-106.76253476492803,37.865273716305616],[-106.76266833894533,37.86515455928037],[-106.76298124798565,37.864873578220951],[-106.76304853196662,37.864544487170704],[-106.763217689976,37.864272318121856],[-106.76339618898594,37.863985119070243],[-106.76347871597085,37.863661983019867],[-106.76357712796299,37.863374375973457],[-106.76372347897798,37.863205271940402],[-106.76388457799496,37.863024024904696],[-106.76404738101965,37.86291428487884],[-106.76424025005099,37.862804094851001],[-106.76449637510979,37.862824099837184],[-106.76470711815738,37.862832862824746],[-106.76493118820049,37.862769891801484],[-106.76506335421598,37.862636765774376],[-106.76520998523225,37.862479578742942],[-106.76538753425899,37.862357693714486],[-106.7656269193067,37.862306414691837],[-106.76593919036064,37.862158663650973],[-106.76623785141769,37.862070726619372],[-106.76685703356607,37.862180656594575],[-106.76732389867242,37.862209414568298],[-106.76771446175704,37.862191628540522],[-106.76788181380243,37.862272570540966],[-106.76815467887228,37.862363848536013],[-106.76850386595974,37.862462566527128],[-106.76874637102978,37.862621139533481],[-106.76899980910039,37.862761523536619],[-106.76924058116258,37.862848025533054],[-106.76960593025032,37.862914629518706],[-106.76994747632821,37.862936530499589],[-106.77009498335973,37.862925300488484],[-106.77023048038576,37.862887214474384],[-106.77036554640986,37.862831110457783],[-106.77048795542565,37.862721125434547],[-106.77056383342649,37.862566779408127],[-106.77062879042684,37.862430621384988],[-106.77067816241841,37.862242461355564],[-106.77070081139138,37.861932143310874],[-106.7706675073573,37.861673036276905],[-106.77074338435821,37.861518690250506],[-106.77089923237855,37.861381165221225],[-106.7710670904043,37.861270495194951],[-106.77128126344391,37.861195176170561],[-106.77154175049745,37.861155208148105],[-106.77197733860194,37.86123336813074],[-106.77233925668642,37.86127560811321],[-106.77268585876628,37.861306155095001],[-106.7729899338479,37.861444642094597],[-106.77317546291077,37.861656447112075],[-106.77332950096061,37.861809116123347],[-106.77356040502207,37.861908858122312],[-106.77375509007136,37.861969009118027],[-106.77393776411519,37.862002304110867],[-106.77421112717809,37.862025220096328],[-106.77459855426791,37.862064440076686],[-106.77499777736216,37.862121505058738],[-106.7753063114374,37.862188948048157],[-106.77561526751458,37.862274409040019],[-106.77582196656934,37.862361411038727],[-106.77625982369156,37.862607141044592],[-106.7765495167794,37.862837082057844],[-106.77678067684694,37.862995810064994],[-106.77698694589969,37.863064792061252],[-106.77770667908916,37.863356730055237],[-106.77794962714651,37.863391449044322],[-106.7782242012219,37.8635331810463],[-106.77849785329312,37.863636536042918],[-106.77865219732467,37.863611171029383],[-106.77869894232784,37.863541364016641],[-106.77875536733309,37.863471411003253],[-106.7789402293777,37.863507004996222],[-106.77921406744974,37.86361803499392],[-106.77941027250397,37.863722557995743],[-106.77964520356664,37.863826496995053],[-106.77987045362728,37.863930579994935],[-106.78009441068205,37.863980937987392],[-106.78028360772745,37.864015313979934],[-106.78042670776853,37.864106435983388],[-106.7805536708012,37.864150582981274],[-106.78072903984447,37.864193996975956],[-106.78094294789543,37.864229148966999],[-106.78112670393502,37.864218690953606],[-106.78124086095474,37.864165139938741],[-106.78132612796225,37.864054438917833],[-106.78150268799556,37.863998604898576],[-106.78172342205113,37.864063781893364],[-106.782046596138,37.864212444893127],[-106.78230070920412,37.864308410890018],[-106.78246695224779,37.8643749928885],[-106.78281898634022,37.864515540885229],[-106.78325963445843,37.864716166884655],[-106.7835537705389,37.864865266886348],[-106.78376990259984,37.864992514890062],[-106.78383206063091,37.865160484909417],[-106.78397000467154,37.865258205914081],[-106.7841366597273,37.86544128692875],[-106.78431790478112,37.865573992935481],[-106.78448416783046,37.865695726941652],[-106.7846343858849,37.86590074996051],[-106.78482240494358,37.866066811971443],[-106.78505544801041,37.86621412397681],[-106.78522656306335,37.866360117986098],[-106.78545838712681,37.86647832298749],[-106.78558120716738,37.866608106997631],[-106.78577108223448,37.866850916019104],[-106.7859013882821,37.86703320703603],[-106.78604045032773,37.86717697604702],[-106.7862746593871,37.867250200042022],[-106.78660201346669,37.867319128030431],[-106.78691734554415,37.867394002020404],[-106.78712269659805,37.867475340018395],[-106.78741165866562,37.867510356004566],[-106.78768635172405,37.867487644983612],[-106.78786034676803,37.867540915979703],[-106.78805880083226,37.867737523994229],[-106.78832131489469,37.867779603983067],[-106.78851661694475,37.867845735979635],[-106.78861640197931,37.867967064990026],[-106.78870492402376,37.868208114017861],[-106.78886612907539,37.868362199028894],[-106.78892878110028,37.868469054039664],[-106.78903172414903,37.868720858068066],[-106.78920206721099,37.86895628008979],[-106.78936289527142,37.869196977112857],[-106.78944816832372,37.869520697152431],[-106.78953568737695,37.869849048192485],[-106.7896087354198,37.870107825223783],[-106.78953619442196,37.870284289253043],[-106.78947063542454,37.870449372280248],[-106.78933079241673,37.870674155320614],[-106.78919039040647,37.870875912357832],[-106.78884423734611,37.871032883402094],[-106.7885538352938,37.87114899343711],[-106.78830614523994,37.871158074454478],[-106.78792947516109,37.871202185485004],[-106.78768073511696,37.871307698515814],[-106.78744097607024,37.8713690005399],[-106.7872495830365,37.871452787563975],[-106.78716177702171,37.871497923575994],[-106.78708819101708,37.871610694596448],[-106.78716789704923,37.871751198610838],[-106.78735334009633,37.871809805606937],[-106.78770258617791,37.871851448590128],[-106.78792090823607,37.871947264589309],[-106.78795696225239,37.872027824598192],[-106.78795892226123,37.872108902609355]]},"properties":{"id":"600","name":"POOL TABLE","field_id":"600","forestname":"Rio Grande National Forest","districtname":"Divide Ranger District","seasonal":"seasonal","passengervehicle":"open","highclearancevehicle":"open","mvum_symbol_name":"Roads open to all Vehicles, Seasonal"}},{"type":"Feature","geometry":{"type":"LineString","coordinates":[[-106.68581796976291,37.785765222166013],[-106.68556549971321,37.785826559190909],[-106.68509788863591,37.786083744257006],[-106.68464320155503,37.786278117313508],[-106.68443065251988,37.786395018343583],[-106.68425689950656,37.786641175389207],[-106.68422452651522,37.786795351412906],[-106.68419255252564,37.786966599438941],[-106.68418440455181,37.787239985477704],[-106.6843153606215,37.787636634524723],[-106.68432078764714,37.787875661557806],[-106.6842200076556,37.788175993606316],[-106.68395582166742,37.788862943719451],[-106.68380120468835,37.789402139804807],[-106.68365818971512,37.789972802893871],[-106.68342707275403,37.790852844031889],[-106.68320717578131,37.791594955149833],[-106.68302761580533,37.792218068248587],[-106.68292984882815,37.792652142315617],[-106.68283305985553,37.793128903388542],[-106.68270123387899,37.793643168468968],[-106.6825608328942,37.794094930541213],[-106.68224059886741,37.794526485622214],[-106.68163676082543,37.795423237786615],[-106.68130507980931,37.795983045886302],[-106.68092548278793,37.796595753996485],[-106.68074146282193,37.797325559110426],[-106.68045840784187,37.798132327241539],[-106.68038453884834,37.798355406277466],[-106.68030950884933,37.798527277306356],[-106.68019759183755,37.798654116331328],[-106.67997232580717,37.798845208372576],[-106.67973924877222,37.799007940410398],[-106.67961426676331,37.799191896444185],[-106.67950660077175,37.799506553495135],[-106.6792877377746,37.80000768957931],[-106.67917039078294,37.800342815633776],[-106.6790844527862,37.80056033466974],[-106.67883267477325,37.800978477744444],[-106.67855758575237,37.801369924816925],[-106.67820301171399,37.80176250389475],[-106.67800270868837,37.801945592933251],[-106.67779064265829,37.80211083497008],[-106.67757796362534,37.802249048003084],[-106.67736467358944,37.802360232032456],[-106.67712846854761,37.802462722062003],[-106.67657637144539,37.802659839125219],[-106.67640768141561,37.802734338146536],[-106.67626251539474,37.802844551171283],[-106.67616297138483,37.802963118194299],[-106.67600889337308,37.803181604234801],[-106.67559246934978,37.803854435355795],[-106.67528654533689,37.804390500450516],[-106.67510347434187,37.804834703524428],[-106.67497291333899,37.805088902568386],[-106.67487356733004,37.805216477592651],[-106.67474015631355,37.805344546619203],[-106.67448346727737,37.805546465663959],[-106.67437215426305,37.805647182685242],[-106.67431639625535,37.80569303669526],[-106.67427219625117,37.805747738705776],[-106.67426185825353,37.805792946712778],[-106.67427402725991,37.805828822716975],[-106.67432209328248,37.805945297730183],[-106.67436933330123,37.80602573673837],[-106.6744155683151,37.806061127740314],[-106.67447275032954,37.806078339739081],[-106.6745867093565,37.806094743733972],[-106.67486025042133,37.806135914722098],[-106.67517940549719,37.80618544970843],[-106.67548782757346,37.806262171699267],[-106.67604795270537,37.8063375496736],[-106.67665473787628,37.806692198684047],[-106.67697921398212,37.807022920709343],[-106.67823118134669,37.807871383747106],[-106.67865750545776,37.808032977742187],[-106.67887512154127,37.808376886776209],[-106.67890918754878,37.808376400773959],[-106.67896555755938,37.808357572767669],[-106.67902111056605,37.808302707756447],[-106.67908659056845,37.80818461473568],[-106.67912935956586,37.80806684671645],[-106.67913908256061,37.807994609705737],[-106.67931638655701,37.807576463635812],[-106.67944963455194,37.807239222580051],[-106.67972372257795,37.806899973514952],[-106.68003555162369,37.806671964462922],[-106.68041653067893,37.806387079398505],[-106.68077250573008,37.8061165253377],[-106.6813404718328,37.805890418269406],[-106.6815878308762,37.805778740237827],[-106.68171069289403,37.805686863217062],[-106.68184409291044,37.805558787190535],[-106.68197708292493,37.805412692161532],[-106.68204214692541,37.805276589138266],[-106.68210741592685,37.805149485116274],[-106.68223653192292,37.804832213063605],[-106.6823090659075,37.804524761015927],[-106.68237044889052,37.804226480970286],[-106.68241076887628,37.804000599936103],[-106.68245209986686,37.803819773908124],[-106.6825268808621,37.80361142387418],[-106.68267808886027,37.80326679881621],[-106.68295029986758,37.802749212726262],[-106.68301495086611,37.802595089700581],[-106.68305689285963,37.802441282676369],[-106.68311122286046,37.802332359657605],[-106.68318865986829,37.802241130639828],[-106.68328921388306,37.802167595623096],[-106.68333401889012,37.802139918616341],[-106.68337882289724,37.802112241609535],[-106.68357000793102,37.802028398585506],[-106.68405598902788,37.80192232553933],[-106.68471106815643,37.801759748474268],[-106.68524205326128,37.801635002422572],[-106.68573939436067,37.801528750375581],[-106.68593220340219,37.801516978361505],[-106.68618220445815,37.801522411346127],[-106.68631907249109,37.80154749834081],[-106.68649041253343,37.801590105335706],[-106.68679942961258,37.801693827330269],[-106.68698396066185,37.801776025329822],[-106.6872698687383,37.801903382329172],[-106.68782327889805,37.802264953344036],[-106.68795062793716,37.802371275350644],[-106.6892848933594,37.803604852436969],[-106.68972477849414,37.803968043459356],[-106.69001356357991,37.804180193470344],[-106.69015208062054,37.804277339475021],[-106.69079696580323,37.804664620487486],[-106.69163941304969,37.805247329514572],[-106.69243666028719,37.805839702545931],[-106.69293520044315,37.806283148575687],[-106.69302789247187,37.806362925580835],[-106.69329419255364,37.80658440259463],[-106.69364288565865,37.806855083609953],[-106.69409208379399,37.807203782629664],[-106.69426508884408,37.807318452634547],[-106.69500251205451,37.807776485650905],[-106.69590283531836,37.808403390680425],[-106.69613751138877,37.808582949690319],[-106.69618030140164,37.808615687692146],[-106.69706164567793,37.809405076745584],[-106.69729472775609,37.809663071766551],[-106.69741282180239,37.809859637786396],[-106.69749642583929,37.810038676805995],[-106.69752367586564,37.81023655283191],[-106.69750817389459,37.810552202877034],[-106.69744457890093,37.810751387908965],[-106.69731717991269,37.811140748971631],[-106.69714743992891,37.811665894055977],[-106.69709519793778,37.81186491508717],[-106.69709767394944,37.811973026102088],[-106.69711026695776,37.812026917108788],[-106.69716847997705,37.812089164113765],[-106.69722629099438,37.812133392116195],[-106.69732890701881,37.812149937111904],[-106.69746538504977,37.81215698210405],[-106.69754508306829,37.812164846099989],[-106.69769209109788,37.812135690086443],[-106.69788452313746,37.812105888069823],[-106.69822312620275,37.812010884034677],[-106.69840420123984,37.81198123601888],[-106.69877853432035,37.811957811991412],[-106.69925588442732,37.811968958962161],[-106.69943716546537,37.81194831894755],[-106.69967502051497,37.811917849927909],[-106.70009228459384,37.811785655882495],[-106.70087005173913,37.811522092795457],[-106.70182804691767,37.811192834687532],[-106.70277550509753,37.810899770585394],[-106.70340666421522,37.810683362514411],[-106.70365441826048,37.810589656485277],[-106.70574002660116,37.809405934185172],[-106.70579576660882,37.809360065175213],[-106.70597517363815,37.809258332149376],[-106.70655985074094,37.808997520075167],[-106.70677352977869,37.808904311048344],[-106.70698824482135,37.808856138027757],[-106.70709022384288,37.808845647019695],[-106.70714720885631,37.80885383401715],[-106.70778591499929,37.808867752977875],[-106.70847333816828,37.809030374956194],[-106.70969514648274,37.809456439936802],[-106.71054302970981,37.809838608935401],[-106.71121136686908,37.80994785990751],[-106.71215563005202,37.809691906810748],[-106.71317511825109,37.809430524708354],[-106.71389191641893,37.809518715674415],[-106.71436017853213,37.809610520656996],[-106.71505438371487,37.809892551651537],[-106.71630888901493,37.810108601600682],[-106.7164680750509,37.810115293591338],[-106.71688821814334,37.810109168563301],[-106.71757965228997,37.810045022509684],[-106.71771529231704,37.810016007496877],[-106.71773800332201,37.810015676495389],[-106.71779662033248,37.809991341488185]]},"properties":{"id":"610","name":"ALDER","field_id":"610","forestname":"Rio Grande National Forest","districtname":"Divide Ranger District","seasonal":"seasonal","passengervehicle":"open","highclearancevehicle":null,"mvum_symbol_name":"Special Designation, Seasonal"}},{"type":"Feature","geometry":{"type":"LineString","coordinates":[[-106.79633678755336,37.542763326019156],[-106.79661124161102,37.542734034997572],[-106.7972435367443,37.542670326948262],[-106.79772831084341,37.542590844906186],[-106.79852880300724,37.54246148983696],[-106.79921549914337,37.542306826771451],[-106.79976448324112,37.542073137703596],[-106.79991070126955,37.542034858688908],[-106.8003064713555,37.542019811661532],[-106.8010795365377,37.542133767628222],[-106.80153834964796,37.542222147611383],[-106.80179663771592,37.54233053661013],[-106.80192651676705,37.542553865633195],[-106.80197762980278,37.542796411663971],[-106.8019018998007,37.542941775689265],[-106.80172282276953,37.543025621712466],[-106.80142058671686,37.543165420751315],[-106.80127653469793,37.543293792778528],[-106.80115511168401,37.543421819804273],[-106.80105697867789,37.543576528832268],[-106.80096993167331,37.543722055858225],[-106.80076952264294,37.543860299890447],[-106.8006017556143,37.543943970912878],[-106.80044508558716,37.544018459933369],[-106.80022161254999,37.544139029964541],[-106.80008801552975,37.544231191985986],[-106.79999008552454,37.544394909015239],[-106.79986080952339,37.544667254061707],[-106.79959749050009,37.545013750127183],[-106.79932372047814,37.545396446198346],[-106.79892484742601,37.54575401127402],[-106.79857143338474,37.546119894347974],[-106.79821823434442,37.5464947854231],[-106.79788658930437,37.546824284490576],[-106.79759932527035,37.547117057549968],[-106.79727897923271,37.547446392616656],[-106.79695776519127,37.54773968167833],[-106.79672621516583,37.547995554729042],[-106.79646114013494,37.548269962784488],[-106.7963520581383,37.548542737829727],[-106.79640947019162,37.548946681882803],[-106.79640810323301,37.54936127494107],[-106.79643873727335,37.549694268985903],[-106.79653573832181,37.549963166017456],[-106.79662371236408,37.550189901043687],[-106.79680864142685,37.550407657062465],[-106.79698333948606,37.550612284080053],[-106.79721614256438,37.550879112102606],[-106.79735755561897,37.551111283126239],[-106.79756978370929,37.551542616173244],[-106.79771336477343,37.551864877209326],[-106.79779166880996,37.552055910231132],[-106.79797617587083,37.552255786247422],[-106.7984012059887,37.55249372625368],[-106.79908006115764,37.552682211236835],[-106.79976573132885,37.55287830222062],[-106.80027944246136,37.553067193214353],[-106.80088383761739,37.553290466207081],[-106.80137971473395,37.553360397185287],[-106.80192655285572,37.553369934151711],[-106.80225558093143,37.553399816134878],[-106.80250648499461,37.55347709612974],[-106.80267881704327,37.553582604133545],[-106.80280654908492,37.5537158401441],[-106.80285550411109,37.553868304162371],[-106.8028359111195,37.553994777181416],[-106.8027588701117,37.554086078199141],[-106.80271727410459,37.554106991204691],[-106.80266942709657,37.554132506211317],[-106.8024446260536,37.554199035235051],[-106.8022191840078,37.554238527254967],[-106.80189166893869,37.554270564280351],[-106.80155348786994,37.55432980131026],[-106.80128451582181,37.554442055343173],[-106.8011075707883,37.554497208362207],[-106.80101890878016,37.554610860383811],[-106.80106621880756,37.554778846404368],[-106.80100331081461,37.554987092437614],[-106.8008820848016,37.555124128464612],[-106.80074737477659,37.555171245479841],[-106.8005421767252,37.555111289484493],[-106.80030085065687,37.554961758478917],[-106.80003689358351,37.554812582474852],[-106.79973943350468,37.554681931475493],[-106.79946413244156,37.554659385489863],[-106.79923252239259,37.554680799507665],[-106.79909506236602,37.554718792521747],[-106.79891618133584,37.55481164354623],[-106.79870204029248,37.554850956565417],[-106.79851009825222,37.554871905580583],[-106.79827224219913,37.554866517595038],[-106.79811231115771,37.554805866596716],[-106.79798610112273,37.55473569059491],[-106.79783725908284,37.554665857594614],[-106.7976734570415,37.554615134597924],[-106.79747178599911,37.554636089613759],[-106.79729934096004,37.554626793623491],[-106.797135234927,37.554658532638385],[-106.79692152688554,37.554715860660082],[-106.79671934984754,37.554782025682307],[-106.79658421582062,37.554811119694968],[-106.79642557278488,37.554804521704206],[-106.79623276574081,37.55478943171434],[-106.79598810768789,37.554800761731556],[-106.79581902465353,37.554830371746533],[-106.79567429263172,37.554931710770013],[-106.79561358462931,37.55504078278917],[-106.79560985563214,37.555076889794471],[-106.79566859865409,37.555166120803243],[-106.79580589669054,37.555227118803089],[-106.79607878375586,37.555277040792639],[-106.79659567187122,37.555288604761301],[-106.79693862196096,37.555427582758917],[-106.79720106002762,37.555513711754266],[-106.79757513611243,37.555535052733354],[-106.79782409416703,37.555531251716957],[-106.7980950242238,37.555500087695265],[-106.79826498526199,37.555506510685341],[-106.7983570312885,37.555568195688103],[-106.79839422931029,37.55570281470461],[-106.79825079829422,37.555858211735597],[-106.79804905325818,37.555942396760294],[-106.79773263919056,37.555965241783674],[-106.79728020209218,37.555981152814788],[-106.79685192200549,37.556059772853175],[-106.79651524394342,37.556182059891839],[-106.79621578989929,37.556400480941612],[-106.79611826889601,37.556582213973378],[-106.79616741692315,37.556743689992878],[-106.79630516096152,37.556822704995213],[-106.79647469199784,37.556811112982743],[-106.79677480704488,37.556619717936719],[-106.79701301909031,37.556548222911481],[-106.79739626316801,37.556479300877328],[-106.79770224023694,37.556492656859689],[-106.79779470926543,37.556572360864948],[-106.79789619629544,37.556647694869064],[-106.79783046229007,37.556738820886032],[-106.79775929228299,37.556824786902673],[-106.79756319424544,37.556882130923206],[-106.79718935316522,37.55690570795042],[-106.79696665112419,37.556986595975985],[-106.79671601208541,37.55715136801507],[-106.79665077008521,37.557292464039094],[-106.79680922414724,37.557560569066588],[-106.79699638022342,37.557906546103197],[-106.79718551529142,37.558167064127716],[-106.79733811333085,37.558223781125925],[-106.79748661636927,37.558279199124215],[-106.7977172114302,37.558378149123378],[-106.79791002249054,37.558554541135855],[-106.79808761955513,37.558806275159867],[-106.79829703162909,37.55908119918508],[-106.79839692566171,37.559186132193432],[-106.79848801569484,37.559315180205736],[-106.79856876072672,37.559454697220147],[-106.79861583675135,37.559595619236937],[-106.79859162675989,37.559733319257788],[-106.79851838775596,37.559855130279544],[-106.79835582573767,37.560030222314509],[-106.7982388867256,37.560167091341199],[-106.79814443072077,37.560326103369533],[-106.79814923674951,37.560600899407781],[-106.79809363075498,37.560777191436131],[-106.79792315473308,37.560933522468922],[-106.79772082671094,37.561157490513281],[-106.79752302469228,37.5614059025608],[-106.79738117268259,37.561620899600037],[-106.79728631268358,37.561838606636634],[-106.7972564237086,37.562152865682634],[-106.79734752776395,37.5625019617258],[-106.7973580267881,37.56271885775562],[-106.797270529801,37.563038553806031],[-106.79721577781726,37.563319790849015],[-106.79712645584388,37.56377988291927],[-106.7970615978833,37.564313423998328],[-106.79695891090256,37.564729532063254],[-106.79685155890611,37.565000106108094],[-106.79668698789177,37.565218909149316],[-106.79657705688129,37.56535576917554],[-106.79637197086097,37.56560366822341],[-106.79606189984315,37.566106801313879],[-106.79577042681844,37.566500563387748],[-106.7954972147959,37.566875987457848],[-106.79527973178023,37.567196875516814],[-106.7952336417909,37.567404014548821],[-106.79505053378981,37.567794333615247],[-106.79485832276536,37.567973458652709],[-106.79470079276606,37.568325274712123],[-106.79448820678114,37.568941063812119],[-106.79431813179947,37.569495470900819],[-106.79411860381734,37.570109815999764],[-106.79399942783064,37.570503172062594],[-106.79385174284114,37.570931083132045],[-106.79362464882364,37.571255263192057],[-106.79344933681587,37.571562453246344],[-106.79335215581432,37.571760157280316],[-106.79333857882791,37.57192474330428],[-106.79339802885833,37.572095677324434],[-106.79352333091187,37.572352573352482],[-106.79375239999634,37.572688310384969],[-106.79409810911737,37.573130692424982],[-106.79449552224533,37.573529073455497],[-106.79485358635591,37.573840955476399],[-106.79534782550805,37.574266889504557],[-106.79583776965593,37.574659450528351],[-106.79617737176268,37.574973934550783],[-106.79651085188135,37.575420072592046],[-106.79682556498284,37.575737193616462],[-106.79714662108097,37.576006525633765],[-106.79748437418993,37.576347139659944],[-106.7977695742868,37.576682592688769],[-106.79800265337343,37.57703075972276],[-106.79813524242473,37.577249309744957],[-106.79828151747368,37.577413998758679],[-106.7984501135269,37.577572384770143],[-106.79859634257841,37.577762128787427],[-106.79864811361699,37.578031711821914],[-106.79860941863132,37.578258476856227],[-106.79865345067545,37.578599420901206],[-106.79876091972234,37.578828787926568],[-106.79883679575482,37.578984771943581],[-106.79883390677233,37.579164441968942],[-106.79879383078537,37.579381351001963],[-106.79876078679895,37.579588544033115],[-106.79872650380466,37.579720215053797],[-106.79876202582746,37.579868075072241],[-106.79881532285127,37.579987122085548],[-106.79890832988487,37.580116853097792],[-106.79904569092582,37.580222064103808],[-106.79913658196878,37.580448601129767],[-106.799140484986,37.580610764152304],[-106.79915657600955,37.580808792179035],[-106.79921838104491,37.581024147205277],[-106.79937656810857,37.581308635235111],[-106.79964117420045,37.581639338264551],[-106.79997735030069,37.581897004279192],[-106.80022828537784,37.58211224029337],[-106.80035189442427,37.582301327311967],[-106.80049694247883,37.58252474833408],[-106.80067941054331,37.582763865355936],[-106.80091266561205,37.582934587364988],[-106.80121316369403,37.583089178367459],[-106.80153643377999,37.583232857366916],[-106.80182566485863,37.583378957368907],[-106.80206073192619,37.583533517375571],[-106.80217730297166,37.583729117395599],[-106.80227519801629,37.583957086421286],[-106.80239418207464,37.584274740458248],[-106.8024487881073,37.584478928483406],[-106.8027272201922,37.584710385498049],[-106.80304086828397,37.584933129509231],[-106.80336483938295,37.585204849526612],[-106.80368846948525,37.585509749548677],[-106.80391177755672,37.585728950565162],[-106.8039267265617,37.585745699566601],[-106.804059300606,37.585894235578941],[-106.80407406962875,37.586087063605007],[-106.80406686964443,37.586258408629497],[-106.80409872766818,37.586424038650719],[-106.80397276366153,37.586633933688169],[-106.80381512063822,37.586747583714178],[-106.80367815161262,37.586793927729438],[-106.80356410859424,37.586861569746262],[-106.80350737459082,37.586951893762532],[-106.80342764958338,37.587052436781761],[-106.80337825158519,37.58717837980258],[-106.80350453763992,37.587444709831843],[-106.80375287072728,37.587766347861091],[-106.80397881580797,37.588071036889318],[-106.80442631893912,37.588390390905552],[-106.80467193103279,37.588781053944594],[-106.8048590691012,37.589049134970217],[-106.80503714717489,37.589388882006475],[-106.80530472226363,37.589682197030506],[-106.80559407135345,37.589939128048016],[-106.80581504642656,37.590179081067525],[-106.80590888446079,37.590312830080329],[-106.80605236452408,37.590626067115082],[-106.80616384058862,37.59102090516329],[-106.80630034666861,37.591514496223773],[-106.8064231467356,37.591909160271264],[-106.80659341582212,37.592393221328244],[-106.80678392190303,37.592777836369976],[-106.80696453898598,37.593204014418163],[-106.807187317071,37.5935581594536],[-106.80742499315407,37.593860885480808],[-106.80759701721384,37.594076259500056],[-106.80774914426867,37.594286133519702],[-106.80791288632643,37.594499921539189],[-106.80808772238572,37.594704526556718],[-106.80834008045474,37.594835844558979],[-106.80850220049855,37.594915248559758],[-106.80863153653539,37.594996723562907],[-106.80873826056661,37.59507258556669],[-106.80889179561593,37.595225226578265],[-106.80902387366483,37.595419923597163],[-106.80914093471236,37.595634680619746],[-106.80928933276823,37.595862952642285],[-106.80947427183048,37.596074723660152],[-106.80971724889761,37.596208107663273],[-106.80992335795912,37.596365900672197],[-106.81009138801285,37.596530351684542],[-106.81028670806752,37.596644516687995],[-106.81042432310497,37.596714503689022],[-106.8107093751875,37.596907707697916],[-106.81082737922166,37.596987692701539],[-106.81110478630619,37.597217755716038],[-106.81132624938117,37.597475714738046],[-106.81151199844102,37.597662122752268],[-106.81185865754621,37.597945194769778],[-106.81230940968335,37.598316790793064],[-106.81265542978565,37.598572833806799],[-106.81298794287588,37.59873895980882],[-106.81334265496922,37.59888671880686],[-106.81372981606324,37.598970881793875],[-106.81403726913797,37.59903825378364],[-106.81434259021705,37.599153504780269],[-106.81471984331448,37.599292711775597],[-106.81506621140885,37.599469297778199],[-106.81535116549513,37.599700388792343],[-106.81554731456175,37.59993098881214],[-106.81582604364499,37.600145392824366],[-106.81617857674476,37.600361877832142],[-106.81648551183174,37.600552017839135],[-106.81674683291367,37.600790948855902],[-106.81685713095733,37.600982050875608],[-106.81704640202571,37.601244792900332],[-106.81731188111098,37.601508289920275],[-106.81755753118796,37.601732833935998],[-106.81782233826421,37.601909000943749],[-106.81809073033838,37.602056028947203],[-106.81849251244229,37.602205723942475],[-106.8188729245407,37.602348103938084],[-106.81921249562953,37.602485091935549],[-106.81958767672661,37.602625116931165],[-106.81989235780631,37.602748049928898],[-106.82021655089298,37.602897141928999],[-106.82055269898046,37.603027815925849],[-106.82092163607155,37.603122925915521],[-106.82119646014462,37.603244856915047],[-106.82148152221531,37.603321566907525],[-106.8218065192931,37.603380824895055],[-106.82210931036272,37.603408331879486],[-106.82235849841885,37.603419091865057],[-106.82251721645461,37.603425850855892],[-106.82269022349597,37.603456947849153],[-106.82282354953045,37.603506573847582],[-106.82301398457764,37.603557407842501],[-106.82326582663691,37.603593341831392],[-106.8234307106747,37.603606717822743],[-106.82362192671847,37.603622237812644],[-106.82384692577125,37.603652736802566],[-106.82394877979831,37.603698007802379],[-106.82406421483273,37.603786346807375],[-106.82429376489586,37.603908969809844],[-106.82454745096462,37.604034716811249],[-106.82471415500734,37.604093313808747],[-106.82499765407992,37.604191561804406],[-106.8252830841495,37.604256630795263],[-106.82553661621564,37.604356926793052],[-106.8259859253269,37.60447567778094],[-106.82613280336587,37.604540104780554],[-106.82632780941844,37.604634526781311],[-106.82638839344817,37.60479581080002],[-106.82646057648827,37.605034880828924],[-106.82647337050498,37.605172174847347],[-106.82639626350736,37.605364015879111],[-106.82624856849225,37.605537175912865],[-106.82613997647921,37.605645472934974],[-106.82599818046214,37.605786168963789],[-106.82566380542433,37.606142680035141],[-106.82544487540154,37.606395069084492],[-106.82517553537069,37.60667859114146],[-106.82495130734796,37.606943327192873],[-106.82473765232851,37.607217507244982],[-106.82456498031368,37.607448090288351],[-106.82435374329658,37.607740724342868],[-106.82422613528669,37.607921313376309],[-106.82400193226286,37.608175286426274],[-106.8238899552604,37.608395728464345],[-106.82363958222467,37.608589002507408],[-106.82342393319625,37.60877866554781],[-106.823138237146,37.608906125583943],[-106.82288663609575,37.608958761607447],[-106.82257772003258,37.60900889363419],[-106.82226499096629,37.609036065658067],[-106.82186443187867,37.609044631684867],[-106.8214736937902,37.609023492706967],[-106.82105838069602,37.608998901730118],[-106.82073492262252,37.608979137748051],[-106.82026082051487,37.608950151774323],[-106.81967914338499,37.608936485809622],[-106.81906961325049,37.608937423848786],[-106.81860598915151,37.608971607883284],[-106.81817588705809,37.608987249913],[-106.8176771919469,37.608976909943465],[-106.81672322073712,37.608986332005841],[-106.81593145956184,37.608982588055987],[-106.81521045740224,37.608979381101719],[-106.8143080622023,37.608973786158707],[-106.81365573806046,37.608995938203556],[-106.81346338201975,37.60901375621836],[-106.81328104398185,37.609037314233348],[-106.81323877697608,37.609072265240926],[-106.8131956669757,37.609163051256459],[-106.81318506998696,37.609297173275891],[-106.81331963203081,37.609437194286883],[-106.81352793508327,37.609500782282495],[-106.81373144013135,37.60953148627376],[-106.81400501219471,37.609560770260352],[-106.81425124925335,37.609602676250439],[-106.81446747030662,37.60965691224424],[-106.81480142439295,37.609781238240259],[-106.8151033094708,37.60989167223638],[-106.81541227654866,37.609986288229862],[-106.81585846965883,37.610100961217356],[-106.81622287074912,37.610197957207639],[-106.81663338885103,37.610308797196872],[-106.81695435793361,37.61042437619254],[-106.81739318904481,37.610565464184234],[-106.81780270014863,37.610697124176419],[-106.8181769642414,37.610797414166562],[-106.81850745732245,37.610876432156481],[-106.81884458240224,37.610929121142242],[-106.81921002348821,37.610981057126097],[-106.81949467455702,37.611039754116142],[-106.81971093960904,37.611081480108162],[-106.82018897572392,37.611173241090356],[-106.82049605679676,37.611222576077637],[-106.82085998188295,37.611280037062386],[-106.8212262859733,37.611373293052004],[-106.8215868080629,37.611471855042744],[-106.82183285112853,37.611583405042595],[-106.82209691120042,37.611717341044447],[-106.82232525926528,37.611860363049821],[-106.8224985553183,37.612005975059169],[-106.8228055694122,37.612263950075615],[-106.82294799146084,37.612433524090292],[-106.82309137150978,37.612604246105036],[-106.82324753157373,37.612895084135729],[-106.82346170564918,37.613173274160992],[-106.82361653269979,37.613335292173808],[-106.82383232476788,37.613537708188304],[-106.8241037618475,37.613731538198088],[-106.82433684491464,37.613886200204824],[-106.82454249997453,37.61402970321177],[-106.82473651002438,37.614098648209009],[-106.82491613406883,37.614145825204105],[-106.8250663461055,37.614180479199327],[-106.82529879816147,37.614225810190824],[-106.82557109522463,37.614255789177562],[-106.82582880327972,37.6142377691585],[-106.82619810635278,37.614153555123082],[-106.82660360143259,37.614057154083625],[-106.82705350251845,37.613924015036147],[-106.82740170858297,37.6138014519967],[-106.82771770364769,37.613751495969453],[-106.82805633671741,37.613701186940702],[-106.82835100478293,37.61370563292251],[-106.82888238189582,37.613661346882225],[-106.82936670299107,37.613545689835028],[-106.83005476411729,37.613291279755309],[-106.83054564120765,37.613112826698895],[-106.83102817729521,37.612925091641713],[-106.83137681436163,37.612820544604766],[-106.831748309434,37.612724653567547],[-106.83206341249488,37.612638649535292],[-106.83246999657948,37.612587273502065],[-106.83280994765494,37.612591004480819],[-106.83310571772525,37.612640474468833],[-106.83343612580592,37.612716450458308],[-106.83382469590569,37.612854607452775],[-106.83420283900682,37.613028975452956],[-106.83451346709502,37.613222415460193],[-106.83494978821533,37.613458962465344],[-106.83523776929852,37.613652752474088],[-106.83550588438003,37.613873411487795],[-106.83579597146928,37.614121809503992],[-106.83603383553823,37.61428419551148],[-106.83622963759331,37.614401092515308],[-106.83642795264396,37.614469094512117],[-106.83660422168647,37.614504382505814],[-106.83680822673483,37.614537003497261],[-106.83705465779305,37.614574595486758],[-106.83732478385369,37.614584736470896],[-106.83766891293112,37.61459859945078],[-106.83790033498326,37.614608638437389],[-106.83819157704998,37.614632985422112],[-106.83840047910539,37.614724079421514],[-106.83847173012703,37.614783000425213],[-106.83848483013726,37.614854894434401],[-106.83845329614036,37.614954521450372],[-106.83837865813989,37.615112768477303],[-106.83825124311858,37.615180219494917],[-106.83815688509826,37.615185466501678],[-106.83777344201668,37.615215899530519],[-106.83742859094329,37.615243270556483],[-106.83707343386793,37.615273576583448],[-106.83671909979351,37.615311511611438],[-106.83647390174339,37.615350891632694],[-106.83620652968871,37.615393832655833],[-106.83590230062795,37.615457895684258],[-106.83566844958087,37.615502586705524],[-106.83538731452741,37.615588071735495],[-106.83509529647343,37.615691749768729],[-106.83480262541654,37.615768400798181],[-106.83464451538373,37.615788883811177],[-106.83437182532026,37.615757075824185],[-106.83415576126927,37.615724385833438],[-106.83388308320578,37.615692575846452],[-106.83367878715917,37.615677726857491],[-106.83339543709617,37.615673127874963],[-106.83328240707226,37.615683896883738],[-106.8331580510459,37.61569484189323],[-106.83294412600797,37.615786621919767],[-106.83272363996868,37.615879277946867],[-106.83254970193879,37.61596388396989],[-106.83249717493111,37.616002515978643],[-106.83240922692278,37.616112028999595],[-106.83238856692644,37.616193461012323],[-106.83236834893206,37.616292910027532],[-106.83231371292828,37.616374870042506],[-106.83224708791917,37.616429978054526],[-106.83219200891349,37.616493920067001],[-106.83217156991809,37.616584360080985],[-106.8321346119218,37.616701581099754],[-106.8321015649304,37.616858584123833],[-106.83205781493437,37.616993141145493],[-106.83199281793017,37.617093835163772],[-106.83191347692342,37.617200034183696],[-106.8318029619092,37.617300489204837],[-106.83170403489586,37.617384704222971],[-106.83150151485692,37.617441922243955],[-106.83126478480958,37.61749065826595],[-106.83102739175933,37.617512368284181],[-106.83072359270093,37.617598194315711],[-106.83055571067231,37.617681919338139],[-106.83026544462601,37.617857656381346],[-106.83010909660084,37.61795020540432],[-106.82994599857197,37.618020697424654],[-106.82979912354683,37.618092568444112],[-106.82963916552148,37.6181918154683],[-106.82937144246849,37.618252023493852],[-106.82909787741643,37.618334573522944],[-106.82891123338577,37.618438801549495],[-106.82874305436177,37.618568834578497],[-106.82867816935308,37.618624869590491],[-106.82860823934676,37.618714985607596],[-106.82849286333592,37.618859628635256],[-106.82833461732032,37.619050185672066],[-106.82810273529407,37.619297111721487],[-106.82786040726918,37.619580248776657],[-106.82767228124622,37.619763418814379],[-106.82739222319753,37.619893929850541],[-106.82710621215389,37.620086302895807],[-106.82687211012282,37.62029049693944],[-106.82665015409383,37.620487824981261],[-106.82645669706942,37.620669147019044],[-106.82630456605119,37.620821017050076],[-106.82617754404465,37.621033629087982],[-106.82610050304734,37.621228333120214],[-106.82601751504548,37.621390703148251],[-106.82587926103621,37.621600928186552],[-106.82566188001286,37.621844281234516],[-106.82531778797629,37.622233963311174],[-106.82505394794481,37.622498636365094],[-106.82477608990575,37.622719239413797],[-106.82453015887288,37.622930961459211],[-106.82424117983231,37.623160738509917],[-106.82394197379411,37.623435734567579],[-106.82363347675468,37.623719250627062],[-106.823322510712,37.623976402683027],[-106.82296461264595,37.624104744723908],[-106.82261250358285,37.624249759766755],[-106.82230044852372,37.624346550800347],[-106.82200743846553,37.624411288828171],[-106.82145398735057,37.62448293087364],[-106.82068509818738,37.624548875932142],[-106.82001785105093,37.624656856990001],[-106.81947903694039,37.624741107036307],[-106.81888978282343,37.624871212092316],[-106.81839098371968,37.624934878133203],[-106.81795987462563,37.624946470162406],[-106.81747713252389,37.624995339200204],[-106.81694225141348,37.625071514245143],[-106.81648891231741,37.625111706279782],[-106.8161055822347,37.625131442307115],[-106.81572649614883,37.625110593328479],[-106.81550918910042,37.62510632234185],[-106.81521656302775,37.6250274623495],[-106.81495978796843,37.625001645362353],[-106.8147719219245,37.624977940371068],[-106.81442818484702,37.624962464390947],[-106.81415275279407,37.625040799419565],[-106.8139270887503,37.625100615442371],[-106.81372157571005,37.62515173946268],[-106.81356596767958,37.625190451478069],[-106.81340676364785,37.625224315493057],[-106.81325861961815,37.625254035506693],[-106.81299861756607,37.625307158530781],[-106.81276163051776,37.625346849551512],[-106.81247934745949,37.62538723657525],[-106.81213829338984,37.625444045605072],[-106.81178429031851,37.62551193163727],[-106.81160954030132,37.625723260678086],[-106.81151072430499,37.62597515271969],[-106.81133799129628,37.626265931771435],[-106.81115618627975,37.626499228815803],[-106.81098519327907,37.626865491878036],[-106.81085238228977,37.627260974941976],[-106.81078553731132,37.62761938499645],[-106.81057382130618,37.628030758067645],[-106.81046315230999,37.628309756113808],[-106.81037914930998,37.628492698144811],[-106.81027860630215,37.628634917171176],[-106.81012458828225,37.628774390200569],[-106.80995515025715,37.628896216228483],[-106.80982331924086,37.629023425254772],[-106.80964930921536,37.629150747283724],[-106.80946772117976,37.629195797301705],[-106.80917007511302,37.629185920319379],[-106.80886484603302,37.629061973321548],[-106.80856683595981,37.628989149330465],[-106.80830652590362,37.629002152348974],[-106.8080686508514,37.629005799364691],[-106.80784341380746,37.629063325387214],[-106.80762995076796,37.629138695411442],[-106.80739990572668,37.629233462439466],[-106.80719372069653,37.629385652473978],[-106.80696635666722,37.629591820517412],[-106.80682371966611,37.629892069568619],[-106.80667108266896,37.630252888628931],[-106.80653015066447,37.630516404674893],[-106.80635632565738,37.630825485729325],[-106.80619360765179,37.631125383781743],[-106.80604596465851,37.63151352784557],[-106.80587950864317,37.631725014885859],[-106.80576988963416,37.631875430913944],[-106.80563084261755,37.632014668942382],[-106.80527952356015,37.632214303992868],[-106.8048459644846,37.632414165048637],[-106.80451959042681,37.632556269089406],[-106.80416583737401,37.632806092147135],[-106.8038834293329,37.633016526194702],[-106.8036174382992,37.633263926246386],[-106.80339383827206,37.633483587291487],[-106.80314577324012,37.633709922339058],[-106.80297025921976,37.633891444375742],[-106.80286910021327,37.634047983404123],[-106.8026896932071,37.634378596461943],[-106.80258910920315,37.634558972493672],[-106.80235234419528,37.634997764570315],[-106.80236934123893,37.635390949624302],[-106.80235955626341,37.635654159661826],[-106.80228978726495,37.635821377689652],[-106.80218819325655,37.635960039715613],[-106.80198242822101,37.636057851742486],[-106.8017905121751,37.636023346749987],[-106.80148574311276,37.63607306377645],[-106.80119207305194,37.636113597800943],[-106.80085352298315,37.636172841830934],[-106.80052696591972,37.636258937863936],[-106.80018906685379,37.636345206897687],[-106.79991957380467,37.636448454929436],[-106.79963896875405,37.636560884963195],[-106.79939279471283,37.636690821997156],[-106.79919300868634,37.636865104034364],[-106.79901587966482,37.637039040070071],[-106.79888297764842,37.637167239096506],[-106.79879647664679,37.637339793126237],[-106.79872217265149,37.637548209160229],[-106.79872716967363,37.637755416188874],[-106.79871208769286,37.637978268221097],[-106.79886285375758,37.638288093254815],[-106.79895338379346,37.638444662270956],[-106.79909212685502,37.638749496304712],[-106.79920746889478,37.63889007331705],[-106.79944056697336,37.639156877339445],[-106.79976494007464,37.639449334359604],[-106.80004745116,37.639675098373182],[-106.80033255124714,37.639913232388224],[-106.80067855135127,37.640185800404232],[-106.80106954646912,37.640496360422674],[-106.80138595856633,37.640765096440028],[-106.8016274036451,37.641016078459636],[-106.80187276971907,37.641210785471237],[-106.80206601978624,37.641452245492644],[-106.80227281785038,37.641633885504824],[-106.80241015689079,37.641733128509934],[-106.80260802194692,37.641855290514314],[-106.80296369303946,37.641992925510785],[-106.80331288013487,37.642172385513554],[-106.80367167222886,37.642317791510926],[-106.80400600031467,37.642435062505868],[-106.80437831940553,37.642519728493873],[-106.80462374246646,37.64258604448743],[-106.80478322650511,37.64261965348193],[-106.80496548454619,37.642627687471332],[-106.80506755257211,37.642660363469346],[-106.80522725561168,37.642702980465096],[-106.80533020364642,37.642821108475033],[-106.80543655268363,37.642956093487108]]},"properties":{"id":"430","name":"LAKE FORK","field_id":"430","forestname":"Rio Grande National Forest","districtname":"Divide Ranger District","seasonal":"seasonal","passengervehicle":"open","highclearancevehicle":"open","mvum_symbol_name":"Roads open to all Vehicles, Seasonal"}},{"type":"Feature","geometry":{"type":"LineString","coordinates":[[-106.83323120992284,37.781202429014392],[-106.83306049988722,37.781223206028287],[-106.832776740825,37.781227621047272],[-106.83240195474181,37.781224440071014],[-106.8319129986308,37.781195997098614],[-106.83161745456411,37.781182569115842],[-106.83135661750781,37.781195636134498],[-106.83105082444344,37.781227426158686],[-106.83072299637708,37.781286594188103],[-106.82989941822592,37.781587949283328],[-106.82940454712748,37.781694598330148],[-106.82909344406092,37.781716074353255],[-106.8287051229817,37.781780709387348],[-106.82820429287607,37.781830389426588],[-106.82748765671234,37.78177842546566],[-106.82713446062927,37.781729841481685],[-106.8267356515353,37.781672942499497],[-106.82650841948453,37.781667454513403],[-106.82617477641739,37.781732323544034],[-106.82593037337124,37.78180932657056],[-106.82572557232254,37.781775920579122],[-106.82565447429623,37.781672329569254],[-106.82566515728554,37.781545345550825],[-106.82569633928041,37.781427705532423],[-106.82602873033832,37.781276007489843],[-106.8265055844231,37.781074836430975],[-106.82697119951288,37.780946596383039],[-106.82738199660261,37.780935733355001],[-106.82772663968446,37.780990933340398],[-106.82799428174627,37.781017053326778],[-106.82829595179851,37.780876141287649],[-106.82880322287882,37.780565534211576],[-106.82925292394488,37.780240681137229],[-106.82972504302985,37.780051709080396],[-106.83046181216362,37.779767801993259],[-106.83083898022932,37.779595437944813],[-106.83106289125826,37.779395180902419],[-106.83110409325189,37.779243949878712],[-106.83115773125073,37.779116946857542],[-106.83117709724112,37.778981464837379],[-106.83111791321797,37.778883251827516],[-106.83101398418779,37.778812770824388],[-106.83089892815606,37.778751474823316],[-106.83068150010097,37.778682756827749],[-106.83045361104725,37.778650249837916],[-106.83027245500932,37.778671089852516],[-106.83011444297837,37.778709592868118],[-106.82992326994379,37.778784659890896],[-106.82974566792143,37.778949635925372],[-106.82956850890106,37.779132628962337],[-106.82940358788701,37.779351481003481],[-106.82929297287478,37.779470356027218],[-106.82917034185709,37.779562381047981],[-106.82904682283551,37.779618371063783],[-106.828810245791,37.779694141089585],[-106.82844903772008,37.779780857125004],[-106.82812054765074,37.779812992150738],[-106.82762317754843,37.779887562193217],[-106.82701388141784,37.779927288238127],[-106.82672829735674,37.779946854259293],[-106.82655486031091,37.779873860260324],[-106.82640011626759,37.779785439258006],[-106.82634069024529,37.779695541249311],[-106.82626182821711,37.779590807239792],[-106.82622512718767,37.779382777213151],[-106.82622069316821,37.779202604188313],[-106.82623896015373,37.779022079161948],[-106.82629127614673,37.778841026133307],[-106.82637830715015,37.778686480106174],[-106.82647692115704,37.778540758079465],[-106.82669793418057,37.778294004030798],[-106.82687532020191,37.778120023995072],[-106.82699640021283,37.777964939965614],[-106.82705369219541,37.777671306920951],[-106.82700997816252,37.777444935892198],[-106.82704363415128,37.777262772864667],[-106.82709523613936,37.777034922829571],[-106.82730306717717,37.776956015805077],[-106.82756696822271,37.776830827770624],[-106.82775349924658,37.776661431734965],[-106.82814114827892,37.776140768637305],[-106.82858709932866,37.775664611542133],[-106.82874647832256,37.775261193475558],[-106.82874514631672,37.775207141468115],[-106.8287213373069,37.775162450463441],[-106.8286407922846,37.775118640462509],[-106.82853592626314,37.775135621471634],[-106.82840397824042,37.77519821648891],[-106.82825445922002,37.775321629515759],[-106.8281049411996,37.775445043542661],[-106.82763731813419,37.775815580624503],[-106.827255181071,37.776023326678157],[-106.82712164705278,37.776133543702123],[-106.82702105203718,37.77619818871765],[-106.82692001401966,37.776244815730699],[-106.8268185320001,37.776273425741202],[-106.82669435097563,37.776302387753304],[-106.82647937193127,37.776332757771399],[-106.82618450186746,37.776346341792326],[-106.82594683481805,37.776377061811942],[-106.82580039679054,37.776424391828016],[-106.82567732377092,37.776498396846279],[-106.82561076476279,37.776562512859485],[-106.82556736076157,37.776644293873687],[-106.82560236078692,37.776815882895356],[-106.82559074281536,37.777118795938406],[-106.8254449378113,37.77739351498613],[-106.82522064478066,37.77757863102638],[-106.82499635175007,37.777763746066697],[-106.8247518777104,37.777903764102035],[-106.82433583263303,37.778046437148767],[-106.82369214051039,37.778238045217087],[-106.82327003742733,37.778338100258239],[-106.82267712931319,37.778503181319593],[-106.82189411817006,37.778795651410924],[-106.82145825608525,37.778908349454767],[-106.82064986291643,37.779004870520431],[-106.82015621182238,37.779152283572898],[-106.81990394678134,37.779295653609182],[-106.81958320172488,37.779436838649595],[-106.81933834068356,37.779561713682803],[-106.81901870763201,37.779748290729437],[-106.81871591057484,37.779843786762335],[-106.81845198352933,37.77996895379686],[-106.81822544048892,37.780063270824634],[-106.81797835143774,37.780097358845353],[-106.81759484934427,37.780012455858248],[-106.81727039127148,37.780002325877774],[-106.81694630520037,37.780007324899394],[-106.81679394416842,37.780024289911573],[-106.81672672415735,37.780061374921118],[-106.81667107614976,37.780107293931117],[-106.81662765914857,37.780189071945316],[-106.81661785315285,37.780252307954783],[-106.81665410917007,37.7803418699649],[-106.81689841124866,37.780581428982565],[-106.81694778327609,37.780742876001881],[-106.81695219529556,37.780923050026757],[-106.81685929431394,37.781302991085752],[-106.81686238232759,37.781429112103147],[-106.81692222335366,37.781554359116704],[-106.81706702341307,37.781821864144675],[-106.81737687150124,37.782013862151452],[-106.81753494655921,37.782238472172587],[-106.81750348858027,37.782511418212678],[-106.8174133545822,37.782724722248247],[-106.81720957356232,37.782970053295593],[-106.81700430853586,37.783154860334669],[-106.81677156550619,37.783367161379282],[-106.81666712751294,37.783658102426607],[-106.81659515952852,37.78396562347411],[-106.81639515155024,37.784608566576694],[-106.81629915555501,37.784862385618318],[-106.81621275755458,37.785043959649208],[-106.81613506454488,37.785117254664449],[-106.81597901552263,37.785236817691199],[-106.81580114649934,37.785392764724428],[-106.81560277848071,37.785639149771633],[-106.81542777247,37.785912209820999],[-106.81533089147092,37.786129992857603],[-106.81515478145538,37.78635800890077],[-106.8150216514391,37.78648622992727],[-106.8148651574149,37.786587774951549],[-106.81476475840024,37.786661417968311],[-106.81455371037333,37.786853923008756],[-106.8144219003629,37.78703618704273],[-106.8142911803573,37.787263503082833],[-106.81420477435684,37.787445075113759],[-106.81418537636644,37.787580555133914],[-106.8141688423887,37.78783314917019],[-106.8142324184313,37.788111544204924],[-106.81428421346946,37.78837209723789],[-106.81430063349434,37.788579122265716],[-106.81428233650875,37.788759646292092],[-106.81425091351295,37.788868275309227],[-106.8141638455096,37.789022821336438],[-106.81399907749653,37.789250661378844],[-106.81376773947532,37.789542611434513],[-106.8135355194502,37.789798525485175],[-106.81340260043494,37.789935744512917],[-106.81313587040037,37.790174164563396],[-106.81292414737054,37.790339641600148],[-106.81239831128744,37.79066315667923],[-106.8118384151969,37.790987193760571],[-106.81153631114906,37.7911720828059],[-106.81116521308236,37.791321982850775],[-106.81087291803019,37.791443634886569],[-106.81058106197999,37.791583302924948],[-106.8104356829573,37.791675658947185],[-106.81029228294338,37.791849091980687],[-106.81023881994552,37.791985095003078],[-106.81026481096508,37.792119877020212],[-106.81032421098922,37.79222710903128],[-106.81042858002144,37.792315626036931],[-106.81058927006407,37.792385253036223],[-106.81096697315998,37.792505615028624],[-106.81159683632136,37.792721231017978],[-106.81179246637541,37.792826367020012],[-106.81193089441504,37.792914358023324],[-106.81201321044512,37.793030240034142],[-106.81206214147069,37.79317368105103],[-106.81211261250299,37.793380182076532],[-106.81208427852084,37.793614932111112],[-106.81200093053401,37.793922625159418],[-106.81181938254223,37.79439404723685],[-106.81165722554081,37.794729988294193],[-106.81150356952926,37.794948641334599],[-106.81112394549164,37.795400170422106],[-106.81059890941366,37.79577152350781],[-106.80996679531765,37.796197902608085],[-106.80954440026282,37.796573888687803],[-106.80937806324296,37.796738661721569],[-106.80927313124063,37.7969422837567],[-106.8091055772209,37.797111359791124],[-106.8088797081838,37.797235922823084],[-106.80867217014752,37.797329929849631],[-106.80847165809941,37.797293307857437],[-106.8082218920446,37.797297142874143],[-106.8080620720058,37.797263548879783],[-106.80776403892834,37.797150965883318],[-106.80708763875204,37.796890983890783],[-106.8065839386239,37.796727481900561],[-106.80638897557276,37.796649362902251],[-106.80625230154087,37.796633434908877],[-106.80610427450654,37.796617680916249],[-106.80544668336586,37.796663811965146],[-106.80461967319162,37.796748583030407],[-106.80388196203057,37.796768896080891],[-106.80356298395589,37.796728721095917],[-106.80320928987081,37.796662040109453],[-106.8029119227963,37.796576471116765],[-106.80241937966963,37.796403768124485],[-106.80177900750273,37.796157875131563],[-106.80104413431303,37.795893102142152],[-106.80013983608305,37.795600515159791],[-106.79954491193293,37.79542035317305],[-106.79903075880614,37.795293026188524],[-106.79831139563062,37.79513278221269],[-106.79794636154303,37.79506625822696],[-106.79738138741648,37.795050636261315],[-106.79654889523147,37.795042522313942],[-106.79617578215603,37.795111297347624],[-106.79526849996795,37.795234228423418],[-106.79493395691286,37.79541861647072],[-106.79455123084266,37.795559630515122],[-106.79413640677372,37.795782240573011],[-106.79393423473857,37.795875441599037],[-106.79356416467672,37.796070331650135],[-106.79318404761817,37.796319446709475],[-106.79275981055549,37.796623303779256],[-106.79235872249977,37.796944822849987],[-106.79211287446246,37.797110781889032],[-106.79189956042578,37.797213160917103],[-106.79102206826721,37.797559956022148],[-106.79070679120909,37.797672895058298],[-106.78993431006032,37.797888654138319],[-106.78947668597033,37.797998003183139],[-106.78925157692916,37.79808253220947],[-106.7888917308577,37.798161817243759],[-106.78860971181285,37.798332605285843],[-106.78843343579477,37.798536552325672],[-106.78796832674254,37.799030267424605],[-106.7873660886565,37.799490014527635],[-106.78720974563322,37.799600523553174],[-106.78701782159571,37.799648495572256],[-106.78681280754789,37.799624570582132],[-106.78661742149475,37.799528409581349],[-106.7865010654572,37.799413017572768],[-106.78632577239743,37.799208397555589],[-106.78616400334988,37.799093693550041],[-106.78604961232105,37.799059380552627],[-106.78587909428266,37.799052953562729],[-106.78538301418847,37.799204668615957],[-106.78526969616451,37.799215398624774],[-106.78506294910892,37.799119399624743],[-106.78487804205443,37.798987020618235],[-106.78470600600919,37.798917530619683],[-106.78449927195365,37.798821529619595],[-106.78433772290701,37.798715831615318],[-106.7842329408729,37.798609273607191],[-106.783898166759,37.798221131574664],[-106.7836149276674,37.797939285553682],[-106.78336153059638,37.797793357549644],[-106.78317836254968,37.797733046553091],[-106.78303382452115,37.797766865567148],[-106.78274591145988,37.797790299589053],[-106.78249335540339,37.797784584604514],[-106.78230373035571,37.797728260608949],[-106.78207558330091,37.797686652617884],[-106.78188107425173,37.797626510622017],[-106.78174375321692,37.797583527624916],[-106.78157085816784,37.797477997621343],[-106.78129383708759,37.797292942613417],[-106.78088869896526,37.79697463259518],[-106.78043771983106,37.79663899057752],[-106.78001073670762,37.796357056565753],[-106.77964728060627,37.796152872560704],[-106.77937768453157,37.796006137557669],[-106.77898598943221,37.795882355565688],[-106.77865974835268,37.795810979576814],[-106.77832309327772,37.795806525597911],[-106.77786765618256,37.795861090634965],[-106.77726963606293,37.795984570690855],[-106.77669632895162,37.79613628774905],[-106.77565204875366,37.796458897861548],[-106.77479912659146,37.796718087952748],[-106.77396602944266,37.797064463054951],[-106.77368153539679,37.797230891096554],[-106.77348183237247,37.797424655136446],[-106.77338844336371,37.797540516158698],[-106.77330683835754,37.797656787180166],[-106.77317554134903,37.797857030216583],[-106.7730652293494,37.798098578257438],[-106.77292603434414,37.798347441301125],[-106.772836085347,37.798569381337927],[-106.7728175243664,37.79879857037114],[-106.77284611439225,37.798988896395848],[-106.77300824745333,37.799234440419653],[-106.77317943350367,37.799355855425482],[-106.77339891056562,37.799486080429496],[-106.7736827956399,37.799597745426766],[-106.77448378584275,37.799847031409776],[-106.77488941394701,37.79998820940326],[-106.77510843900686,37.800099363404627],[-106.77529187406085,37.800230128411016],[-106.77541386009551,37.800304591413521],[-106.77557725014685,37.800452378423586],[-106.77564968718123,37.800631528443901],[-106.77562977619287,37.800787767467028],[-106.77563342920931,37.80094031748807],[-106.77561282121945,37.801083695509362],[-106.77550901421529,37.801266479541574],[-106.77539273320633,37.801430375571968],[-106.77528542319462,37.80154724459522],[-106.77516204017397,37.801612188612211],[-106.77496631413905,37.801694325636376],[-106.77481124410993,37.801744351653383],[-106.77449905004231,37.801758593675487],[-106.77424556798171,37.801714723685805],[-106.77388234489011,37.801605740694036],[-106.77359155281314,37.801482643695628],[-106.77342039477183,37.801449172702007],[-106.77320533272373,37.801444254715221],[-106.77300310868809,37.801533139740727],[-106.77274454764641,37.801684650778576],[-106.77232939457645,37.801898177835177],[-106.77203724553091,37.802084068879992],[-106.77163300046487,37.802312695938021],[-106.77129639340512,37.802456292979784],[-106.77083559031547,37.802576442026314],[-106.77018144218057,37.802672438081999],[-106.76997728114928,37.802807717114078],[-106.76978162612228,37.802966884148923],[-106.76965186511481,37.80317367718618],[-106.76945304109074,37.803367829226069],[-106.76926045108276,37.803705029285624],[-106.76888566904906,37.804184949376783],[-106.76878562903632,37.804276572396027],[-106.76860513900408,37.804351592418151],[-106.76839865396285,37.804395386437626],[-106.76817980691786,37.804428857456436],[-106.76793078485989,37.804400978468614],[-106.76760318278633,37.804391050488398],[-106.76722279770098,37.804379522511361],[-106.76684079461674,37.804382606536485],[-106.76654883755165,37.804378079554738],[-106.76605108442489,37.80421632556429],[-106.76547233727602,37.804014149573518],[-106.76495374814533,37.803858711585299],[-106.76459256005678,37.803775061596994],[-106.7640969339396,37.803702330618876],[-106.76364087783116,37.803628970638059],[-106.76333161075591,37.80356307164886],[-106.7630971826989,37.803513119657055],[-106.76280056962462,37.803428892664456],[-106.76239523552309,37.803313792674565],[-106.76173958636183,37.80315653569496],[-106.7613963922753,37.803053523702793],[-106.76101849517833,37.802923992709118],[-106.76060465307079,37.80276856371416],[-106.76033702500408,37.802696000721298],[-106.76008645294108,37.802622329727214],[-106.75981766687308,37.802539196733008],[-106.75950155279307,37.802441424739762],[-106.75919774771157,37.802302895740041],[-106.75903420466264,37.802178725733278],[-106.75874703458611,37.802052103734184],[-106.75849753652432,37.801988358741411],[-106.75823447045816,37.801911176747602],[-106.75796403439114,37.801841380755327],[-106.7575058302841,37.801786563777313],[-106.75627509200551,37.801726553848425],[-106.75555043184792,37.801754351899127],[-106.75554454084666,37.80175457789953],[-106.75490192370172,37.801728909937474],[-106.75411605652714,37.801722804987392],[-106.75362405142194,37.801758604024151],[-106.75327074534155,37.801737801044091],[-106.75264320119055,37.801620044068187],[-106.75076486071818,37.801069247112622],[-106.74970698345184,37.800755880137203],[-106.74910752030135,37.800582766151742],[-106.74878378622007,37.800489278159603],[-106.74834288210943,37.800361948170313],[-106.74788378099393,37.800226758181097],[-106.74744036788206,37.800093514191097],[-106.74690116774606,37.799931490203321],[-106.74656264466266,37.799848955213633],[-106.74621229557465,37.799747275222067],[-106.74587199448816,37.799638580228866],[-106.74565851343553,37.799586264235359],[-106.74540998837354,37.799518697242],[-106.74521987033451,37.799548234258388],[-106.74505219330038,37.7995774372733],[-106.74489636527161,37.799633184291132],[-106.74474158324759,37.799733446315159],[-106.74462109123387,37.799859919340577],[-106.74450248422882,37.800066521377076],[-106.74430784521802,37.800381125433617],[-106.74343374716102,37.801712094675892],[-106.74299236613177,37.802379985797629],[-106.74287979812584,37.802564687830717],[-106.74241131910205,37.803343790969777],[-106.74207087308092,37.80387248706559],[-106.74174667706019,37.804370238156046],[-106.74154865205044,37.804702822215255],[-106.7414370680571,37.805008065265085],[-106.74136086007043,37.805302411311089],[-106.74134085709107,37.805547107346591],[-106.74130446311491,37.805857997392323],[-106.74129339414466,37.806171640436801],[-106.74110080514174,37.806558495503303],[-106.74064738313871,37.807507526665106],[-106.74035138112491,37.808011465754582],[-106.74013377611367,37.808371261818856],[-106.74011100711297,37.808413491826201],[-106.74003581011063,37.808552952850533],[-106.73969542808659,37.809053640942416],[-106.73925021505362,37.809692549060422],[-106.73884032901046,37.810156420151628],[-106.7384669389773,37.81063882724311],[-106.73831836997178,37.81090583429004],[-106.7381828129863,37.811339286359299],[-106.73797856099425,37.81185734644481],[-106.73780901900392,37.81231766652003],[-106.73768464401086,37.812653327574935],[-106.73758273701588,37.81292189161902],[-106.73746200701075,37.813132256656189],[-106.73734295400057,37.813289819685885],[-106.73717344997326,37.813389699710775],[-106.73672014789079,37.813564115764422],[-106.73624655981799,37.813876310838602],[-106.73591731277529,37.814170824901012],[-106.735776750764,37.814364380937121]]},"properties":{"id":"600","name":"POOL TABLE","field_id":"600","forestname":"Rio Grande National Forest","districtname":"Divide Ranger District","seasonal":"seasonal","passengervehicle":"open","highclearancevehicle":"open","mvum_symbol_name":"Roads open to all Vehicles, Seasonal"}},{"type":"Feature","geometry":{"type":"LineString","coordinates":[[-106.83441603076508,37.777109357367202],[-106.83433282476923,37.777329254403213],[-106.83439188880104,37.777511850424851],[-106.83437095881669,37.777709718453835],[-106.83442185885337,37.777957673485091],[-106.83459344094364,37.778468690545253],[-106.83487497906373,37.779032913605775],[-106.83521825716764,37.779306534621711],[-106.83552166226728,37.779624321646452],[-106.83595589738863,37.779871875652915],[-106.83615175944081,37.779958429652339],[-106.83621184246785,37.780092673667156],[-106.83622675948588,37.780236634686247],[-106.83619649849494,37.780390311709638],[-106.83612016749113,37.780517670732301],[-106.8360206904804,37.780627365754064],[-106.83590897046325,37.780701203771564],[-106.83577410443922,37.78075737778812],[-106.83549190638379,37.78082486081572],[-106.83496044627552,37.780914249862533],[-106.8337619980319,37.781122165968902],[-106.83340012195806,37.78118187200058],[-106.83323120992284,37.781202429014392]]},"properties":{"id":"600","name":"POOL TABLE","field_id":"600","forestname":"Rio Grande National Forest","districtname":"Divide Ranger District","seasonal":"yearlong","passengervehicle":"open","highclearancevehicle":"open","mvum_symbol_name":"Roads open to all Vehicles, Yearlong"}},{"type":"Feature","geometry":{"type":"LineString","coordinates":[[-106.57019066653412,37.731150658953581],[-106.57019505053802,37.731179140957295],[-106.57024289056049,37.731295664970567],[-106.57031343058802,37.73141189598234],[-106.57037129460628,37.731465199986111],[-106.57045165662861,37.731509191987179],[-106.57050875864307,37.731526455985943],[-106.5705654806556,37.731525699982157],[-106.57061085766561,37.731525094979141],[-106.5706670086752,37.731497308971655],[-106.57076758469009,37.731423868954892],[-106.57086376769104,37.731223718920575],[-106.57101954370252,37.730996925878756],[-106.57115167671243,37.730805902843414],[-106.57121878972266,37.730759945832659],[-106.57129743773633,37.730722846822395],[-106.57141030875849,37.730694304811138],[-106.57150106177852,37.730693094805083],[-106.57163776381147,37.730718308799851],[-106.57177446584434,37.730743523794629],[-106.5718780768746,37.730814241797894],[-106.57192440588938,37.730858685801195],[-106.57194785689825,37.730894431804693],[-106.57196110691034,37.730984379816448],[-106.57196377392377,37.731110518834029],[-106.57193259893066,37.731246120855076],[-106.57180046692081,37.731437144890414],[-106.57174660292269,37.731573049912932],[-106.57162886293065,37.731908080967578],[-106.57161885193483,37.73197130197709],[-106.57161961393869,37.732007340982115],[-106.57167900296464,37.732132723995868],[-106.57180779201236,37.732320277013976],[-106.57193696306196,37.732525840034512],[-106.57214610713197,37.732757374053605],[-106.57230950419006,37.732971493073194],[-106.57241541623185,37.733150338091512],[-106.57248767726793,37.733347648114552],[-106.57257069930371,37.733517777133137],[-106.57265144632798,37.733579786136644],[-106.57280026136725,37.733640887135685],[-106.57292505239481,37.733639222127422],[-106.57299254840692,37.733611293119154],[-106.57307081741865,37.733556173106372],[-106.57316986742586,37.733410643079573],[-106.57324565742512,37.733238395050513],[-106.57327402440062,37.732935839006188],[-106.57340523139791,37.732623366953902],[-106.57364575041886,37.732304770893712],[-106.57373813242842,37.732196689872588],[-106.57406653746214,37.731812479797533],[-106.57425614848837,37.731656734763462],[-106.57440912750852,37.73152085973458],[-106.57461312255266,37.731509121719832],[-106.5747955865975,37.731551745714079],[-106.57501754466284,37.731709658722011],[-106.57522402271944,37.731815047723551],[-106.57537245375677,37.731858126720027],[-106.57546301777586,37.731847903712755],[-106.57560992180548,37.731818901699299],[-106.57571106582326,37.731772487686278],[-106.57578952183597,37.731726376674757],[-106.57594508485469,37.731571084642965],[-106.57608835786613,37.731370894605597],[-106.5762851048737,37.731016778543236],[-106.57638643885838,37.730645058484562],[-106.57653151484006,37.730148790405536],[-106.57663219183348,37.729864971359191],[-106.57679244184874,37.729665096320822],[-106.5769680668721,37.729511575287958],[-106.57702172886923,37.729366657264165],[-106.57701905285577,37.729240510246633],[-106.57699330783545,37.729096655228091],[-106.57685049177182,37.7287831301932],[-106.57678995074005,37.728603691171926],[-106.57678727572667,37.728477553154335],[-106.57679575371475,37.728342253134848],[-106.57682653570596,37.728188620111275],[-106.57681347269477,37.728107683100717],[-106.57678926768209,37.728035907092234],[-106.57670623064638,37.727865781073675],[-106.57668067762697,37.727730936056382],[-106.57670011661564,37.727577465033548],[-106.57674262561127,37.727441709011735],[-106.57680782161188,37.727305649988431],[-106.5769180096206,37.727150963959659],[-106.57704566962666,37.726932313920727],[-106.57733542565381,37.726566973850836],[-106.57745791066979,37.726457184827517],[-106.57749060367063,37.726393659816516],[-106.57761314868041,37.726222390784578],[-106.57761443264502,37.725872489735359],[-106.57767210661461,37.725448007672],[-106.57788551863224,37.725155266617229],[-106.57789054160207,37.724848358573766],[-106.57800776061465,37.724716145547696],[-106.5782173306429,37.724536794509007],[-106.57851439768649,37.724316862459041],[-106.57886296474872,37.724167993415769],[-106.57904483779066,37.724183582406255],[-106.57922690283364,37.72420818939802],[-106.57945509489036,37.724268218391792],[-106.57972972296204,37.724373525388955],[-106.57989987099958,37.724371244377728],[-106.58013711004735,37.724323001355692],[-106.5804412701044,37.724219795321709],[-106.58118128722639,37.723804310215783],[-106.5818855423322,37.723308187100884],[-106.58228564738107,37.722915281020008],[-106.582462725399,37.722705616979184],[-106.58260308839604,37.722370271923054],[-106.58268731238343,37.722062717874437],[-106.58274980837061,37.721800516833611],[-106.58283479736185,37.721529001790053],[-106.58295304735677,37.721220981739165],[-106.58310569636107,37.720930532688598],[-106.58319106735425,37.72067703664748],[-106.58322088734066,37.720478362617683],[-106.5831932153107,37.720244410586609],[-106.5831084472663,37.719993200556729],[-106.58302387122288,37.719750990528134],[-106.58284529714315,37.719356840484267],[-106.5828199391247,37.719231006468199],[-106.58281821311608,37.719149917456924],[-106.5828380211067,37.719014465436636],[-106.58288051510232,37.718878707414845],[-106.58296818510695,37.718733330388815],[-106.58304584411583,37.718651175372273],[-106.58314562412687,37.71854168635047],[-106.5832571291423,37.718450063330422],[-106.58340304416713,37.718376004310691],[-106.58356068519639,37.71831981129268],[-106.58368468222008,37.718282095279413],[-106.58437482136411,37.718191708222406],[-106.58498517848865,37.71808437416815],[-106.5851762685226,37.718000693144134],[-106.58541194656262,37.717880361112051],[-106.58575756862122,37.717702137064862],[-106.58612766267193,37.717393071997677],[-106.58619494668311,37.717356115988174],[-106.58627970969172,37.717255697968589],[-106.58635870870729,37.717236609960864],[-106.58647232173327,37.717244092954608],[-106.58662072977063,37.717287157951134],[-106.58676453982071,37.717465620966948],[-106.58693811987547,37.717625507978262],[-106.58710037092777,37.717785556990364],[-106.58725031797279,37.717900699996882],[-106.58734182499661,37.717935516995894],[-106.58754751104935,37.718004846992422],[-106.58795871615379,37.718134502984235],[-106.5883914402575,37.718209784967037],[-106.58888050337184,37.718266288943553],[-106.58919807344189,37.71826200792259],[-106.58949239350403,37.718231001899312],[-106.58980823156546,37.718145630867028],[-106.59018059763845,37.718050491829764],[-106.59046279269428,37.717983596802277],[-106.59068944274337,37.717971525786005],[-106.5908143997718,37.717978851779016],[-106.59136151190532,37.718097649760587],[-106.59226235512695,37.718310804732653],[-106.59279928626373,37.718483798722502],[-106.59338313341823,37.718728265719292],[-106.59374917551364,37.71886751571536],[-106.59400023957636,37.718936228708905],[-106.59429668464907,37.71900431969943],[-106.5946838567418,37.719071181683951],[-106.59495761780951,37.719139576676],[-106.59512949185569,37.719218371676],[-106.59534769091667,37.719341592679264],[-106.5955791769897,37.719554757694382],[-106.59581065306277,37.719767931709413],[-106.59598485012044,37.71995483472449],[-106.59605580514987,37.720089060738786],[-106.59610349517142,37.720196563750804],[-106.59614177620004,37.720394319776091],[-106.59615660021984,37.720556351797939],[-106.59612682623342,37.720755028827718],[-106.59609510426769,37.721160602886712],[-106.59611305629352,37.721375744915754],[-106.59614802731961,37.721555346938736],[-106.59617938834879,37.721773838967394],[-106.59625790639994,37.722105129008881],[-106.59629599642759,37.722293874032928],[-106.59627717844177,37.722474378059502],[-106.59623470844619,37.722610139081254],[-106.59616974544653,37.722755218105796],[-106.59610420244402,37.722873268126591],[-106.59606211845035,37.723027049150893],[-106.59604349346553,37.723216562178706],[-106.59605696347859,37.723315517191729],[-106.59606063749681,37.723486703215528],[-106.59603800654595,37.724018752291691],[-106.59604303457091,37.724253008324268],[-106.5961549856424,37.724711126381372],[-106.59619346367202,37.724917891407955],[-106.59614351669308,37.725234011455512],[-106.59610143169945,37.725387793479804],[-106.59600378969898,37.725596401515389],[-106.59580695869046,37.725941539576496],[-106.59569797168751,37.726150300612758],[-106.59566703569539,37.726294918635091],[-106.59568127871232,37.726429912653131],[-106.59577918076785,37.726762046693437],[-106.59585110980207,37.726941330714006],[-106.595956090839,37.727075095726015],[-106.59604954687245,37.727200003737586],[-106.59623394492688,37.727332693744344],[-106.59650946800322,37.727482172747656],[-106.59673982307059,37.727641284755194],[-106.59688999911654,37.727765424762943],[-106.59697230714846,37.727899495776477],[-106.59700942317133,37.728043191794256],[-106.59700117618421,37.728187501815057],[-106.59697984318593,37.728250877825339],[-106.59693544718071,37.728296541834624],[-106.59684585916645,37.728351830848126],[-106.59675607615129,37.728398108860404],[-106.59664283312718,37.72840865586916],[-106.59641479707136,37.72835766987663],[-106.59630039304156,37.728314157877882],[-106.59602467396424,37.728155667873359],[-106.59562126284499,37.727863710858273],[-106.59526478874341,37.72764322585023],[-106.59490754263797,37.727386690837157],[-106.59478025059795,37.727271251829116],[-106.59470929056859,37.72713702581482],[-106.59468331854725,37.726984165795024],[-106.59470349353974,37.726866730777246],[-106.59480094753921,37.726649104740424],[-106.59499778554772,37.726303968679304],[-106.59507255054221,37.726086658644014],[-106.59512482153266,37.725878664611457],[-106.59512018250962,37.725662429581426],[-106.59508209448195,37.725473683557389],[-106.59496402343385,37.725258982534804],[-106.59459023030001,37.724759335488656],[-106.59441409323274,37.724482332461058],[-106.5942973891914,37.724330690447268],[-106.59423681015966,37.724151261425952],[-106.5942647441407,37.723904173389499],[-106.59411390806646,37.723503691342977],[-106.59397024400673,37.723230222313767],[-106.59381451594633,37.722976334288134],[-106.59369780390499,37.722824700274352],[-106.59347781583884,37.722654282264564],[-106.5932044727696,37.722570000270309],[-106.59298702871246,37.72248281527196],[-106.59279266766224,37.722413342274699],[-106.59263174561664,37.722316380271437],[-106.59252811658646,37.722245671268155],[-106.59243563755777,37.722165809262883],[-106.59233104452278,37.722050060253366],[-106.59222569148395,37.721898272238782],[-106.59198591336961,37.721297668169854],[-106.59190342833675,37.721154583155062],[-106.59178730229826,37.721029977145029],[-106.59166080926212,37.720950573141984],[-106.59144375720693,37.72088140414624],[-106.59109078612261,37.72082307416072],[-106.59088643807665,37.720816820172935],[-106.59077359005451,37.72084538018423],[-106.59070630604333,37.72088233819369],[-106.59066170603712,37.720918990201703],[-106.59060711303522,37.721018863219257],[-106.59056366903478,37.721109574234745],[-106.59057828805361,37.721262588255343],[-106.59060424907493,37.721415450275138],[-106.59063001809528,37.721559301293702],[-106.59070250713236,37.72176561831801],[-106.59081132518847,37.722079585355118],[-106.59090707923347,37.722312616381686],[-106.59122165934765,37.72274831842266],[-106.59156326546251,37.723132106454592],[-106.59167159551556,37.723416647487575],[-106.59175247555665,37.72364407451434],[-106.59192053663776,37.724074401563968],[-106.59199206667002,37.724235659582007],[-106.59207455570292,37.72437875359681],[-106.59219646377016,37.724773653644434],[-106.59218685677632,37.724854895656485],[-106.5921436067769,37.72495461667323],[-106.59207652276666,37.725000585683972],[-106.59198616274857,37.725019830692531],[-106.59190695273199,37.725029912698986],[-106.59184985071759,37.725012659700276],[-106.59176967669623,37.724977692700485],[-106.59167661666471,37.724870799691431],[-106.59164065864758,37.724781152681182],[-106.59159297162606,37.724673646669139],[-106.59155527760031,37.724502919647584],[-106.59151547456398,37.72423308361229],[-106.59145490253228,37.724053652590982],[-106.59136165149978,37.723937750580681],[-106.59116438443519,37.723733118564603],[-106.59083005033574,37.723485282551309],[-106.59040420421246,37.723202622538928],[-106.59012677112649,37.722963029523093],[-106.58996392407128,37.722775965507296],[-106.58985838203147,37.722615156491528],[-106.58976263098656,37.722382124464914],[-106.58968975894751,37.722157795438115],[-106.58964169192403,37.722032269423579],[-106.58957228690231,37.721970118419314],[-106.58949192488001,37.72192614041829],[-106.58944636086902,37.721917742420068],[-106.58935600385095,37.721936985428556],[-106.58929987884132,37.721964779436071],[-106.58924431983459,37.722019594447346],[-106.58921125383186,37.722065102455836],[-106.58918933883071,37.722101456462369],[-106.58919126384031,37.722191555474879],[-106.58923912686281,37.72230807148815],[-106.58930949488931,37.722415272498679],[-106.58948329694509,37.72258416551125],[-106.58993817910506,37.72316384756342],[-106.59009045416157,37.723387104585001],[-106.59041019229635,37.724013670652447],[-106.59053056135593,37.724336494690057],[-106.59060440139973,37.724605871723135],[-106.59072495346027,37.724937713761975],[-106.59088186153984,37.725377205813594],[-106.59099204760267,37.725754249859449],[-106.59108011566342,37.726158620910589],[-106.5911214727074,37.726500534955925],[-106.59110572673698,37.726825196002565],[-106.59108920976271,37.727113826044139],[-106.59110305977771,37.727230800059665],[-106.59116266980462,37.727365182074699],[-106.59131495686115,37.727588437096294],[-106.5914420399002,37.727694870103065],[-106.59156951994116,37.727819332112325],[-106.59168681498539,37.727997997129883],[-106.59184257705924,37.728383428173991],[-106.59191564409916,37.728616764202059],[-106.59202507015817,37.728957767242917],[-106.59213411021531,37.729280742281219],[-106.59226582827741,37.729603410318084],[-106.59241947534066,37.729889741348387],[-106.59259542540704,37.730157737374697],[-106.59314595961111,37.73096142445219],[-106.59346015771803,37.731326695483297],[-106.59377591583264,37.731764034524389],[-106.59378999683761,37.73178184052599],[-106.59384602185725,37.731852680532306],[-106.59407916293904,37.732147476558708],[-106.59426588900502,37.732388286580552],[-106.5944510590633,37.732557017592306],[-106.59504430326395,37.733233943649189],[-106.59558966544208,37.733794352692811],[-106.59572947549036,37.733963695707622],[-106.59578813251248,37.734053025716364],[-106.59583621853595,37.73417854873091],[-106.59587373456077,37.734340272751218],[-106.59591125058554,37.734501988771477],[-106.59598298261885,37.734672253790777],[-106.59604202764289,37.73477960280205],[-106.59623933770752,37.734984215818088],[-106.59649676477473,37.735082911815425],[-106.59669808583403,37.735226383822614],[-106.59677683588922,37.73559642186946],[-106.59681263993262,37.735944545916041],[-106.5968197999522,37.736120947940307],[-106.59691325798566,37.736245855951857],[-106.59706403303453,37.736397023963391],[-106.5972374980884,37.736547883973387],[-106.59734270112632,37.736690656986703],[-106.59738157615783,37.7369154400157],[-106.59737564218224,37.737167877051554],[-106.59737990220341,37.737366093079089],[-106.59740607822573,37.737527961100099],[-106.5974124682574,37.737825284141458],[-106.59738075626149,37.737933863158702],[-106.5973371182601,37.738015566172948],[-106.5972709832547,37.738106587189996],[-106.59708307022088,37.738183824212918],[-106.59700925121285,37.738266035229223],[-106.59700392522059,37.738353542241832],[-106.59692781121944,37.738507784268378],[-106.59690744422598,37.738616209284899],[-106.59686477322941,37.738742961305412],[-106.59677710722477,37.738888348331486],[-106.59674539422879,37.738996926348747],[-106.59673579123491,37.739078168360791],[-106.59673772724457,37.739168266373291],[-106.59676195525725,37.739240046381795],[-106.59695490335402,37.739769164443665],[-106.59758719064045,37.741202598604168],[-106.59767163568299,37.741435776631441],[-106.5976982007072,37.741615664655001],[-106.59773785574264,37.741876486689058],[-106.5978271558092,37.742334908747644],[-106.59789910584347,37.742514190768155],[-106.59794641686479,37.742620815780072],[-106.59795873087035,37.742648567783164],[-106.59808857292292,37.742881129807458],[-106.59810011292637,37.742889985807992],[-106.59834535401352,37.7432111068373],[-106.59848692107049,37.743461542863322],[-106.59864062213377,37.743747854893613],[-106.5986791181634,37.743954617920153],[-106.59868260718072,37.74411679394268],[-106.59865186418959,37.744270421966178],[-106.59858785819476,37.744460549997015],[-106.59840253218974,37.744814557058618],[-106.59797243015367,37.745397184167992],[-106.5978953311477,37.745506379188249],[-106.59787341314652,37.745542725194781],[-106.59787418815041,37.745578765199781],[-106.59788611615579,37.745605640202776],[-106.59790958316465,37.745641371206325],[-106.597944398176,37.745676949209063],[-106.59811672522409,37.745773748211562],[-106.59835906829687,37.745959722222054],[-106.5983821493038,37.745977434223043],[-106.59840542331169,37.746004155225329],[-106.59848871334846,37.746183274245119],[-106.59850354936829,37.7463453052669],[-106.59847435538479,37.746571011300404],[-106.59847629339444,37.746661108312942],[-106.59845553939905,37.746751514326974],[-106.59837843939307,37.746860708347278],[-106.59827884038305,37.746979221370253],[-106.59811175436087,37.747125685401556],[-106.59804580635647,37.747225716419827],[-106.5972045762711,37.748219473613354],[-106.59571384312387,37.750019619961797],[-106.59549247211503,37.750414657031506],[-106.59535482713156,37.750876144105099],[-106.59521065916962,37.751563038210769],[-106.595191242181,37.751716511233489],[-106.59525214021262,37.751894370254547],[-106.59531779124332,37.752052371272484],[-106.59545563429499,37.752258828292561],[-106.59564177535445,37.752436383305565],[-106.59582700540938,37.752571579312587],[-106.5961210604909,37.752731333316063],[-106.59711543174429,37.75305132729698],[-106.59735586080747,37.753147205294979],[-106.59756262286501,37.753261563297734],[-106.59776939792258,37.753375920300464],[-106.5979080769651,37.753491201307746],[-106.59805869601303,37.753633356317984],[-106.59821124307064,37.753865610340732],[-106.59866162626102,37.754751727436044],[-106.59873416129818,37.754958027460319],[-106.5987726653278,37.755164790486845],[-106.59884791637845,37.755497227528679],[-106.5989216174214,37.755757586560456],[-106.5990186064722,37.75604466759448],[-106.59912538251783,37.756259506617724],[-106.59928162459369,37.756662943664246],[-106.59949693769364,37.75717372672208],[-106.59959275573867,37.75740674774859],[-106.59968800478087,37.757612739771375],[-106.60021960299748,37.758578858872667],[-106.60056150813361,37.759169031933411],[-106.60090165926107,37.759678116982968],[-106.60105346331484,37.759874326000677],[-106.60130244442034,37.760366624053674],[-106.60149043349215,37.760661477082948],[-106.60173612758132,37.76100060811472],[-106.60201217667772,37.761344350145166],[-106.60215716672546,37.761497056157239],[-106.6024093088012,37.761690488168135],[-106.60256012584962,37.761836567178904],[-106.60268690688677,37.761924966183138],[-106.60284889093722,37.762066960192598],[-106.60301088598767,37.762208954202151],[-106.60327559406358,37.762376597208622],[-106.60366669817464,37.762614608216786],[-106.60425892633123,37.76286054421314],[-106.60468784544449,37.763037502210352],[-106.6050444185346,37.763145138202496],[-106.60536436361092,37.763197024189225],[-106.60564798267491,37.763207221172401],[-106.60607386677313,37.763243601150059],[-106.60662339789725,37.763264232117571],[-106.60717808202455,37.763305795087724],[-106.6078721151859,37.763377437053059],[-106.6084982503332,37.763459023024218],[-106.60881757341103,37.763526762013129],[-106.60898995545912,37.763623544015616],[-106.6091167474963,37.76371193601986],[-106.60933705456699,37.763925224035567],[-106.60954855264769,37.76425579206829],[-106.60967043171414,37.764641659114574],[-106.60970818973999,37.764812378136064],[-106.60975572476057,37.764910865146817],[-106.60986079779759,37.765044614158789],[-106.61010308988217,37.765346294185498],[-106.61018833192546,37.765585228213546],[-106.61027901497474,37.765869990247609],[-106.6104281810819,37.766595311339692],[-106.61040883610482,37.766861533378268],[-106.61043008314127,37.767172160420408],[-106.61047107817267,37.767390393448359],[-106.6104978292021,37.767620329478923],[-106.6105405732421,37.767919144518061],[-106.61059657327914,37.76816020754822],[-106.61058019730086,37.768408010584004],[-106.61061907032179,37.768528388598398],[-106.61073177335059,37.768565546596335],[-106.61087397538324,37.768576724588762],[-106.61101012640569,37.768500015569209],[-106.61103812639229,37.768308164540549],[-106.6112856714323,37.768162294504137],[-106.61146543846489,37.768090746482542],[-106.61179348552426,37.767959455443012],[-106.61205426656768,37.767817836406394],[-106.61224092060002,37.767728916381905],[-106.61243756663561,37.767650008358153],[-106.61260624566545,37.767575600336869],[-106.61274165869158,37.767537697322886],[-106.61299114274573,37.767525269305011],[-106.61318467379114,37.767549657296016],[-106.61346996886139,37.76761784928717],[-106.61362377090205,37.767681199286145],[-106.61379029193758,37.767667401273499],[-106.61408506999082,37.767548212237834],[-106.61433659503565,37.767441123206588],[-106.61466150710082,37.767373341176182],[-106.61501105518499,37.767437639162679],[-106.6153618572753,37.767559498157226],[-106.61569895836637,37.767718973157841],[-106.61596375744244,37.76788807216451],[-106.61622892352028,37.768074433173531],[-106.61644421159136,37.768301790191543],[-106.61661524564907,37.768495200207674],[-106.61679303170591,37.768665491220048],[-106.6169494377598,37.768853352236349],[-106.61709909281458,37.769064332256235],[-106.61724062986343,37.769235120271105],[-106.61739741391921,37.769440243289758],[-106.61755584698703,37.769760194324398],[-106.61757632500418,37.769883493340352],[-106.61759274202819,37.770082998367265],[-106.61758640006504,37.770457332420101],[-106.6176468381578,37.771233790525052],[-106.61768165322951,37.77185933461049],[-106.61778266830844,37.772412293681477],[-106.61781898735634,37.77280215273376],[-106.61785887238563,37.773002147759236],[-106.6180969124856,37.773463455808553],[-106.61816836053193,37.773761268845675],[-106.61839098061263,37.774067640874279],[-106.61852384665545,37.774197891883951],[-106.61864313669703,37.774345956897037],[-106.61870868074679,37.774690516941128],[-106.61883646879616,37.774896035961667],[-106.61900381385763,37.77513378898422],[-106.61929979896088,37.775501453016695],[-106.61975368811898,37.776062567066063],[-106.61984407415099,37.776179341076599],[-106.62001741421237,37.776403275096825],[-106.62029929231618,37.776806684135209],[-106.6204659903789,37.777058557159727],[-106.62070985746384,37.777359963186257],[-106.62104611157115,37.777679781209372],[-106.62132343164564,37.777806283209237],[-106.62173538175803,37.778011533211483],[-106.62202182183553,37.778148205212169],[-106.62234368592088,37.77828438621053],[-106.6226131840035,37.778507223224359],[-106.62272390804564,37.778679023241331],[-106.62324531920822,37.779137600272009],[-106.62339606025199,37.779238268276359],[-106.62376544634279,37.779324630264647],[-106.62397241439959,37.779431233266237],[-106.62415378145585,37.779587622276495],[-106.62444349254882,37.779868048297097],[-106.62476567264008,37.780061885303532],[-106.62514739874142,37.780224583301724],[-106.62538179681124,37.780398180310883],[-106.62569970491678,37.780740470338408],[-106.62584230496681,37.780920181354375],[-106.62589946299711,37.781092405374821],[-106.62589841801275,37.781247776396654],[-106.62587560102577,37.781424634422869],[-106.6259683770849,37.781801156469641],[-106.62596168711447,37.782104902512671],[-106.62594807313098,37.782295756540272],[-106.62594210614562,37.782451935562527],[-106.62600182617265,37.782586295577481],[-106.62607209819825,37.782684461586705],[-106.62622322624819,37.782844596599382],[-106.62645400431659,37.783012644608085],[-106.62678793941234,37.783224338616186],[-106.62725967954583,37.783506217625259],[-106.62782463470018,37.783789347628527],[-106.62802241677355,37.784077846656217],[-106.62812505882857,37.784392994693711],[-106.6282183919111,37.784997283772363],[-106.62846822401697,37.785489871825241],[-106.62848106005323,37.785816342870127],[-106.62857044509572,37.786037550895387],[-106.6286857441403,37.786223091913953],[-106.6290151972559,37.786638708950917],[-106.62934804137161,37.78704783998672],[-106.62943319240985,37.7872367030077],[-106.62940423242289,37.787426931036215],[-106.62935244546327,37.787933472110481],[-106.62918556851234,37.788774863239084],[-106.62922533156663,37.789218755298698],[-106.62935816063661,37.789614576345564],[-106.62970983174277,37.78988954336139],[-106.63001056283991,37.790186321383565],[-106.63015045091178,37.790585271430444],[-106.63045681002576,37.79103507047364],[-106.63074475312877,37.791417234508636],[-106.63106710822831,37.791690446526069],[-106.6313138252966,37.791823003528762],[-106.63132009330637,37.791904863539777],[-106.63128083132287,37.792150796576784],[-106.63132146235532,37.792379738606193],[-106.63142780239755,37.792561870624866],[-106.63147148442418,37.792727214645183],[-106.63153497546456,37.792984088677066],[-106.63155210250665,37.793358120728357],[-106.6315759045343,37.793576743757406],[-106.63161619658092,37.793944238806283],[-106.63165728060766,37.794116407827758],[-106.63178039068556,37.794610432888952],[-106.63184107272036,37.794818515914201],[-106.63190623175515,37.795017387937833],[-106.63196911978969,37.795218301961924],[-106.63205543183986,37.79552114499873],[-106.63213447288202,37.795761625027311],[-106.63227219193227,37.795953912045356],[-106.63251323101002,37.796190670062991],[-106.63298971913821,37.796410039062948],[-106.63354526927533,37.796545486046085],[-106.63376078534502,37.796759324062144],[-106.6338751443908,37.796958378082579],[-106.63383512140109,37.797145569111386],[-106.63381214340015,37.797186059118538],[-106.6337431413973,37.797307651140045],[-106.63368112039707,37.797439766162526],[-106.63350545038143,37.797667510205713],[-106.63329963636104,37.797914381253548],[-106.63310189133728,37.798110481293811],[-106.63302248133928,37.798302120325722],[-106.6331406213786,37.798430286336078],[-106.63326213241683,37.798539912343571],[-106.63342367345228,37.798536654332707],[-106.63356836048082,37.798501319318433],[-106.6339683725456,37.79826733425984],[-106.63444090162844,37.798052941199366],[-106.63469929468724,37.798067009184663],[-106.63500290674652,37.797988477154099],[-106.63526735180466,37.797983541136325],[-106.63555406887292,37.798028888124207],[-106.63580984194282,37.798156804125611],[-106.63602876100759,37.798315286133693],[-106.63619614105606,37.798426075138373],[-106.63647580312765,37.79851900413334],[-106.63684238120941,37.798522951110229],[-106.63711389127464,37.798571749099565],[-106.63718682530231,37.798683886110588],[-106.63724855933346,37.798854288130457],[-106.63720991035278,37.799126952171065],[-106.63718597738182,37.799461918219528],[-106.63719948442744,37.799877988276933],[-106.63719387045694,37.8001781823193]]},"properties":{"id":"630","name":"AGUA RAMON","field_id":"630","forestname":"Rio Grande National Forest","districtname":"Divide Ranger District","seasonal":"seasonal","passengervehicle":"open","highclearancevehicle":"open","mvum_symbol_name":"Roads open to all Vehicles, Seasonal"}},{"type":"Feature","geometry":{"type":"LineString","coordinates":[[-106.66294070589095,37.836455003730663],[-106.66296615890256,37.836513223737185],[-106.66299277791489,37.836575932744239],[-106.66302102192692,37.836631860750238],[-106.66304094693642,37.836681145755833],[-106.66305509494254,37.836710235758979],[-106.66308257695415,37.836763920764717],[-106.6630990549633,37.836817761771115],[-106.66312962997679,37.836882667778248],[-106.66315832798935,37.836943094784843],[-106.66318844700221,37.837003501791322],[-106.66321755201514,37.837066175798242],[-106.66324797602783,37.837124324804378],[-106.66327662404019,37.837182499810659],[-106.66330410705181,37.837236184816383],[-106.66333184406304,37.837285359821429],[-106.66336850607641,37.837336661826257],[-106.66337791407986,37.837349506827465]]},"properties":{"id":"630","name":"AGUA RAMON","field_id":"630","forestname":"Rio Grande National Forest","districtname":"Divide Ranger District","seasonal":"yearlong","passengervehicle":"open","highclearancevehicle":"open","mvum_symbol_name":"Roads open to highway legal vehicles only, Yearlong"}},{"type":"Feature","geometry":{"type":"LineString","coordinates":[[-106.54164734264612,37.745403127789686],[-106.5417459316693,37.74541561778512],[-106.54186122569642,37.745430225779792]]},"properties":{"id":"640","name":"EMBARGO CR","field_id":"640","forestname":"Rio Grande National Forest","districtname":"Divide Ranger District","seasonal":"yearlong","passengervehicle":"open","highclearancevehicle":"open","mvum_symbol_name":"Roads open to highway legal vehicles only, Yearlong"}},{"type":"Feature","geometry":{"type":"LineString","coordinates":[[-106.60065676793282,37.815639851841546],[-106.60083415598231,37.815738555843971],[-106.60116918107416,37.815909141846191],[-106.6015368571927,37.816269050872869],[-106.60172402327532,37.816669626916877],[-106.60181688331637,37.816868363938738],[-106.6024626676146,37.81837858310854],[-106.6025495416643,37.81867532014445],[-106.6026744077227,37.818974181178277],[-106.60300496484764,37.819476866227298],[-106.60334593996816,37.819913674266459],[-106.60357075504973,37.820222501295198],[-106.60376695610786,37.820364026302364],[-106.60407059419563,37.820562495310547],[-106.60437927528233,37.820739780315449],[-106.60473388538168,37.820940987320711],[-106.60495465544311,37.821062159323404],[-106.60523015652021,37.821217002327316],[-106.60546341558486,37.821342933329895]]},"properties":{"id":"640","name":"EMBARGO CR","field_id":"640","forestname":"Rio Grande National Forest","districtname":"Divide Ranger District","seasonal":"seasonal","passengervehicle":"open","highclearancevehicle":"open","mvum_symbol_name":"Roads open to all Vehicles, Seasonal"}},{"type":"Feature","geometry":{"type":"LineString","coordinates":[[-106.63353021318756,37.678022384426534],[-106.63384036134433,37.678889748528448],[-106.63409750246845,37.679550622604808],[-106.63444758856835,37.679770253613192],[-106.63492356176116,37.680629973703397],[-106.63540430990881,37.68103422372937],[-106.63585038102495,37.681203979724607],[-106.63598200911147,37.681768590795464],[-106.63594645916528,37.682376367883073],[-106.63609750224676,37.682849349939822],[-106.63634520935014,37.683326473990917],[-106.63646928442232,37.683766400044753],[-106.63716941062606,37.684243953066904],[-106.63754352674979,37.684645748099356],[-106.63751881679261,37.685121169167658],[-106.63783233893597,37.685848270249636],[-106.63815875206915,37.686447298312814],[-106.63854676022059,37.687091033378316],[-106.63905675441528,37.687894370458423],[-106.63909804851929,37.688828452586876],[-106.63986675779998,37.689913771689952],[-106.64052511302546,37.690696463757554],[-106.64064351011115,37.691281675832151],[-106.64106591626728,37.691896070891303],[-106.64144281740653,37.692444268944065],[-106.64140735645526,37.693001089024492],[-106.64123121151894,37.69401217317774],[-106.64129216461353,37.694809856285765],[-106.64161403276441,37.695592053374909],[-106.64213169097862,37.696570635479034],[-106.64275466923235,37.697707727598669],[-106.64299923938259,37.698652580715539],[-106.6432124235136,37.69947615781745],[-106.64368794268795,37.700153935882071],[-106.64493306507065,37.701202558949319],[-106.64587087435886,37.70199233799994],[-106.64619514246144,37.702294232021444],[-106.64642811154121,37.70257037204528],[-106.64647664756659,37.702713893062281],[-106.64648342559924,37.703020220104797],[-106.6464613897016,37.704074980254212],[-106.64643673973924,37.704498916315281],[-106.64632455977232,37.70506826540241],[-106.64619944379514,37.7055656944802],[-106.64607073880076,37.705900950535522],[-106.64600887781553,37.706181199578829],[-106.64603753684931,37.706451171614887],[-106.6461141369056,37.706837635664158],[-106.64610678292233,37.707017985689937],[-106.64597847392983,37.707371261747731],[-106.64560645591023,37.707989298858323],[-106.64505458985836,37.708681944990943],[-106.64485783184892,37.709018149050749],[-106.64466047383664,37.709327325106848],[-106.6444704728076,37.709456149137097],[-106.64412191274454,37.709596198179121],[-106.64384198069945,37.709762316220385],[-106.64377552969212,37.709835342234911],[-106.64358910768038,37.710126338287736],[-106.64335872666538,37.710481034352298],[-106.64324969766157,37.710680827387307],[-106.64324202066781,37.710759460398812],[-106.64323119467672,37.710870345415088],[-106.64329445572096,37.711166882452638],[-106.64352983081223,37.71155113349144],[-106.64395759594406,37.711914685514969],[-106.64433661504955,37.712125696520211],[-106.64460144112628,37.712302250527983],[-106.6449261502308,37.712622174552003],[-106.64511458030441,37.71293497858376],[-106.64543751945263,37.713687521668611],[-106.64566256954626,37.714116974714372],[-106.64575768458737,37.714313919735908],[-106.6457503306041,37.714494269761694],[-106.64559296662819,37.715073259853014],[-106.6454640526851,37.715913221979115],[-106.64528581276508,37.717087321155219],[-106.64524385182378,37.717754823251596],[-106.64521143787626,37.718341081335922],[-106.64526102190275,37.718493383354044]]},"properties":{"id":"610","name":"ALDER","field_id":"610","forestname":"Rio Grande National Forest","districtname":"Divide Ranger District","seasonal":"seasonal","passengervehicle":"open","highclearancevehicle":"open","mvum_symbol_name":"Roads open to all Vehicles, Seasonal"}},{"type":"Feature","geometry":{"type":"LineString","coordinates":[[-106.69355220563131,37.806784691605991],[-106.69340195660229,37.806826378621459],[-106.69315329755075,37.8068608776424],[-106.692983552521,37.806937535664026],[-106.69284808451275,37.80714976470243],[-106.69259174349499,37.807530720772249],[-106.69228610245497,37.80780105882976],[-106.69196444440628,37.808021533881373],[-106.69175006037945,37.808223139923406],[-106.69164674638272,37.80847820096573],[-106.691409710363,37.80879811402577],[-106.69150691642565,37.809198493075428],[-106.69164854349985,37.809615701124585],[-106.69193986358727,37.809838607136903],[-106.69226635367717,37.810009308139676],[-106.69245200973249,37.810147772147062],[-106.69254452076699,37.810284097160121],[-106.69286264288183,37.810716237200019],[-106.69313953900017,37.811271246259679],[-106.69330438808484,37.81174052431458],[-106.69360250420428,37.812260290367995],[-106.69365809826849,37.812766076435111],[-106.69375931434996,37.813341079508923],[-106.69375258837944,37.813643143551552],[-106.69368668638401,37.813829634581893],[-106.69364060941191,37.814201383636821],[-106.69348027641936,37.81462028870574],[-106.69329094341715,37.815007315772029],[-106.69310240741868,37.815429269843165],[-106.6930011224358,37.815815031903625],[-106.69288632446361,37.816333605983516],[-106.69287426747684,37.816488399005912],[-106.69275731347359,37.816709427044351],[-106.69250099043339,37.816871035083473],[-106.69240235442372,37.816989963106465],[-106.69231775341015,37.817040657119009],[-106.6920868793798,37.817243115162263],[-106.69186874334075,37.817333591188969],[-106.69151733326694,37.817373576217257],[-106.6912799722362,37.817586607262342],[-106.69084409415993,37.817785019318272],[-106.69058272611494,37.817911050352734],[-106.69014660301721,37.817900598379481],[-106.68974671991836,37.81780119539139],[-106.68926555580899,37.81777472641879],[-106.68880775270149,37.817716125440214],[-106.68794941650546,37.817659749487746],[-106.68716953332796,37.817614707531824],[-106.68659267220426,37.817655370574769],[-106.68609631809676,37.817680322610364],[-106.68577022204347,37.817865018657209],[-106.68539051596561,37.817926410690347],[-106.68499991986141,37.817754720691582],[-106.6846545067903,37.817808418721391],[-106.6842058246972,37.817870117758993],[-106.68398852464611,37.817841871769097],[-106.68380046060282,37.817826337779074],[-106.6835890465609,37.817874106799394],[-106.68337872152672,37.817995353829929],[-106.68320719350903,37.818193721868759],[-106.68304549949457,37.818401871908293],[-106.68284564347368,37.818630041953043],[-106.68256512944116,37.818919494011638],[-106.68234321741438,37.819137578056491],[-106.68209363538752,37.819414662111349],[-106.68190302735687,37.819527795139422],[-106.68169985232636,37.819669061172313],[-106.68152668629003,37.819689450186338],[-106.68125614022337,37.819624424194764],[-106.68096472914769,37.819516526198498],[-106.68068810907361,37.819392537199015],[-106.68044087100748,37.819282170199564],[-106.68025757195852,37.81920133220013],[-106.67991046185948,37.818986206192484],[-106.67979026781855,37.818846651180721],[-106.67965918977944,37.818748620175477],[-106.67951642174283,37.818700334177983],[-106.67935286170091,37.818645439180877],[-106.67911685964157,37.818577269186562],[-106.67894347459385,37.818486747185126],[-106.67868741553035,37.818420918192466],[-106.67842064947368,37.818445241213091],[-106.67806052340161,37.818520792246915],[-106.67765038233181,37.818726933302258],[-106.67738366328999,37.818895262342984],[-106.67713761025328,37.819069376383212],[-106.67695703822537,37.819187093411372],[-106.67680798620225,37.819284262434529],[-106.67662656016242,37.819287896446816],[-106.67639128010889,37.819274220460073],[-106.67611327805425,37.819342558487598],[-106.67595343803001,37.819452135513217],[-106.67581098000674,37.819532850533726],[-106.67527829788571,37.819504662564221],[-106.67494668982154,37.819595221598284],[-106.67466063976954,37.81970659163229],[-106.67458038176557,37.819841363656352],[-106.67454991177449,37.819994304679689],[-106.67455806079337,37.820160740702406],[-106.67405541871261,37.820459156776607],[-106.67372330966286,37.82069172083056],[-106.67355299063341,37.820772931852929],[-106.67333441459564,37.8208771508816],[-106.67324814059425,37.821050060911354],[-106.67317820560083,37.821265235945937],[-106.67305643561308,37.821647579007262],[-106.67290261561959,37.8220430750725],[-106.67277090661472,37.822280082114148],[-106.67269507861906,37.822486018147806],[-106.6726839086392,37.822706272179317],[-106.67249652261749,37.822899313218414],[-106.67237078760286,37.823028842244618],[-106.6722096175844,37.82319659527851],[-106.67203529955525,37.823289255302747],[-106.67183129452162,37.823402212331708],[-106.67143542843807,37.823443599363074],[-106.67118171037629,37.82338997237197],[-106.67101507931979,37.823199193356047],[-106.67087632426895,37.823003842337684],[-106.67064766020759,37.822900373338044],[-106.6703651611318,37.822772053338312],[-106.67009438207067,37.82276158735435],[-106.66986556602134,37.82277539137106],[-106.66976634999412,37.822724788370415],[-106.66966167795586,37.822577838356658],[-106.66957927591736,37.822381093334435],[-106.66949451488149,37.822214685316666],[-106.66920661378627,37.821908800292519],[-106.66906196273968,37.82176758728211],[-106.66885203968168,37.821656107280091],[-106.66847000858688,37.821558183291096],[-106.66807917948313,37.821391415292993],[-106.66783285141383,37.821248492288937],[-106.66768374837331,37.821175867288439],[-106.66750460732463,37.821088611287777],[-106.66734846227403,37.820933044276124],[-106.66720019322597,37.82078532226506],[-106.66707324216704,37.820485116231275],[-106.66665753901614,37.81991312817815],[-106.66650107995751,37.819680438155757],[-106.66637808691341,37.819516488140799],[-106.6661325958498,37.819426966144128],[-106.66597693180452,37.81932186713945],[-106.66588308676691,37.819158665122728],[-106.66569796870411,37.818946679105046],[-106.66544958762664,37.818728435090591],[-106.66512882853065,37.818486165077417],[-106.66490550545099,37.818192465050799],[-106.66473826139136,37.81797307203091],[-106.66422006520513,37.817278400967233]]},"properties":{"id":"613","name":"WEST MIDDLE PARK","field_id":"613","forestname":"Rio Grande National Forest","districtname":"Divide Ranger District","seasonal":"seasonal","passengervehicle":"open","highclearancevehicle":"open","mvum_symbol_name":"Special Designation, Seasonal"}},{"type":"Feature","geometry":{"type":"LineString","coordinates":[[-106.62124369726665,37.685940836326516],[-106.62115478226977,37.686165717363828],[-106.62095304525643,37.68647498542024],[-106.62094623027174,37.686640752443942],[-106.62098037629275,37.68677282146033],[-106.62105728532823,37.686954004480832],[-106.62114551737039,37.687176448506399],[-106.62106395636081,37.687260407523439],[-106.62075206329544,37.687297829548662],[-106.62039758521645,37.687294418570964],[-106.62009809416304,37.687422788608167],[-106.61989346613566,37.687599556646134],[-106.61963997711254,37.687926100708282],[-106.6194466690918,37.688144131751272],[-106.6192941420759,37.688320182785759],[-106.61928732309121,37.688485949809497],[-106.6193212871113,37.688609737824727],[-106.61943645513921,37.688633006820631],[-106.61965402818126,37.688572031798103],[-106.61985040021696,37.688494780774604],[-106.62012079727405,37.688466215753273],[-106.6205363613598,37.688402518717709],[-106.62082741942054,37.688365382693839],[-106.62101805647686,37.688503583700985],[-106.62110520851373,37.688676341719663],[-106.62096743052126,37.689050999781138],[-106.62082878852451,37.689385908837075],[-106.62062523850238,37.689612364881931],[-106.62047307148818,37.68980497991874],[-106.62053004252344,37.690027854946365],[-106.62065960057305,37.690233164966898],[-106.62080011962755,37.69046317599016],[-106.62084847366934,37.69076900603001],[-106.62088712871238,37.691108103075159],[-106.62095686776138,37.6914384901171],[-106.62094287779033,37.691753460162211],[-106.62106183683669,37.691950631182316],[-106.62132006093147,37.692319844217593],[-106.62177218309846,37.692976316280792],[-106.62226706427982,37.693681072348006],[-106.62253319436458,37.693934201366474],[-106.62286203546397,37.694194752381968],[-106.62308395452722,37.6943325183871],[-106.62330840460278,37.694586220408333],[-106.62345863965608,37.694782959426306],[-106.62359953871236,37.695029527451851],[-106.62359254872683,37.695187012474463],[-106.62339652469289,37.695280832500181],[-106.62309628463598,37.69537608553285],[-106.62292038160309,37.695436492552609],[-106.62260556252451,37.695350129560701],[-106.62226885444042,37.695257760569319],[-106.62189436935506,37.695235238590179],[-106.6213497412224,37.695118475608723],[-106.62102721215382,37.6951477616335],[-106.62082830110579,37.69510907864084],[-106.62054601603938,37.695071540653693],[-106.62034890700016,37.695115668672571],[-106.62023625298457,37.695208336692787],[-106.62020733098912,37.695316420709787],[-106.62012575997954,37.695400378726823],[-106.61996907494336,37.695385964734882],[-106.61982299191031,37.695379688743344],[-106.61969757188096,37.695364843749303],[-106.61952184584901,37.69543352777022],[-106.6194925628518,37.695525049784983],[-106.61957935888695,37.695681245801339],[-106.61974398494176,37.695861898816119],[-106.61994162600378,37.696040748828558],[-106.62003004604684,37.696271474855322],[-106.62014057210067,37.696559882888678],[-106.62015550012499,37.696766768916781],[-106.62011849913873,37.696982650949501],[-106.61999076614676,37.697340603007945],[-106.61986321115575,37.697706835067542],[-106.61969216414663,37.697990829118417],[-106.6194979301215,37.69816745415568],[-106.61926020507838,37.698261839184198],[-106.61905749404795,37.698405335217323],[-106.61882016201925,37.698640646265645],[-106.61862808500469,37.698916643316679],[-106.61857275602621,37.699248748366905],[-106.61856109606653,37.699671372427012],[-106.6186726851256,37.7000086414672],[-106.61882364018244,37.700238509489751],[-106.61909930426511,37.700450097501793],[-106.61923731730734,37.700564173508937],[-106.61942386839219,37.700992358557123],[-106.61963970547434,37.701329022590507],[-106.61976964152566,37.70155089561333],[-106.61966721951151,37.701635138631715],[-106.61962985452352,37.701834459662145],[-106.61954722555751,37.70234917973972],[-106.61945345158568,37.702830916813362],[-106.61951511564389,37.703269101870937],[-106.61957479969244,37.703616193915856],[-106.61949700370143,37.703874054957012],[-106.6194986567582,37.704429035034828],[-106.61954611579564,37.704693459068928],[-106.61971738885443,37.704898196086667],[-106.61968036586808,37.705113251119251],[-106.61965306188058,37.705295865146617],[-106.61962756090193,37.705561291185525],[-106.619706650948,37.705841848219841],[-106.61984595799339,37.705984046230853],[-106.6199274960214,37.706082062239432],[-106.62007921206634,37.706192924245222],[-106.62025911111863,37.706314706250794],[-106.62059553820629,37.706442619247127],[-106.62103710132131,37.706610503242352],[-106.6213844944139,37.706763114241447],[-106.62153366746189,37.706910167252559],[-106.62162370451563,37.70724200429332],[-106.62166928554282,37.707409996313984],[-106.62162341656007,37.707679309354717],[-106.62165166260083,37.708018548400567],[-106.62150198959903,37.708327101453449],[-106.62136670761888,37.708817695531053],[-106.62127275864624,37.709291153603544],[-106.62112596865853,37.709732203674882],[-106.62110480270103,37.710196377741404],[-106.62110177673496,37.710536046789237],[-106.62110127878118,37.710991651853234],[-106.62110775681285,37.71128894389458],[-106.62106303483758,37.711629187945178],[-106.62111014387322,37.711877047976941],[-106.62120738891068,37.712033098992649],[-106.6213417999538,37.712164079002399],[-106.62143547398821,37.712297977015176],[-106.62179529910603,37.712671548044455],[-106.6220303621964,37.713046845082047],[-106.62227579828443,37.71337692711262],[-106.6225307983663,37.713625774131195],[-106.62277309343899,37.713811699141708],[-106.62301059150202,37.713913514140735],[-106.6232636645713,37.71404256714262],[-106.62350486763118,37.714105513135976],[-106.62382874170594,37.714134186119182],[-106.62430199182961,37.714318189114621],[-106.62468033992735,37.714453795109321],[-106.62491311199467,37.714607975116046],[-106.62509376205053,37.71476287312619],[-106.62517179809132,37.714993738153574],[-106.62511232709255,37.715135379177234],[-106.62510516010612,37.715284582198663],[-106.62502411709924,37.715393387219109],[-106.62493192508649,37.715469210235703],[-106.62474537105047,37.71552148325501],[-106.62459979102003,37.715540057266935],[-106.62440299098257,37.715600754288133],[-106.62420583094331,37.715644890306983],[-106.62406097391643,37.715696587323549],[-106.62395799489967,37.715755991338504],[-106.62388755489594,37.715872932359417],[-106.62385001490708,37.716063972388653],[-106.62377204291514,37.716313554428666],[-106.62364212691264,37.716572135473328],[-106.6235270819342,37.717034289545573],[-106.62343259595887,37.717482904614585],[-106.62339704197974,37.717765036656452],[-106.62346537502179,37.718029170689164],[-106.62360641407118,37.718207322705084],[-106.62366587809714,37.718332677718855],[-106.6238401281548,37.71851953773389],[-106.62419822526401,37.718812022751926],[-106.62439496532576,37.718989559764211],[-106.62445031435242,37.719131121780528],[-106.62442067336049,37.719275114802642],[-106.62427707433984,37.719384780827269],[-106.62410292431576,37.719528001858514],[-106.62387755228467,37.719713346899042],[-106.62343632622027,37.720042484973561],[-106.62328320320168,37.720193698004586],[-106.62313080218667,37.720378036040266],[-106.62310386420094,37.720577214069941],[-106.62306560821261,37.720775010100148],[-106.62310265724372,37.72099969412929],[-106.62318985528067,37.721172448147932],[-106.62330917535472,37.721640217205916],[-106.62357608048444,37.722332225285875],[-106.62378276257517,37.722772876334425],[-106.62374202158034,37.722912573356659],[-106.62361239455974,37.722992624376218],[-106.62335991050051,37.72296131738802],[-106.62321782047007,37.722971970398653],[-106.62319820847642,37.723076593414611],[-106.62331258852463,37.723301115438765],[-106.62370286364433,37.723626188459313],[-106.62390594371743,37.723901663484867],[-106.62409864879086,37.724203370514836],[-106.62428945685507,37.724418141532702],[-106.6244478119139,37.724650751555188],[-106.62446655993486,37.724815707577108],[-106.62444788196528,37.725155121625917],[-106.6242884559523,37.725374719666988],[-106.62418489395694,37.725645723711679],[-106.62413567597176,37.725898586750333],[-106.62410777798866,37.726125068783851],[-106.62402553399532,37.726369690823496],[-106.62399573600291,37.726509237844986],[-106.62396764901889,37.726727025877331],[-106.62387350901848,37.72692833191163],[-106.62372426300421,37.727113004947114],[-106.62361917900144,37.727314461982125],[-106.62338274896966,37.727517727025891],[-106.62306818291363,37.727652500064963],[-106.62275380585851,37.727795966105354],[-106.62240697179799,37.727957269150245],[-106.62218167176961,37.728169075194415],[-106.62206639476808,37.728405455235041],[-106.62194299775939,37.728588485268602],[-106.62189739776647,37.728757369295245],[-106.62186058377219,37.728893707316736],[-106.62181773777885,37.729052384341763],[-106.62171305877082,37.729201504369406],[-106.62158412376091,37.72938517840349],[-106.62154451277169,37.729577036432957],[-106.62152908678959,37.729786454463316],[-106.62144949079254,37.729988871496801]]},"properties":{"id":"614","name":"BEAR","field_id":"614","forestname":"Rio Grande National Forest","districtname":"Divide Ranger District","seasonal":"seasonal","passengervehicle":"open","highclearancevehicle":"open","mvum_symbol_name":"Roads open to all Vehicles, Seasonal"}},{"type":"Feature","geometry":{"type":"LineString","coordinates":[[-106.70165302167638,37.61280748390422],[-106.70183090272353,37.612884219903655],[-106.701953966749,37.612866936893326],[-106.70223069179843,37.612749225859119],[-106.70263756387743,37.612639972817739],[-106.70314860198044,37.612539553770993],[-106.7035413010511,37.612378811723239],[-106.70395951012536,37.612197024671005],[-106.70429729217088,37.611907846608773],[-106.70461097621948,37.611701722559786],[-106.70500933728776,37.61150471050663],[-106.70556370839088,37.611310611443912],[-106.70606221449319,37.611231036400824],[-106.70624468053593,37.611254243392445],[-106.70638403957965,37.61138145440141],[-106.70648702362681,37.6116229104287],[-106.70657535366304,37.611787772446235],[-106.70672700870674,37.611888229450621],[-106.70683093772963,37.611886726443807],[-106.70700301075283,37.611739502412135],[-106.70721169477362,37.611488368363446],[-106.70764774984512,37.611240555300782],[-106.70794308889425,37.611079764259308],[-106.70833234897776,37.611053453230731],[-106.70851434101827,37.611055986219434],[-106.70903043611609,37.610893440163586],[-106.70951583724373,37.611093170160615],[-106.70970574529225,37.611157615157552],[-106.70973350330624,37.611234748166602],[-106.70956532827239,37.611268200182018],[-106.70946163625059,37.611280041190319],[-106.70902064815679,37.611317444223793],[-106.70839341603141,37.611450585282611],[-106.7078783809385,37.611659636344903],[-106.70765978092911,37.612045310413045],[-106.70762565294302,37.61225773544507],[-106.70757180598028,37.61274440651686],[-106.70736382896274,37.613026545569824],[-106.70715530295104,37.613367400631041],[-106.70706943695311,37.61357593066581],[-106.70699716096814,37.613883399713629],[-106.70690614799643,37.614362376786723],[-106.70688871102649,37.614697855834955],[-106.706822691036,37.614936587872663],[-106.70679706306065,37.615236763916464],[-106.70661612302501,37.615280733934249],[-106.70643767497539,37.615180275931522],[-106.70621877691084,37.615021208923224],[-106.70610448286189,37.61478673589756],[-106.70594614579717,37.614493415866527],[-106.70586898074531,37.614149178823062],[-106.7057395396902,37.613887428794598],[-106.70568899265662,37.613665890766697],[-106.70553262459143,37.613363176734197],[-106.70532464254516,37.613361013747202],[-106.70516555352478,37.613508046778009],[-106.70493063849719,37.613749218826911],[-106.70477367248668,37.613989263870678],[-106.70467398648356,37.614176789903382],[-106.70486318655752,37.61449453793589],[-106.70522848367341,37.614840753961197],[-106.70549150277408,37.615260815003367],[-106.70574755787116,37.615660299043114],[-106.70583306592339,37.61598988208393],[-106.70587345696732,37.616335624129874],[-106.70589778799405,37.616547204158024],[-106.7058736380117,37.616774617191517],[-106.70600563807351,37.6170971572284],[-106.70637908621745,37.617703279289643],[-106.7062837712059,37.617797702309019],[-106.70615183916802,37.61771173630536],[-106.70580010802898,37.617106874242914],[-106.70567101397552,37.616860626216585],[-106.70560428492432,37.616499757170146],[-106.7053971238531,37.61624946814824],[-106.70523484181798,37.616256983159687],[-106.70517082680806,37.61629926016974],[-106.70518039182377,37.616433518187996],[-106.70545900891065,37.616682774205195],[-106.70555491195367,37.616898488229324],[-106.70561868899118,37.617130173257813],[-106.70565872703345,37.617460413301629],[-106.70575994707245,37.617624360318125],[-106.70577057609304,37.617805123342855],[-106.70580789812271,37.618016514370154],[-106.70581781914001,37.61816627339055],[-106.70578191214571,37.618301188411785],[-106.70582769519932,37.618730985469249],[-106.70596855425217,37.618945256490356],[-106.70609479328719,37.619015530492128],[-106.70626529632743,37.619040102484647],[-106.70647499837548,37.619056184473493],[-106.70664082939837,37.618919390443658],[-106.7067999414088,37.618674262399097],[-106.70700106843313,37.618474809358226],[-106.70720327445255,37.618223768310024],[-106.70733780247376,37.618139116289534],[-106.7075793425321,37.618187310280838],[-106.70778249658463,37.618261906278306],[-106.70799025562977,37.618253729263884],[-106.7082673436808,37.618151505231829],[-106.7084923447198,37.618044865202428],[-106.70863946573014,37.617825134162153],[-106.70876960573328,37.61757090111815],[-106.70880271872429,37.617409746093415],[-106.70902051075859,37.617272196060121],[-106.70934460382674,37.617236486034415],[-106.70967212991076,37.61735062802947],[-106.71001608801009,37.617579895039682],[-106.71052988514128,37.617752704031055],[-106.71103629428815,37.618096846047017],[-106.71170538648904,37.618618883077509],[-106.71220358064777,37.619098335112959],[-106.71235680968087,37.619089842101957],[-106.71257225273294,37.619133236094264],[-106.71271694777255,37.619208672095617],[-106.71298848582656,37.619147869069721],[-106.71334636990785,37.619168517049687],[-106.71363033499067,37.619365986059243],[-106.71404179211665,37.61971155108148],[-106.71442032821037,37.619809384070976],[-106.71471550928781,37.619929151068931],[-106.71499508835034,37.619935424051903],[-106.71531435642471,37.619972135036647],[-106.71557741449664,37.620107873038855],[-106.71569886154322,37.6203025310584],[-106.71552633151884,37.620439411088675],[-106.7151947614439,37.620423580107683],[-106.71469181332127,37.620312004124152],[-106.71429163922447,37.620230643138356],[-106.71385875711839,37.620128783151735],[-106.71338685500926,37.620082850175507],[-106.71308861694628,37.620113027198819],[-106.71246120182036,37.620241025256902],[-106.71187051069259,37.620270274298818],[-106.71187902070335,37.620358024310583],[-106.71219179377626,37.620394837295756],[-106.71277598990267,37.620365680254309],[-106.71311296897309,37.62032460422698],[-106.71337555004287,37.620439678226354],[-106.71359289510367,37.620565748230113],[-106.71402109122398,37.620817979238105],[-106.71460650938459,37.621124784243761],[-106.71492851947569,37.621320913250656],[-106.71528336457013,37.621477987250024],[-106.71560714566259,37.621683999258259],[-106.7161621138254,37.622079112278207],[-106.71684749401895,37.622493001292483],[-106.71755260821791,37.622916936306879],[-106.7181231353795,37.623266222319359],[-106.71835505845421,37.623497167336936],[-106.71862951253362,37.623681777345311],[-106.71877398457218,37.623746869345204],[-106.71894349161207,37.623770245337639],[-106.71919906166526,37.623737227316639],[-106.71932131567107,37.623526962279279],[-106.71933168966184,37.623413092262687],[-106.71936155265693,37.623298938244723],[-106.71958064969726,37.623218209219381],[-106.71969758872292,37.623216504211676],[-106.71996816177966,37.623185279189926],[-106.72050155686414,37.622853287109216],[-106.72095840094519,37.622655369052161],[-106.72153796205014,37.622424642982708],[-106.7219873491254,37.622185477920397],[-106.72219910916046,37.622068666890442],[-106.72233625119377,37.622097679885762],[-106.72238348422313,37.622284870908963],[-106.72245850427061,37.62259020794707],[-106.72234126427377,37.622878130994962],[-106.72214249624163,37.62299475202407],[-106.72198139421197,37.623053963042693],[-106.72180676320542,37.62337182409847],[-106.7215530991769,37.62364431515293],[-106.72146536517168,37.623785159178354],[-106.72146029817689,37.623847262187411],[-106.72151984119466,37.623892915189977],[-106.72163076022113,37.623911971185535],[-106.7218830542719,37.62386176816235],[-106.72218684533192,37.623790136132889],[-106.72240075637679,37.623766337115839],[-106.72267492544283,37.623819193105682],[-106.7229386065175,37.623980750111485],[-106.72318285255972,37.62386346407942],[-106.7233583345897,37.623775728055861],[-106.72348872260079,37.623600544022942],[-106.72375334362292,37.623240013955368],[-106.72420927768377,37.622844033870663],[-106.72455208472263,37.622478525797405],[-106.72528432183606,37.621997740683021],[-106.72560729586343,37.62156186960118],[-106.72585002588855,37.621278933545931],[-106.7259566248828,37.620988976498452],[-106.72602799486384,37.62064545944564],[-106.72615703786215,37.620346161395361],[-106.72653275090371,37.619935112313627],[-106.72686504094395,37.61960580124618],[-106.72729509598742,37.619094818146898],[-106.72762716002671,37.618756495078159],[-106.72801717803493,37.617984734944862],[-106.72836709905717,37.617438862845873],[-106.72860160809414,37.617291236810146],[-106.72939969524313,37.617018188720756],[-106.7297577323027,37.616823678670507],[-106.73007950334423,37.616530570608795],[-106.73033561438137,37.616337553565295],[-106.73087318947312,37.61606831649312],[-106.73137888256691,37.615889659435688],[-106.73232689676072,37.61573156135286],[-106.73284410785796,37.615561741295934],[-106.73332859495356,37.615446484248764],[-106.73436867017392,37.615350104168684],[-106.73486594427865,37.615297730129512],[-106.73520550635233,37.615283733105841],[-106.73572983048216,37.615420218091415],[-106.73615391159723,37.615630285093786],[-106.7364622106759,37.615733897088639],[-106.73688210377183,37.615763774065933],[-106.73744670388864,37.615683370018523],[-106.73816052304637,37.615681668972627],[-106.73922712428988,37.615756289914884],[-106.74012268849029,37.615779150860774],[-106.74054342259006,37.615845043843095],[-106.74099686269153,37.615856386815651],[-106.74122253773743,37.615817005795726],[-106.74154697979142,37.61564098975024],[-106.74176069783201,37.61557474772728],[-106.74213339490933,37.61552418269634],[-106.74226635992576,37.615396053669855],[-106.74249578793975,37.615032168604088],[-106.7428095289941,37.614883335563171],[-106.74340662011161,37.614739335504716],[-106.74361649615494,37.614708317486922]]},"properties":{"id":"433","name":"DECKER CR","field_id":"433","forestname":"Rio Grande National Forest","districtname":"Divide Ranger District","seasonal":"seasonal","passengervehicle":"open","highclearancevehicle":"open","mvum_symbol_name":"Roads open to all Vehicles, Seasonal"}},{"type":"Feature","geometry":{"type":"LineString","coordinates":[[-106.51710293893831,37.791906198899994],[-106.51712945690642,37.79153634784641],[-106.51718230988625,37.791224219799162],[-106.51720503685469,37.790866245747438],[-106.5172622648049,37.790254881657916],[-106.51728148179163,37.790083397632586],[-106.51726625876893,37.789894332607034],[-106.51723858773794,37.789651353574705],[-106.51717721370133,37.789426833547104],[-106.51715192668283,37.789300984531089],[-106.5171605276709,37.789165687511549],[-106.51723723767407,37.789029513487463],[-106.51751462270313,37.788710514424807],[-106.51756899370315,37.788592652404787],[-106.51760011669526,37.788448052382478],[-106.51757679463022,37.787862544301753],[-106.51750806055517,37.78727762222406],[-106.51750272752729,37.787016330187711],[-106.51750910550379,37.786772921153101],[-106.51749334147824,37.7865568261238],[-106.51751199246205,37.786358312094684],[-106.51753611241766,37.785871330024783],[-106.51752053239301,37.785664244996696],[-106.51744817635587,37.785457890972374],[-106.51737730632637,37.785323616958074],[-106.51726101428682,37.785189928946778],[-106.5170537272263,37.785048398940233],[-106.51683599816808,37.78495206594075],[-106.51655053209666,37.784874629948234],[-106.51601438496527,37.784755347966026],[-106.51572854089193,37.784659888971007],[-106.51554433183833,37.784536084965488],[-106.51529070676295,37.784350085955673],[-106.51516344672285,37.784234561947621],[-106.5148032476018,37.783833633914547],[-106.51460603353699,37.783628883898466],[-106.51440881047223,37.783424132882438],[-106.51427916241965,37.783191475858075],[-106.51418320537263,37.782940360829024],[-106.51411196534127,37.782788065812198],[-106.51392662722472,37.782051426720642],[-106.5139004302015,37.781880527698327],[-106.5138528261799,37.781772989686331],[-106.51357358208408,37.78144311765795],[-106.5134915440531,37.781317996645669],[-106.51341976701882,37.781138670625069],[-106.51336847797801,37.780850930587988],[-106.51330548093279,37.780545316549102],[-106.51322180189311,37.780339105525549],[-106.5129264387698,37.779775124465317],[-106.51266954267712,37.779426937432959],[-106.51231835754611,37.778908724382752],[-106.51215106849597,37.778781968375704],[-106.51186184941253,37.77859491536806],[-106.51134615327297,37.778351154366966],[-106.51108697219621,37.778163715357323],[-106.51096489015947,37.778069900352037],[-106.51083414812783,37.778044715356891],[-106.51079086811733,37.778036378358507],[-106.51063669009788,37.77818141438879],[-106.51053447908988,37.778325797415675],[-106.510296139047,37.778424234444792],[-106.50998125497979,37.778452116469026],[-106.50974218693305,37.778514794493212],[-106.50944256187044,37.778554401518043],[-106.50920228081733,37.778557480533919],[-106.50883178472144,37.778424858539168],[-106.50849798464078,37.778362153551832],[-106.5080439875516,37.778476931597133],[-106.50763827146065,37.778470201622298],[-106.50724708737056,37.778439438643161],[-106.50706154233603,37.778505585664384],[-106.50708095834456,37.778546877668973],[-106.50710813335651,37.778604666675335],[-106.50726207640447,37.778739164684282],[-106.50737618544416,37.778878928696621],[-106.50754501149973,37.779055609710554],[-106.50782819257319,37.779158370706746],[-106.50816155467386,37.779418258721812],[-106.50827131472131,37.779644120746461],[-106.50832542375535,37.779859366773252],[-106.50838477379499,37.780117885805737],[-106.50848927384939,37.78042343084195],[-106.50852400088665,37.780712384880296],[-106.5085066529019,37.780899074907659],[-106.50854051193217,37.781121843936774],[-106.50858957096163,37.781303626959094],[-106.50866072099279,37.78145379197565],[-106.50873736802521,37.781603993991816],[-106.50884948806454,37.781745162004398],[-106.50890730310697,37.782034685041388],[-106.5089755811553,37.782359043082565],[-106.50908745020324,37.782584426107007],[-106.5091089632334,37.782832980140526],[-106.50928265131445,37.783248051187655],[-106.50942841639335,37.783702964242167],[-106.50954909944016,37.78389871826186],[-106.50972300850741,37.784178200289958],[-106.51004057761405,37.784530689318998],[-106.51020256768433,37.784866011355696],[-106.51030827874163,37.785196828395357],[-106.51039312578165,37.785403756418923],[-106.5104516418109,37.785562562437441],[-106.51044631783235,37.785784111468921],[-106.51041208584516,37.785983590499143],[-106.51034513585472,37.786223142537125],[-106.51021729085402,37.786494299583424],[-106.51011502085899,37.786765622628117],[-106.50999332185255,37.78696722366427],[-106.5099064188576,37.787205760703344],[-106.50968910284077,37.787513607760545],[-106.50936629980085,37.787825465825158],[-106.50931410179636,37.787895007838301],[-106.50927005080582,37.788083120867547],[-106.5091798828,37.788222733892923],[-106.50898981276906,37.788333299920737],[-106.50873883172603,37.788458615954482],[-106.50853667269406,37.788585170985286],[-106.50799090160626,37.788913867066576],[-106.50793993860869,37.789048174088705],[-106.50787896060467,37.789141773105762],[-106.50778435858899,37.789194157119219],[-106.50766787656617,37.789224415130938],[-106.50739821551814,37.789341108164749],[-106.50721639149026,37.789463714193666],[-106.50698194145565,37.789635030232809],[-106.50684337243609,37.789745340257234],[-106.50654181739634,37.790012423314145],[-106.50633761736462,37.790146211346055],[-106.50599956030076,37.790257285383447],[-106.50574289125119,37.790330665410274],[-106.50549931820385,37.790397424435326],[-106.50526089215401,37.790428545455057],[-106.50508161312064,37.790492175475528],[-106.50475514006907,37.790697503525386],[-106.50452009104212,37.790945563575342],[-106.5042857550177,37.791216558628548],[-106.50401625498827,37.791514905687755],[-106.5038231059672,37.791728730730235],[-106.50369922295364,37.791865868757469],[-106.50357150094219,37.792031606789003],[-106.50318658990713,37.792525741883175],[-106.50303483989032,37.792691154916177],[-106.50288028386984,37.792827438945267],[-106.50262963084208,37.793100838999777],[-106.50247280682584,37.793283340035551],[-106.50239517782398,37.793434000061673],[-106.50221648582655,37.79384790413134],[-106.50184097378508,37.794259153213247],[-106.50121686870442,37.794827439333275],[-106.50113044269081,37.794882269346495],[-106.50093799266051,37.795004362376048]]},"properties":{"id":"644","name":"SIETZ","field_id":"644","forestname":"Rio Grande National Forest","districtname":"Divide Ranger District","seasonal":"seasonal","passengervehicle":"open","highclearancevehicle":"open","mvum_symbol_name":"Roads open to all Vehicles, Seasonal"}},{"type":"Feature","geometry":{"type":"LineString","coordinates":[[-106.58060689227118,37.695995474345395],[-106.58075035930634,37.696027588340741],[-106.58087207433685,37.696062325337785],[-106.5809583593571,37.696073017333745],[-106.58105571638549,37.696139651336857],[-106.58140822047471,37.696247972329509],[-106.5816821085369,37.696261690313868],[-106.58189090658738,37.696302368306185],[-106.58224064066276,37.696280282280647],[-106.58248170671772,37.696294439267184],[-106.58278006379768,37.696429570267036],[-106.58304412186297,37.696495592259375],[-106.58332593993426,37.696581259253364],[-106.58366401803416,37.696826411266116],[-106.58417266117203,37.69707176226796],[-106.58472434931981,37.697321407267665],[-106.58513911543774,37.697576039276839],[-106.58539851551774,37.697796617291253],[-106.58549258254882,37.697897531299361],[-106.58592879868229,37.698258043322035],[-106.58603060372621,37.698468070345058],[-106.58621838177872,37.698574751347977],[-106.58649283384372,37.698614538335967],[-106.58672537690826,37.698741849338965],[-106.58697442100292,37.699129817377496],[-106.58703524404552,37.699415966413774],[-106.58702949406899,37.699659531448397],[-106.58717333512847,37.699930756477265],[-106.5873441901782,37.700046614482616],[-106.58769303828718,37.700357348503857],[-106.58809697139121,37.700499104497887],[-106.58835029145506,37.700573954492192],[-106.5885694895052,37.700588393480132],[-106.58883393757236,37.700671790474864],[-106.58910172665612,37.70091166749139],[-106.58931666773714,37.701239218523618],[-106.58962971283799,37.701548053546922],[-106.58984598491763,37.701859498576844],[-106.59011338400747,37.702158945601731],[-106.59020556104988,37.702375103626188],[-106.59057201215454,37.702604590634934],[-106.59097544526972,37.702857236644519],[-106.59111106731889,37.703044694662196],[-106.59127728237841,37.703267654682833],[-106.59127168341212,37.703611051731492],[-106.59121258142027,37.703820442764695],[-106.59117888344242,37.704111838807769],[-106.59093917940393,37.704256839843531],[-106.59079682138896,37.704420309875594],[-106.59066778639271,37.704739010928662],[-106.59062478640702,37.704973725964379],[-106.59049088740845,37.705279919016021],[-106.59022258738071,37.7055929100772],[-106.59007848237384,37.705839903121166],[-106.59007624539524,37.706055252151536],[-106.59000448040243,37.706282316188052],[-106.58982152238953,37.706555354238134],[-106.58935563039034,37.707580045412051],[-106.58925477738732,37.707770973445328],[-106.58925328541173,37.708013933479542],[-106.58925808743028,37.708186169503406],[-106.58939132447856,37.708369993520705],[-106.5895497845283,37.708513165530618],[-106.58984484161373,37.708709037539201],[-106.59022339372352,37.708962859550553],[-106.59064198185918,37.709383239582785],[-106.59093011594476,37.709595650594125],[-106.5911254159997,37.709710176597639],[-106.59132041804976,37.709776868594503],[-106.59148908508361,37.709741325578719],[-106.59159249710271,37.709703626566771],[-106.59170147811577,37.709594258544428],[-106.59177296110842,37.709365900507755],[-106.59207468516041,37.709218836467684],[-106.59241204422598,37.709127320433197],[-106.5926852362845,37.709106236412715],[-106.59298012734689,37.709076163389561],[-106.59342215044398,37.709066242359782],[-106.59370953451379,37.709125768349729],[-106.59401716759307,37.709233949345155],[-106.59441272071061,37.709526378360842],[-106.59469122880914,37.709887338393635],[-106.5949121028835,37.710136698414544],[-106.59495827992731,37.710466860457906],[-106.59527897601399,37.710619047458728],[-106.59560023110338,37.710797315463168],[-106.59585489917372,37.710933003465875],[-106.59627520428762,37.711136015467396],[-106.59743093360584,37.711742894478405],[-106.59775177669218,37.71189175747871],[-106.59807183477467,37.712004580474058],[-106.59844841886877,37.712107632464331],[-106.5986769739274,37.712185645460622],[-106.59889420098357,37.712263810457657],[-106.59902050401875,37.712334206459445],[-106.59909068204431,37.712432391468681],[-106.59931520011867,37.712673934488201],[-106.59934899414574,37.712865927512972],[-106.59942558318413,37.713075993537593],[-106.59966969625384,37.713229207543456],[-106.60002361634959,37.713398323544475],[-106.60019099840333,37.713561264556596],[-106.60041071247866,37.713822815579213],[-106.60052138952591,37.714045704603379],[-106.60064961658064,37.71430390963144],[-106.60078318564186,37.714614142666427],[-106.60089159268925,37.714843739691702],[-106.60092744771526,37.715021095714292],[-106.60103126774639,37.715100797718804],[-106.60110272677858,37.715260897736712],[-106.60106402478955,37.715453595766277],[-106.60115705383049,37.71565279578828],[-106.60144421290165,37.715726073780139],[-106.60161292892874,37.715624187754962],[-106.60190364897737,37.715467809714347],[-106.60220086003051,37.715342165677633],[-106.60245438008587,37.715333401660089],[-106.60260786112376,37.715371114655532],[-106.60270993515577,37.715462797661829],[-106.60275637318551,37.715654077685748],[-106.6030307432691,37.715877297699471],[-106.60320244632328,37.716034986710582],[-106.6033085483799,37.716360370749463],[-106.60354745146574,37.716682785779355],[-106.60367159350986,37.716845483794287],[-106.60393338259206,37.717082679810723],[-106.60421177767196,37.717260644817863],[-106.60442155373673,37.717439543829492],[-106.60463046778329,37.717441674816406],[-106.60487665882594,37.717324297784089],[-106.60491359280348,37.717022697739374],[-106.60502796879871,37.716726379690442],[-106.60513886980196,37.716516691653908],[-106.60524466981697,37.716433390635387],[-106.60538827383671,37.716313894609371],[-106.6056683358845,37.71617297257162],[-106.60611439297044,37.716045151525002],[-106.60638816903167,37.71605011650815],[-106.60655277409141,37.716278101529561],[-106.60663857712909,37.716461389549806],[-106.60673778316693,37.716616997565282],[-106.60676138519172,37.716808884590669],[-106.60681107022074,37.716985682612354],[-106.60695957227186,37.717164105627816],[-106.60700654129724,37.717311297645516],[-106.60708751132455,37.717403169653188],[-106.6072182893444,37.717312785632082],[-106.60730616035238,37.717199445610532],[-106.60744994537274,37.717086361585473],[-106.60768659541235,37.716959790552494],[-106.60796968947237,37.716932288530423],[-106.6083588995718,37.717060290523385],[-106.60848276760862,37.717152149528353],[-106.60862939965527,37.717290850538433],[-106.60871340670879,37.717633672581144],[-106.60859193470237,37.717835261617218],[-106.60845724968466,37.717955234642702],[-106.60852012272534,37.718217909675587],[-106.60849199674517,37.718473684713267],[-106.6084627377555,37.718639307738393],[-106.6086736808162,37.718775563743989],[-106.60878467585859,37.718950127761367],[-106.60870268786516,37.719193257800761],[-106.60850966885873,37.719551215863412],[-106.60830919885068,37.719908860926509],[-106.60824417485644,37.720107084958478],[-106.60816714687265,37.720434422009376],[-106.6082206909193,37.720775622053843],[-106.60835253498529,37.721136549096023],[-106.60858894606841,37.721437682123103],[-106.60899170519846,37.721837415153345],[-106.60938115431438,37.722127761169119],[-106.60943440134241,37.722286536187987],[-106.60948114637706,37.722525556218514],[-106.60959194042171,37.722722100238975],[-106.60989333149621,37.722797203230193],[-106.60999827553039,37.722904270238466],[-106.6101658945873,37.723097721254824],[-106.61051564968105,37.723256346254651],[-106.61100040180717,37.723438964249134],[-106.61116974685454,37.723534885251695],[-106.61124195589007,37.723726592273955],[-106.61127878093266,37.724064631319024],[-106.61128967097409,37.724447835372111],[-106.61127381300506,37.724786288420674],[-106.61125055402231,37.725006265453025],[-106.61133415206933,37.725285760486898],[-106.61159637715923,37.725597519513798],[-106.61188827023587,37.725714247511391],[-106.61214058029249,37.725720334496067],[-106.61246691337713,37.725840694491978],[-106.61286521947265,37.7259107224762],[-106.61321791557179,37.726115734482356],[-106.61340008163056,37.726295953495899],[-106.61347058465651,37.726397152505591],[-106.61358153270322,37.726614176528919],[-106.61370981974591,37.726753797540276],[-106.61404014083672,37.726925520543141],[-106.61451461196721,37.727173469547417],[-106.61487490807347,37.727432074560554],[-106.61541940622594,37.727742669569182],[-106.615882058352,37.727972605571694],[-106.616570515514,37.728063130540185],[-106.61702923962972,37.728199941529901],[-106.61716889567408,37.728331668539411],[-106.61735229373006,37.728481762548661],[-106.61745691576225,37.728570054554332],[-106.61767872181271,37.728582202541773],[-106.61785651884122,37.728474842515311],[-106.61806019488417,37.728452969499138],[-106.61829016494364,37.728535655495996],[-106.61854642901955,37.728722898505772],[-106.61855037303889,37.728904069530934],[-106.6187938031081,37.729053337536214],[-106.61881224514229,37.729348766576486],[-106.61911075925671,37.729821572623642],[-106.61925607329452,37.729876805622069],[-106.61943677933732,37.729902936614153],[-106.6194759123605,37.730045471631584],[-106.61934779635072,37.730228456665536],[-106.61904042630528,37.730452056716615],[-106.6189472882984,37.730586870741554],[-106.6188963953299,37.731007246803763],[-106.6188177543379,37.731256319843801],[-106.61851390730976,37.731642018917434],[-106.61840069931688,37.731958331969075],[-106.61827569132237,37.732284346022837],[-106.61802979229732,37.732573866079292],[-106.61800908030817,37.73272580710195],[-106.61786812129171,37.732870814131317],[-106.61762076525949,37.733093587178487],[-106.61740157025297,37.733506735250543],[-106.61726683226702,37.733937801319662],[-106.61728381829408,37.734166483350656],[-106.61720558230407,37.734434625393341],[-106.61712423529879,37.734559736416102],[-106.616828639255,37.734773632465107],[-106.61665144622953,37.734909596495555],[-106.61648626020671,37.735045396525244],[-106.6164171242051,37.735179879548561],[-106.61641940521629,37.73528476756313],[-106.61656740226199,37.735411111571374],[-106.61680734631931,37.735451131561533],[-106.61701065141662,37.735963401620332],[-106.61708022647669,37.736401202677243],[-106.61702353853616,37.73710780178002],[-106.61739100365122,37.737436593802535],[-106.61750508270453,37.737711634833794],[-106.61761812475281,37.737938997858443]]},"properties":{"id":"616","name":"SHEARING","field_id":"616","forestname":"Rio Grande National Forest","districtname":"Divide Ranger District","seasonal":"seasonal","passengervehicle":"open","highclearancevehicle":"open","mvum_symbol_name":"Roads open to all Vehicles, Seasonal"}},{"type":"Feature","geometry":{"type":"LineString","coordinates":[[-106.49332716400413,37.707048609496717],[-106.4933390980088,37.707068742498748],[-106.49348058707275,37.707388868534757],[-106.49367393613734,37.707601031552244],[-106.49381384819291,37.707842485577274],[-106.49384366921846,37.708028295601515],[-106.49393063126307,37.708277383630978],[-106.49399723729597,37.708455382651813],[-106.4941095703426,37.708668571674629],[-106.49406305635277,37.708870738706075],[-106.49405049237102,37.70907755173598],[-106.49412768640879,37.709280706759642],[-106.49423562146167,37.70956476779272],[-106.49435638650726,37.709749234810943],[-106.49461036959103,37.710017935832468],[-106.49487913170529,37.710554723890837],[-106.49509489379707,37.710985652937673],[-106.49533641089977,37.711468010990075],[-106.49556382900742,37.712030271054637],[-106.49585838110525,37.712348452080562],[-106.49628185024609,37.712808070118079],[-106.49664593835944,37.713126403139519],[-106.4969826014846,37.713621852187707],[-106.4973322626001,37.713992983217537],[-106.49767940770225,37.714238953229867],[-106.49784549075933,37.714437147247118],[-106.49812234485469,37.714769854276184],[-106.49838047694227,37.715067030301476],[-106.49861217602692,37.715393156332517],[-106.49879497308117,37.715526753339589],[-106.49909567416577,37.715701772344921],[-106.49935805823031,37.715762818336678],[-106.49965530129678,37.71576619131811],[-106.49995297636549,37.715791018302504],[-106.50025166143948,37.715865908293907],[-106.50048588349199,37.715870080279458],[-106.50085803658951,37.716015571276081],[-106.50123518869273,37.716206142278665],[-106.5015976407919,37.716389283281217],[-106.50202323790839,37.716604329284188],[-106.50240472601281,37.716797084286839],[-106.50279561611812,37.716978098287207],[-106.50302329518149,37.717103962290345],[-106.50318025123582,37.717295111307166],[-106.5031928672568,37.717473793331536],[-106.50318906828213,37.717731376368015],[-106.50318483430524,37.71796750340151],[-106.50306326930088,37.718190818440711],[-106.50284107726628,37.718336726475528],[-106.50269055124578,37.718463835503087],[-106.50247514824687,37.718945880584684],[-106.50237230825037,37.719204725627733],[-106.50237563026784,37.719369219650652],[-106.50229777826662,37.719527592677977],[-106.50195805524896,37.720097066779886],[-106.50173075023289,37.720436187842211],[-106.50157475122901,37.720738631894783],[-106.50149078024097,37.721040156942585],[-106.50146881726251,37.721300089980581],[-106.50163054934102,37.721717980028998],[-106.50177894039561,37.721930701049374],[-106.501982656469,37.722207101075213],[-106.50229225055487,37.722374844078985],[-106.5024734836008,37.722429764075052],[-106.5025948666494,37.722642828097278],[-106.50280744672406,37.722911960121465],[-106.50305589780592,37.723173479142325],[-106.50327231190063,37.723632133192972],[-106.5034710829933,37.724108897247334],[-106.5035123040286,37.724365905280848],[-106.50354481106346,37.724637331316956],[-106.5036844991176,37.72486446933997],[-106.50370568913834,37.725021580360675],[-106.50364671114565,37.725222636392765],[-106.50353327213874,37.725402926425424],[-106.50338425012623,37.725605131463432],[-106.50324662113519,37.725994502527023],[-106.50317777914762,37.726266824569755],[-106.50307278116654,37.726682160634951],[-106.50303017721458,37.727247847717265],[-106.50312119228492,37.727740292780666],[-106.50323741535176,37.728142994829895],[-106.50336112441256,37.728470487868016],[-106.5034995184599,37.728633258882041],[-106.50354815748886,37.728811480903993],[-106.50361465952101,37.728982320923755],[-106.50371037556299,37.72918606294629],[-106.5038207166066,37.729373145965532],[-106.50379691361371,37.729495352984252],[-106.5037913526336,37.729702591013734],[-106.50366105562883,37.729940326055527],[-106.50355632662237,37.730106198085622],[-106.50347351064049,37.730464940141403],[-106.50340682265268,37.730730477182995],[-106.50309091466079,37.73150038631163],[-106.50287728467346,37.732091793408543],[-106.50269802469039,37.732649557498512],[-106.50266973872311,37.733032641554189],[-106.50243585271797,37.733493460634037],[-106.50207926065735,37.73367684868272],[-106.50171525060311,37.733939019742991],[-106.50144942856623,37.73415701879069],[-106.50136356556833,37.734365569825556],[-106.5011715165565,37.734668470880486],[-106.50089100153311,37.735051190952348],[-106.50069167552833,37.735440029019827],[-106.50050005451874,37.735764386077776],[-106.50028242550796,37.736133952143739],[-106.50018914051701,37.736426484190886],[-106.50004268651813,37.736757419246793],[-106.49994299053833,37.73717360331176],[-106.49976108953457,37.737533603374082],[-106.49963962853103,37.737764067414282],[-106.49958452354142,37.737986336449076],[-106.49957652856222,37.738208399480854],[-106.49950067157164,37.738466898522077],[-106.4993441945655,37.738747883571662],[-106.49924351056563,37.738969217609259],[-106.49920890257998,37.739185980641949],[-106.49905510163346,37.74004638077286],[-106.499013967644,37.740240054802726],[-106.49906188166916,37.740382518819729],[-106.49916412170778,37.740538599835112],[-106.49912414072446,37.740789487872959],[-106.49905930574657,37.741147997927555],[-106.49903704876567,37.7413843529622],[-106.49888957076145,37.741665223011154],[-106.49873164374769,37.741874689050768],[-106.49845634670653,37.742071340096118],[-106.49814516765809,37.742275599144868],[-106.4978864376133,37.742400501179041],[-106.49770861858565,37.742517220206878],[-106.49765732058815,37.742653793229344],[-106.49757480658498,37.742802770255629],[-106.49742978757136,37.742985755290654],[-106.49726054054344,37.743080902314922],[-106.49709028551018,37.743125988332217],[-106.49700137549631,37.743184347346116],[-106.49697615749987,37.743274089360355],[-106.49706532754051,37.743478636383401],[-106.49712004057611,37.743708636412237],[-106.49721630162871,37.744015022449112],[-106.49735485567683,37.744184951464149],[-106.49742164871058,37.744370098485874],[-106.49745580373862,37.744571033511953],[-106.49752965577963,37.744812255541135],[-106.49759803382169,37.745076073573848],[-106.49761280685414,37.745362033613098],[-106.49765254188766,37.745604647644669],[-106.49761968190801,37.745875897684961],[-106.49759177192524,37.74610628471914],[-106.49736206589708,37.746330968765477],[-106.49711549887097,37.746613094820994],[-106.49686719983578,37.746809398864606],[-106.49636800575163,37.747073272933775],[-106.49612856671766,37.747262308975728],[-106.49569198464516,37.747503923037755],[-106.49525683758033,37.747817054109731],[-106.49499267455253,37.748120861169454],[-106.49468433851938,37.748468149238107],[-106.49442089149538,37.748807714302771],[-106.49431890447687,37.748848588315056],[-106.49412596144184,37.748925913338319],[-106.4939565534131,37.749013906361611],[-106.49371724537987,37.749210089404528],[-106.49359229735806,37.749268902420837],[-106.49321241826607,37.749195026434862],[-106.49303429722714,37.749201337447197],[-106.49283541618928,37.749264186468814],[-106.49270917216064,37.749258631476124],[-106.49249041709916,37.749132636472488],[-106.49224593403854,37.749071348479603],[-106.49194855797205,37.749067960498181],[-106.49164131389904,37.749021774511476],[-106.49124371080455,37.748962422528614],[-106.49096277073369,37.748880133535103],[-106.49069869666071,37.748740400532398],[-106.49039873958056,37.748608274533083],[-106.49018027552059,37.74849657853143],[-106.48977324042181,37.748415880546212],[-106.48953619135486,37.74827580254177],[-106.48932530428924,37.748092472529507],[-106.48910440721639,37.747859191510862],[-106.48887221212931,37.747511594476912],[-106.48870808108279,37.74741351547366],[-106.48852565203084,37.747301361469589],[-106.48848575600231,37.747108715445087],[-106.48834563894583,37.746860105419081],[-106.48819565788278,37.746568698387719],[-106.48788097777023,37.746150603349122],[-106.48743920762443,37.745684036311872],[-106.48716514254413,37.745494345302795],[-106.48669264741852,37.745292849304803],[-106.4861135062766,37.745164233323919],[-106.48576911118955,37.74506127033154],[-106.48560441914003,37.744934580324298],[-106.48510948698684,37.744511596296569],[-106.48448303582285,37.744269109302685],[-106.48375737463608,37.744020714314324],[-106.48335609252187,37.743775386305565],[-106.48308662742006,37.743363862265014],[-106.48261731326522,37.742869008225512],[-106.48242304419608,37.742613919202114],[-106.48219303612042,37.742373585183053],[-106.48193729504567,37.742197959174774],[-106.48181707600307,37.742042089160535],[-106.48182422799515,37.74194900114702],[-106.48187284697825,37.741676549105506],[-106.48180623794534,37.741498543084738],[-106.48164578789472,37.741352105074448],[-106.48156580486007,37.741186803056337],[-106.4814807568209,37.740987568033745],[-106.48140286277381,37.740695243997635],[-106.48143682975588,37.740445243960274],[-106.48135714571414,37.740209365932195],[-106.48115259763611,37.739890019900415],[-106.48096863057577,37.739699181885328],[-106.48079224550985,37.739436710859749],[-106.48055424443753,37.739246550848272],[-106.48021518633269,37.738957507829362],[-106.48017251330253,37.73875460280356],[-106.48011826427539,37.738605940786115],[-106.48004023623783,37.738407796763212],[-106.47998400620006,37.738159596731904],[-106.4799675671706,37.737906372697331],[-106.47997519115414,37.73772760267169],[-106.47998956614232,37.737580256650027],[-106.48002629213434,37.737421401625326],[-106.48005786312793,37.737289763604792],[-106.48012343612817,37.737148647580717],[-106.48021713213274,37.736989076552206],[-106.48023739912435,37.736862106533046],[-106.48025685211159,37.736694417508218],[-106.48031030910545,37.736517248479814],[-106.48036847209528,37.73629024044417],[-106.48042375006979,37.735918450388269],[-106.48047232106669,37.735782073365975],[-106.48053888107219,37.735690726348878],[-106.48049204405537,37.735627957343034],[-106.48042748503141,37.735533732333941],[-106.48044729902062,37.735384139311591],[-106.48057148701956,37.735102497263973],[-106.4807013580068,37.734693063198023],[-106.48080474601899,37.734586776176428],[-106.4809212940322,37.734461956151399],[-106.48109303905166,37.734278022114481],[-106.48123147806739,37.734129758084713],[-106.4812183710557,37.734043938073491],[-106.48118736203597,37.733917612057709],[-106.48138550704434,37.733566653995574],[-106.48147880405378,37.733455920974031],[-106.48153508405576,37.733352072955768],[-106.48167389606803,37.733169304921134],[-106.48202774410115,37.732720848835356],[-106.48201747104638,37.732205567763501],[-106.48186227694684,37.731566398683483],[-106.48166687687548,37.731292293657432],[-106.48136221278766,37.731094987649193],[-106.48111884270317,37.730796341622813],[-106.48082600159745,37.730397749585478],[-106.48067357451261,37.729896824524765],[-106.48053647242858,37.729370565459483],[-106.48062340640691,37.728967202397151],[-106.48068029537468,37.728526502331455],[-106.48067278633467,37.728149466278893],[-106.48066656430153,37.727837022235285],[-106.48059462525347,37.72752189819554],[-106.48057029320461,37.727094790136988],[-106.48062732918525,37.726779798088948],[-106.48098500223243,37.726461029021138],[-106.48137757430385,37.726305243974025],[-106.4817239263715,37.726212892938818],[-106.48194169240048,37.726021589897904],[-106.48211223642029,37.72584345186192],[-106.48245482846791,37.725562581800368],[-106.4828945025274,37.725186021719146],[-106.48323067856153,37.724785989641312],[-106.48369332260243,37.724176758525871],[-106.48385859259426,37.723734692453036],[-106.48397601857354,37.723274372380708],[-106.48420106256071,37.722655560279129],[-106.48423699150986,37.722076841195374],[-106.48409912842183,37.721512882124813],[-106.48394995935435,37.721175343086877],[-106.48387589428307,37.720636006015681],[-106.48391658425751,37.72029579296521]]},"properties":{"id":"645","name":"PINON","field_id":"645","forestname":"Rio Grande National Forest","districtname":"Divide Ranger District","seasonal":"seasonal","passengervehicle":"open","highclearancevehicle":"open","mvum_symbol_name":"Roads open to all Vehicles, Seasonal"}},{"type":"Feature","geometry":{"type":"LineString","coordinates":[[-106.5488893071372,37.754054370539379],[-106.5490220401721,37.754107628538364],[-106.54918277821683,37.754195639540391],[-106.54926371724204,37.754266674545129],[-106.54933368426668,37.754355879553202],[-106.54938114328725,37.75445439256395],[-106.54939492330226,37.754571372579512],[-106.54937429430781,37.754670780594786],[-106.54934551232719,37.754923507632157],[-106.549369336338,37.754977269638182],[-106.54942775635914,37.755057612645679],[-106.54981746448772,37.755469403678426],[-106.5499500645315,37.755609515689621],[-106.55008848657306,37.755715843695619],[-106.55027193762281,37.755803554696129],[-106.55046672567502,37.755891115695938],[-106.55060440871276,37.755961403696908],[-106.55073130775091,37.756058870702496],[-106.55082471578439,37.75618381571401],[-106.55094177282773,37.756353510730328],[-106.5513107389377,37.756628039745117],[-106.55167023005477,37.756992815773252],[-106.55212391320919,37.757518583817884],[-106.5522878642702,37.757759759841171],[-106.55240642132122,37.758001533867521],[-106.55244385734606,37.75816326388783],[-106.55244574035564,37.758253354900354],[-106.55249375937915,37.758378895914895],[-106.55254103739878,37.758468397924446],[-106.55267910343844,37.758556702927926],[-106.55287390249065,37.758644268927689],[-106.55311354155002,37.758704197920721],[-106.55341066662572,37.758799416914989],[-106.55360566567892,37.758895982915959],[-106.55380103173403,37.7590105689195],[-106.5539865687943,37.759197382933792],[-106.5542297818719,37.75942849795063],[-106.55446258995184,37.759704811974423],[-106.5545902549938,37.759838314984982],[-106.55478713405657,37.760024977998533],[-106.55508709614674,37.760255343011572],[-106.55513513317023,37.760380883026116],[-106.55524179021586,37.760595773049424],[-106.55548803130883,37.760971045086251],[-106.55559319134677,37.761113855099531],[-106.55560735936372,37.761248854117596],[-106.55557595436964,37.761375443137382],[-106.55544486236553,37.761620509180197],[-106.55539226937414,37.761819477211517],[-106.55538411638801,37.761972796233565],[-106.55544331541302,37.7620891762461],[-106.55558251345848,37.762231537257172],[-106.55587171554903,37.762489079274694],[-106.55620704965344,37.762782060294221],[-106.5564722357322,37.76297683130452],[-106.55670298680155,37.763154031314535],[-106.55688665185222,37.763250741316327],[-106.55701223888366,37.763285131313076],[-106.55711457090716,37.763292791307585],[-106.55722787493121,37.763282290298775],[-106.55730750894976,37.76329025029478],[-106.55741097497901,37.763351969296814],[-106.55765364505379,37.763556047309827],[-106.55776865008654,37.763626626312337],[-106.55790596512234,37.763678885310881],[-106.55871742932915,37.763938525295082],[-106.55887763337095,37.76399949329334],[-106.55901533940869,37.764069779294331],[-106.55923399347166,37.764211084300101],[-106.5594407425293,37.76432550930285],[-106.55961211857263,37.764377315299143],[-106.5597825386112,37.764384072289118],[-106.56000933766035,37.764372057272809],[-106.56012283168543,37.764370554265327],[-106.56022535470991,37.764387221261082],[-106.56029439772973,37.764431369262809],[-106.56034073074458,37.764475818266092],[-106.56038745476131,37.764538286271815],[-106.56043493478194,37.764636793282612],[-106.56046123180519,37.764807681304902],[-106.5604973518233,37.764906339316447],[-106.56055542484256,37.76496865732139],[-106.5606592738738,37.765048393325948],[-106.56113160201211,37.765375595341482],[-106.56154603813211,37.765649497353259],[-106.56169661518007,37.765791700363522],[-106.56180084621323,37.765889455370541],[-106.56184869723573,37.766005982383824],[-106.56189542325248,37.766068449389593],[-106.56198697827641,37.766103285388589],[-106.56207777629643,37.766102082382567],[-106.56224896833886,37.766144874377545],[-106.56239745137623,37.766187967374037],[-106.56253554341589,37.766276260377566],[-106.5626049694377,37.7663384263818],[-106.56269954747695,37.766517420400845],[-106.56274646449469,37.766588897407857],[-106.56284993952399,37.766650611409887],[-106.56303266156984,37.766702262405346],[-106.56335178364672,37.76676111439307],[-106.56371705173748,37.766855413382814],[-106.56391170578873,37.766933941381318],[-106.56407267983442,37.767030940384572],[-106.56416537586405,37.767119834391067],[-106.5642136228885,37.767254379406822],[-106.5643106749403,37.767550500442162],[-106.56438312897748,37.767756824466431],[-106.56445464600984,37.767918098484444],[-106.56454829304433,37.768052040497267],[-106.56490620815279,37.768335684514021],[-106.5652406652524,37.768583588527285],[-106.56558723435835,37.768867380544791],[-106.5658749664412,37.769052817552335],[-106.56639103158091,37.769298304553537],[-106.56690994273507,37.769678947573574],[-106.56747446090017,37.770067983591844],[-106.56788857701828,37.770323832601086],[-106.56821037010866,37.770508810606309],[-106.5684623501753,37.770613604604776],[-106.56871377123912,37.770691369599525],[-106.56894152829308,37.770724394589486],[-106.56922604835955,37.77075665557571],[-106.56940879740537,37.770808295571165],[-106.56952400343913,37.770887872574917],[-106.56973250150543,37.77108336758895],[-106.5698829035524,37.771216549597959],[-106.57000947258865,37.771295974600939],[-106.57011238861506,37.771330652599197],[-106.57019203263354,37.771338603595176],[-106.57027091364817,37.771310514586197],[-106.57032652165495,37.771255698574869],[-106.57038174965979,37.771182863561151],[-106.57050412567482,37.77106408053659],[-106.57061610469215,37.770990488519026],[-106.57072865571243,37.770943925505271],[-106.57084158773456,37.770915382493982],[-106.57089851874807,37.770923636491482],[-106.57093314175845,37.770950211492966],[-106.57100315078311,37.771039402501003],[-106.57129910390735,37.771612248562299],[-106.57136986493589,37.771737478575339],[-106.57140563295204,37.771818113584317],[-106.57150950398328,37.771897839588839],[-106.57175014304747,37.77200277758805],[-106.57202484511912,37.772107261585049],[-106.57215121615438,37.7721776745868],[-106.57223200617862,37.772239682590289],[-106.57227931619829,37.772329175599815],[-106.57231623022027,37.772463868616335],[-106.57236314823801,37.772535341623339],[-106.57242123725727,37.772597653628353],[-106.57252472928656,37.7726593586303],[-106.57268534433027,37.772738326631064],[-106.5728906103802,37.772780647623826],[-106.57327653146534,37.772775503598254],[-106.57342446049988,37.772791552590931],[-106.57363010855174,37.772851893586157],[-106.57373321957908,37.772895577585686],[-106.57382517160489,37.772948423587145],[-106.57391787563456,37.773037309593654],[-106.57435025978988,37.773617337647188],[-106.57453587385015,37.773804116661438],[-106.57475685793058,37.774110819690264],[-106.57510748604443,37.774463050717074],[-106.57544648815671,37.774824825745966],[-106.5760770363423,37.775270562767936],[-106.57614801237175,37.775404798782183],[-106.5762818774332,37.77571534081715],[-106.57654712051576,37.775946599832487],[-106.57686932160033,37.77607378782961],[-106.57715044966484,37.776094348814361],[-106.57743537673325,37.776144608803094],[-106.57756080176371,37.776169965798537],[-106.57762986678355,37.776214102800317],[-106.57766526079783,37.776276715806787],[-106.57771392082422,37.776429274825063],[-106.57773852683889,37.776519068836095],[-106.57777392185314,37.776581681842607],[-106.57783163487046,37.77662597084506],[-106.57790050788932,37.77666109784559],[-106.57803787192519,37.776713331844022],[-106.57815233095502,37.776756860842795],[-106.57826699198591,37.776809398842765],[-106.57833605800575,37.776853535844523],[-106.57842993304122,37.776996475858539],[-106.57848878606431,37.777094823868524],[-106.57853620608489,37.777193233879302],[-106.57857322710692,37.777328013895819],[-106.57858686712092,37.777435979910059],[-106.57857877313485,37.777589298932064],[-106.57853681714217,37.777752083957594],[-106.57851622314777,37.777851495972918],[-106.57852891515701,37.777914412980905],[-106.57863355819207,37.778030170990391],[-106.57875013823254,37.77817280700291],[-106.57885535727054,37.778315595016167],[-106.57889228629247,37.778450286032644],[-106.57888476830921,37.778630634058445],[-106.57883662534009,37.779036836118472],[-106.57884211842233,37.779829843229365],[-106.57887573648232,37.78034309829917],[-106.57910885657016,37.780695899333665],[-106.57924484163655,37.781050065374536],[-106.57950326472161,37.781320702395874],[-106.58004786092037,37.782081866467522],[-106.58039166006475,37.782747099538668],[-106.58057923213472,37.783023966565437],[-106.58077777420525,37.783282660588903],[-106.58090610325016,37.783443161603181],[-106.58099978928468,37.783577089615889],[-106.58108386232533,37.783792258640652],[-106.58145112248015,37.784508317717403],[-106.5817124565865,37.784980634766796],[-106.58210148974725,37.785707998843726],[-106.58222361079245,37.785884812860637],[-106.58230020583626,37.78614678289243],[-106.5824114998839,37.786370704916685],[-106.58260047096518,37.786754985958368],[-106.58271726600663,37.786906626972105],[-106.58299549610652,37.787279285006449],[-106.58333603620294,37.787482820012997],[-106.58347054324662,37.787617492023202],[-106.58359696328185,37.787687892024962],[-106.58389481936052,37.787810060022927],[-106.58406703540776,37.787897868024125],[-106.58419345644303,37.787968267025832],[-106.58427465846924,37.788048286031803],[-106.58440337751605,37.788226802048541],[-106.58446148953539,37.788289107053572],[-106.58465851959822,37.788475716067005],[-106.58487941067187,37.788716078086473],[-106.58502007472408,37.788921469106207],[-106.58512532076209,37.789064251119449],[-106.58528715181166,37.789197267127683],[-106.58537678785835,37.789459351158634],[-106.5856432219384,37.789663739170102],[-106.58593347702377,37.789867806180041],[-106.58622289909559,37.789941708171746],[-106.58641782914785,37.790029206171411],[-106.58653290318061,37.790099755173941],[-106.58661409820678,37.790179773179865],[-106.5868592502932,37.790491903207815],[-106.58695450933541,37.790697904230598],[-106.58700550137341,37.790958575263822],[-106.58704091038766,37.791021184270321],[-106.58707554839812,37.791047755271848],[-106.58713848141515,37.791077801272024],[-106.58716733942298,37.791091580272067],[-106.58727086945227,37.79115327127402],[-106.58737496548443,37.791241992279737],[-106.58756047654386,37.791419739292706],[-106.58765437757934,37.791562671306707],[-106.58776118662503,37.791777528329952],[-106.58785701767017,37.792010557356441],[-106.58799788872339,37.79222495437741],[-106.58824594682424,37.792672227424134],[-106.58835351987379,37.792923122452322],[-106.5885471299737,37.793479277517825],[-106.58858465299859,37.793640993538069],[-106.58859967301942,37.793812025561088],[-106.58859159903331,37.793965344583086],[-106.58860602905128,37.794109347602344],[-106.58864279207228,37.794235024617556],[-106.58867936209236,37.794351682631564],[-106.58871611411341,37.794477359646791],[-106.58874383914352,37.794711306677819],[-106.58877002116589,37.794873175698839],[-106.58880600118307,37.794962813709034],[-106.58886585921103,37.79510620372529],[-106.58899480625887,37.795293723743249],[-106.58911605632254,37.79565258178576],[-106.58915493335412,37.795877365814775],[-106.58916995537498,37.796048397837744],[-106.58916438140143,37.796318842876019],[-106.58915746742116,37.796526220905491],[-106.58912687943098,37.796688854930316],[-106.58907203942809,37.796779718946539],[-106.58904124643703,37.796933334970092],[-106.58906800946231,37.797122232994802],[-106.58910458148237,37.7972389000088],[-106.58914018849758,37.797310518016602],[-106.58923255652537,37.797381371020514],[-106.58940615357933,37.79753223803047],[-106.58955722462927,37.79769242204322],[-106.58967424367172,37.797853065058128],[-106.58976912371205,37.798041043078406],[-106.58983014474583,37.798238491102147],[-106.58987363077289,37.798408641123146],[-106.5898921207844,37.79848098713213],[-106.59004879686238,37.798902452181082],[-106.59013156289632,37.799054545197052],[-106.59015678291387,37.799171365211819],[-106.59018353793913,37.799360262236554],[-106.59023204796459,37.799503805253515],[-106.59031500799955,37.799664907270731],[-106.59038621603004,37.799808143286263],[-106.59089874920492,37.80040504733681],[-106.5910161622493,37.800583708354303],[-106.59125291434773,37.801031127401743],[-106.59133876739709,37.801327374437712],[-106.59141076343148,37.801506647458204],[-106.59157764950614,37.801873898498904],[-106.59167447355614,37.802151972531611],[-106.59176976159834,37.802357968554318],[-106.59189833164429,37.802527464569785],[-106.59216683873861,37.802866303599934],[-106.5923081307938,37.80309871462341],[-106.59241592684437,37.803358614652879],[-106.59252507890167,37.80368158269107],[-106.59271429897942,37.804030504727749],[-106.59286540202939,37.80419068374048],[-106.59302707507796,37.804314669747427],[-106.59322321413605,37.804456213754584],[-106.59344340820587,37.80466051776903],[-106.5935598662454,37.804794127780212],[-106.59367921929943,37.805062881810166],[-106.59370638432667,37.805269797837433],[-106.59373121434234,37.805368597849643],[-106.5938132203724,37.805484647860652],[-106.59388329039707,37.805573822868602],[-106.59397780343551,37.805743777886313],[-106.59401419545463,37.805851433899065],[-106.59401671346718,37.805968559915314],[-106.5940432984915,37.80614844593876],[-106.59410548953106,37.806399949969993],[-106.5944082816339,37.806747331999162],[-106.59467002572453,37.807064635026684],[-106.59504229385668,37.80754760307039],[-106.59533714395771,37.807894441099926],[-106.59555173303212,37.808155793122701],[-106.59594383514725,37.808429862135796],[-106.59635841727061,37.808734880151789],[-106.59643506529504,37.808807360157026],[-106.59657722334035,37.808941784166628],[-106.59671811843653,37.809574872246259],[-106.59697890655019,37.810118960305601],[-106.5970655815899,37.810318327327998],[-106.59724060567001,37.810720940373038],[-106.59737726773469,37.811055958411188],[-106.59750854679685,37.811377809447784],[-106.59762285684593,37.811609028472802],[-106.59790139195766,37.812096204523101],[-106.59798460901723,37.812496429573741],[-106.59806171306987,37.812843339617388],[-106.59827828815955,37.813248874660168],[-106.5982864931632,37.813266998662172],[-106.59849504725678,37.813727667713259],[-106.59866541831171,37.813894777725672],[-106.59889747638204,37.814078307736416],[-106.59918698146772,37.814286950746961],[-106.59933271451557,37.81443773875867],[-106.59948985856713,37.814600322771298],[-106.59969242764463,37.814917426802616],[-106.59978479068347,37.815096553821768],[-106.59994296573579,37.815264160835007],[-106.60019517780553,37.815398414837517],[-106.60042422186861,37.815517247839438],[-106.60056880790823,37.815590908840399],[-106.60065676793282,37.815639851841546]]},"properties":{"id":"640","name":"EMBARGO CR","field_id":"640","forestname":"Rio Grande National Forest","districtname":"Divide Ranger District","seasonal":"seasonal","passengervehicle":"open","highclearancevehicle":"open","mvum_symbol_name":"Roads open to highway legal vehicles only, Seasonal"}},{"type":"Feature","geometry":{"type":"LineString","coordinates":[[-106.65537810203224,37.815213111249371],[-106.65582693713201,37.815215299220689],[-106.65612199518979,37.815140530191215],[-106.65634368323502,37.815102102171537],[-106.65662522429585,37.815086372151136],[-106.6569523943591,37.814995766117363],[-106.65722171940369,37.814847780079276],[-106.65757901445889,37.81461392202349],[-106.65776893148745,37.814481778992722],[-106.65797631153195,37.814467088977281],[-106.6582016815949,37.814593385980395],[-106.65832323063501,37.814721143990425],[-106.65857133273917,37.815200220041405],[-106.65863855979021,37.815552363086283],[-106.65864461681933,37.815822987123752],[-106.65865948286242,37.81621112417708],[-106.65866015289399,37.816517197219831],[-106.65898216101327,37.816983461264265],[-106.65997952931559,37.817773964310405],[-106.66023502439778,37.818022705328701],[-106.66043071845293,37.818137105332028],[-106.66076470654775,37.818339685338792],[-106.66108754064111,37.81855142634754],[-106.66159572879189,37.818922770366676],[-106.66213859895312,37.819320659387245],[-106.66223066897896,37.819373433388648],[-106.6624026340243,37.819443103387293],[-106.66314711321699,37.819711979376827],[-106.66342231828963,37.819825251374851],[-106.66352553431702,37.81986885437427],[-106.66357177233088,37.819904250376283],[-106.66365289235615,37.819975201380949],[-106.6638512154239,37.820206717400495],[-106.66408402750109,37.820455770420288],[-106.6642819485669,37.820669266437356],[-106.66444479862039,37.820838197450442],[-106.66465650770031,37.821159644481725],[-106.66473803472756,37.821248614488901],[-106.66527139189503,37.821727733521385],[-106.6657075320212,37.822015020533421],[-106.6658945200753,37.822138041538523],[-106.66621829317484,37.822408288555394],[-106.66630935719583,37.822416012550597],[-106.66637649020602,37.822370001539845],[-106.66645457621675,37.822305810525769],[-106.66647607521591,37.822251432516836],[-106.66645234720608,37.822206707512102],[-106.6662888821497,37.822010752495281],[-106.66590646002605,37.821632161467051],[-106.66568194193836,37.821263312429949],[-106.6655000868642,37.820933856395655],[-106.66536282779106,37.820517603346289],[-106.66521535272342,37.820177468308273],[-106.66506809464762,37.819756940258983],[-106.66482049455144,37.819354890218776],[-106.66464305247996,37.819041971186465],[-106.66452483743267,37.818836361165381],[-106.66445264739824,37.818657137144989],[-106.66431717434997,37.818479753128955],[-106.66429128931233,37.81816891808716],[-106.66425945028253,37.817947099058209],[-106.66425655326293,37.817762452032547],[-106.66425377424406,37.817584563007863],[-106.66424807622434,37.817404705983058],[-106.66422320520731,37.817292352968984],[-106.66422303920717,37.817291605968876],[-106.6642222042066,37.817288037968432],[-106.66421773120354,37.817267885965904],[-106.6641925491863,37.817154427951699],[-106.66451415719052,37.816500028839386],[-106.66468215916801,37.815917563747085],[-106.66510594117928,37.815111907607047],[-106.66532631918226,37.814664551530278],[-106.66546879219104,37.81444237749001],[-106.66566766720328,37.814131706433713],[-106.66596114921924,37.813653367347889],[-106.66601356020391,37.813390397307742],[-106.66606561618391,37.813082830261379],[-106.66647069426187,37.81296745621907],[-106.66687645634019,37.812853729176979],[-106.66706874837305,37.812758460151194],[-106.6672797774069,37.812632068119925],[-106.6674113264153,37.812429684083106],[-106.66752592538077,37.811845528994056],[-106.66785339539643,37.811290378895265],[-106.66809829740724,37.810866345820145],[-106.66838627543717,37.810535383755301],[-106.66863657046319,37.810247735698873],[-106.66902229749131,37.809688449595754],[-106.66910949249389,37.809524993567273],[-106.6691520744903,37.809398219546836],[-106.66918208447842,37.809217549519595],[-106.66916729145946,37.809064550499144],[-106.66908070240805,37.808750349460816],[-106.6690298153719,37.808507749430198],[-106.66902535235054,37.808309543402721],[-106.66905354832996,37.808047789364338],[-106.66926262731349,37.807434986265108],[-106.66947293725541,37.806413946108755],[-106.66963569823591,37.805871752022405],[-106.66978180722539,37.805453197954428],[-106.66994838522409,37.805080630891567],[-106.67010004924013,37.804908806857803],[-106.67023276625368,37.804754141827573],[-106.67031358326192,37.804659958809189],[-106.67066538031935,37.804459243758409],[-106.67107246439119,37.804279490706996],[-106.67174013051225,37.804016037627044],[-106.67262054366978,37.803648593518822],[-106.67356089581452,37.803027158371201],[-106.67378888784098,37.802792538323715],[-106.67399326284331,37.802373151251842],[-106.67425802886841,37.802045460188943],[-106.67460367192555,37.801855444140081],[-106.67512060400189,37.801481837054439],[-106.67555456807739,37.801279938998185],[-106.6760423471603,37.801033778932258],[-106.67655702824688,37.800765486861536],[-106.67700120930974,37.800417638784218],[-106.67728609134238,37.800120494724283],[-106.67762648537469,37.799699173643404],[-106.67806019341013,37.799106829532555],[-106.67839813443079,37.798577556436733],[-106.67882833944964,37.797831015304546],[-106.67915963643881,37.797008756168218],[-106.6793075714058,37.79636648106883],[-106.67967702939278,37.795440467915441],[-106.68003241340408,37.79478195780041],[-106.68028184641648,37.794363250725752],[-106.68047611742406,37.794016815664804],[-106.6808382004354,37.79334381454732],[-106.68113882544475,37.792785027449781],[-106.68147917045023,37.792102412332319],[-106.68166192045121,37.791716170266533],[-106.68175651439871,37.790999058160104],[-106.68187679835408,37.790303200054979],[-106.68195997030922,37.789685006963161],[-106.68204718019572,37.788388034776133],[-106.68218374714044,37.787553126650536],[-106.68208134505525,37.786942486571739],[-106.68234591407115,37.786525510496347],[-106.68264083410718,37.786238584437179],[-106.68310060218168,37.785971049370069],[-106.6836415612696,37.785658856291498],[-106.68431849338305,37.785301224197838],[-106.6848873294793,37.78501037512045],[-106.68537398155749,37.78472069904852],[-106.68607433665827,37.784188742928976],[-106.68631444668222,37.783902591873442],[-106.68653824571108,37.783700208830716],[-106.68680256876742,37.783678130810607],[-106.68688771179949,37.78380739482315],[-106.68681886680976,37.784056680862506],[-106.68684379983884,37.784286462892993],[-106.68674460886376,37.784744574963469],[-106.68662896588424,37.785194935033921],[-106.68665233492139,37.785507049076124]]},"properties":{"id":"612","name":"MIDDLE PARK","field_id":"612","forestname":"Rio Grande National Forest","districtname":"Divide Ranger District","seasonal":"seasonal","passengervehicle":"open","highclearancevehicle":"open","mvum_symbol_name":"Roads open to all Vehicles, Seasonal"}},{"type":"Feature","geometry":{"type":"LineString","coordinates":[[-106.54186122569642,37.745430225779792],[-106.54213438576065,37.745464834767034],[-106.54239517181733,37.745452409748566],[-106.54270078188115,37.745412359723311],[-106.5434014540221,37.745267997657983],[-106.54348050503772,37.745248937650217],[-106.54355974405431,37.745238886643719],[-106.54361665306777,37.745247153641216],[-106.54370817509171,37.745282013640271],[-106.54384564412848,37.745343300640045],[-106.54393810215714,37.745423200645313],[-106.54413642422759,37.7456819636689],[-106.54429788827609,37.745806031675954],[-106.54438978530189,37.745858901677451],[-106.54451572233522,37.745911326676769],[-106.54467663638087,37.746008354680036],[-106.54487326544267,37.746186025692353],[-106.54497707147389,37.74626577669688],[-106.54512570351221,37.746317911694689],[-106.54551260560316,37.746366912676677],[-106.54568261963978,37.746355670664208],[-106.54588761068871,37.746389031655681],[-106.54611548374366,37.74643110464698],[-106.54634503280718,37.746554275649522],[-106.54635570881106,37.746569104650909]]},"properties":{"id":"640","name":"EMBARGO CR","field_id":"640","forestname":"Rio Grande National Forest","districtname":"Divide Ranger District","seasonal":"seasonal","passengervehicle":"open","highclearancevehicle":"open","mvum_symbol_name":"Roads open to highway legal vehicles only, Seasonal"}},{"type":"Feature","geometry":{"type":"LineString","coordinates":[[-106.79765784879014,37.48243378045612],[-106.79743849277246,37.482741039513307],[-106.79728755175908,37.482940485550962],[-106.79715832973646,37.482999588567509],[-106.79694016268502,37.482967058576804],[-106.79645814256305,37.482812192585669],[-106.79594343542249,37.482543298580602],[-106.79548447729745,37.482307100576513],[-106.79521338121884,37.482119993567437],[-106.79483618611908,37.481955749568307],[-106.79453792703242,37.481747801558058],[-106.79424018894794,37.481561096550749],[-106.79386566284174,37.481326322541499],[-106.79348934874153,37.481155468541417],[-106.79308679563695,37.480999135545012],[-106.79272853954215,37.480842129545714],[-106.79236809343762,37.480593338533644],[-106.79196267732037,37.480316978520499],[-106.79151330519495,37.480055409512289],[-106.79113953110593,37.479990450526941],[-106.79076560003269,37.480084010563857],[-106.79028587492746,37.480091282595389],[-106.78993669385051,37.480093437617882],[-106.78969752778988,37.480015210622071],[-106.78956756974482,37.479851832607316],[-106.78934440368879,37.479784586612098],[-106.78919710066354,37.479857382631678],[-106.78912696565807,37.479957386650192],[-106.7892459796972,37.480085797660692],[-106.78941686274182,37.480154227659455],[-106.78952437877265,37.480224888662541],[-106.78971106182323,37.480318448663873],[-106.78996233088938,37.480425000662869],[-106.79025721496471,37.480526473658436],[-106.79059858805937,37.480719056663823],[-106.79085170613608,37.48092710367699],[-106.7911414432258,37.481184032694721],[-106.79140443530892,37.481434304713211],[-106.79162110837343,37.481600525722797],[-106.79179415943119,37.481795658739209],[-106.79207453851673,37.482031539754608],[-106.79232049159901,37.482310319778165],[-106.79257412667796,37.482539542794292],[-106.79278498275393,37.482832979822135],[-106.79300436383031,37.483112160847462],[-106.79323159290421,37.48334884586631],[-106.79344996397617,37.483585664885744],[-106.79359931604074,37.483901221920675],[-106.79378157510193,37.484110337938482],[-106.79393742515805,37.484326916959041],[-106.79412753321668,37.484493535970344],[-106.79431831727838,37.484688395985643],[-106.79441519233427,37.485033001027958],[-106.79437629834838,37.485259601062332],[-106.79433394838436,37.485712262128686],[-106.79425978439141,37.485946461166314],[-106.79424696240915,37.486151476195971],[-106.79427177644426,37.486447736236038],[-106.79433118648349,37.486708156268911],[-106.79431254551264,37.4870403903168],[-106.79422099651734,37.487288978357618],[-106.79398101949863,37.487631637421089],[-106.79379217748266,37.487888765469251],[-106.79364645047126,37.488095799507612],[-106.79349987945608,37.488267531541105],[-106.79338739844269,37.488382244564399],[-106.79324464141588,37.48842929358009],[-106.79310440239048,37.488484506596762],[-106.79300530537203,37.488519194607981],[-106.79287921735043,37.488581545624761],[-106.79275939033406,37.48868218864655],[-106.79266283032685,37.488823005672472],[-106.79265926534597,37.489022128700718],[-106.79264753836405,37.489228017730383],[-106.792694361394,37.489423931754999],[-106.79263924741082,37.489713431799231],[-106.79263108343011,37.489924061829328],[-106.79258179143409,37.490072155853291],[-106.79257260944895,37.490240693877602],[-106.79255123946534,37.490451514908614],[-106.79256947549038,37.490661743937011],[-106.79260116951951,37.490882285965981],[-106.79263261154752,37.491092305993575],[-106.7926889465746,37.491238796010563],[-106.7927449296017,37.491385274027621],[-106.7928800986429,37.491499024034994],[-106.79300195068231,37.491623467044747],[-106.79312480872611,37.491790001060373],[-106.79315549875079,37.491968460083498],[-106.79311524875099,37.492059512098884],[-106.79303676675146,37.492237052128822],[-106.79298122275686,37.492413153157131],[-106.79290526675388,37.492551134181348],[-106.79281661775029,37.492710352209386],[-106.79276708575313,37.492847932231896],[-106.79278406477269,37.493005547252956],[-106.79282669179466,37.493131201267971],[-106.79284266580979,37.493246734283176],[-106.79284315781021,37.493250304283642],[-106.79288480082957,37.493351342295227],[-106.79314809590647,37.493538644304785],[-106.793384693972,37.493670972308344],[-106.7937018960545,37.493794921305607],[-106.7940185861347,37.493897416299895],[-106.7943266432145,37.494014350296673],[-106.79467060230209,37.494130736291154],[-106.79492327036328,37.49418412628259],[-106.79512054940581,37.494173974268662],[-106.79544494847619,37.494161145246203],[-106.79570342352905,37.494118925223809],[-106.79615134962307,37.494070016188445],[-106.79656092671394,37.494074304163007],[-106.7969339108095,37.494205458157687],[-106.79752220296908,37.494501723161939],[-106.79770448502606,37.494668321173741],[-106.79788301007915,37.494804400181529],[-106.79879250031418,37.49514545017157],[-106.79911511339736,37.495264934167885],[-106.79932597245336,37.495358338167577],[-106.79955372551701,37.495491695171829],[-106.79969913256565,37.495656643185782],[-106.79982907561205,37.495833505202363],[-106.79995850465626,37.495988913215989],[-106.80012280470375,37.496100869221287],[-106.80027744374624,37.496184356223175],[-106.80048593480059,37.496267022221552],[-106.8007299828613,37.496334838215517],[-106.80094676191456,37.49638876120931],[-106.8011201129502,37.496362426194587],[-106.80125190697807,37.496349889184415],[-106.8014360010153,37.496315510167861],[-106.80157898003714,37.49621859914518],[-106.80174784306256,37.496100248117777],[-106.80191578008838,37.495987681091286],[-106.80208559211341,37.495863545063024],[-106.80226013814024,37.495746354035418],[-106.80242894617007,37.495672241014262],[-106.80256116618902,37.495570071991494],[-106.80273791821634,37.495452914963757],[-106.80286116123335,37.495350880941608],[-106.80302059525305,37.495196723909785],[-106.80304421424667,37.495080587891927],[-106.80300130522355,37.494944424875534],[-106.80290685719437,37.494861662869866],[-106.80277857516271,37.494828341873365],[-106.80262780212576,37.49479225387789],[-106.80244624208088,37.494744395882691],[-106.80230887504742,37.494712917887021],[-106.80217608401512,37.494683372891302],[-106.80202801697874,37.494646544895588],[-106.80201661497594,37.494643708895879],[-106.80185715693672,37.494604044900477],[-106.80171115990154,37.494574691905626],[-106.80157886287147,37.494566192912863],[-106.8014199118345,37.494547563920356],[-106.80120839778705,37.494540263932805],[-106.80103598674607,37.494511321939669],[-106.80082420869752,37.494493498950639],[-106.800663994655,37.494422272950828],[-106.80053018261827,37.494350635949296],[-106.80036946357352,37.494258364946525],[-106.80018132051853,37.494124413939659],[-106.80004574147408,37.493979125927858],[-106.79983331440579,37.493766021911398],[-106.79965279834154,37.493522513888664],[-106.79959727030526,37.493283167858543],[-106.79953847726799,37.493040713828201],[-106.79946275221998,37.492728437789111],[-106.7994626192021,37.492550594764104],[-106.79954567320483,37.492394537736914],[-106.79954617220444,37.492389482736129],[-106.79957559118102,37.492091085692302],[-106.7996380631795,37.49193863566687],[-106.7997704621921,37.491771946635033],[-106.80002060323902,37.491689091607462],[-106.80014498526585,37.491682973598692]]},"properties":{"id":"402","name":"LOBO OVERLOOK","field_id":"402","forestname":"Rio Grande National Forest","districtname":"Divide Ranger District","seasonal":"seasonal","passengervehicle":"open","highclearancevehicle":"open","mvum_symbol_name":"Roads open to all Vehicles, Seasonal"}},{"type":"Feature","geometry":{"type":"LineString","coordinates":[[-106.65504082658718,37.821349355129357],[-106.6551468956083,37.821326009119268],[-106.65538655865136,37.821227630090014],[-106.65581264073859,37.821156854052575],[-106.65620256981914,37.821098550019244],[-106.65638238685706,37.821079934005041],[-106.65659943989797,37.821009252981121],[-106.65670832391538,37.820943585964912],[-106.65673375289373,37.820677771926107],[-106.6565191618011,37.820238790878577],[-106.65647828976849,37.820009430849154],[-106.65624950568535,37.819693772819761],[-106.65616381364723,37.819507828799274],[-106.6560540825992,37.819277097774112],[-106.65590253854197,37.819046955751737],[-106.65567763046775,37.818809548733022],[-106.65532210133647,37.818299121684618],[-106.65513210926554,37.818018618657646],[-106.65488484117317,37.817652441622428],[-106.65481075613621,37.817452975599323],[-106.654784109104,37.817196189565124],[-106.6547767020683,37.816864473519196],[-106.6547288110069,37.816369773453111],[-106.65489020601412,37.816090857403665],[-106.65515809601636,37.815533911308449],[-106.65537810203224,37.815213111249371],[-106.65586320410223,37.81484638716676],[-106.65613711912636,37.814489435099148],[-106.6563676731526,37.81424696305038],[-106.65639278213079,37.81397973001139],[-106.65637832006117,37.813332583921799],[-106.65652084906601,37.813071639876107],[-106.65677354407191,37.812583009791453],[-106.65681111604412,37.812231003739775],[-106.65687443103592,37.812013818705303],[-106.65702677103899,37.811714271653571],[-106.65723296604017,37.811280216579526],[-106.6575120300586,37.81085661850225],[-106.65769707606611,37.810529722444592],[-106.65771386203656,37.81020519539814],[-106.65775681802258,37.809975678363223],[-106.6578954930277,37.809725739319354],[-106.65823493206483,37.809354100245429],[-106.65831039206297,37.809172793215197],[-106.65837389105573,37.808964626181996],[-106.65838061103594,37.80875725015256],[-106.65835347700964,37.808559362126637],[-106.65822217591811,37.807950965050004],[-106.65802989282544,37.807463071994142],[-106.6578569527387,37.806991236939325],[-106.65774007567073,37.806581094889466],[-106.65746613158285,37.806316817870197],[-106.65699134645804,37.806126445874192],[-106.65691693242071,37.80592303185054],[-106.656741535351,37.805622867819864],[-106.65660124029415,37.805371587793772],[-106.65638133520221,37.804950590749073],[-106.65615209411014,37.804548335707608],[-106.6558367799835,37.803995027650551],[-106.65578256193839,37.803672348608863],[-106.65586964393356,37.803436724570311],[-106.65594714993657,37.803298729545965],[-106.65625347900625,37.803315699528618],[-106.65647098806363,37.803404493526962],[-106.65685970916374,37.803540266520891],[-106.65705150121917,37.803666019526133],[-106.65718796125013,37.803673111518293],[-106.65726684126479,37.803644965509285],[-106.65733416527591,37.80360797749973],[-106.6573447142745,37.803571780493996],[-106.65731978925886,37.803472996481794],[-106.65731232123088,37.803216107446332],[-106.65723212518546,37.802946526413777],[-106.65717556713844,37.802609849370334],[-106.65728429214019,37.802392025332843],[-106.65750976315978,37.802095178276801],[-106.65746512607194,37.801335055173297],[-106.65757945508733,37.801237411152272],[-106.65776889511864,37.801133186125426],[-106.65789287216191,37.801287308139024],[-106.65781587117348,37.801566451183042],[-106.65795844422789,37.801789248205004],[-106.65822028729768,37.80190316520406],[-106.65839529832496,37.801790598176993],[-106.65847377233759,37.801744432165485],[-106.6585773543369,37.801513470126473],[-106.65877525336715,37.801380586095149],[-106.65883191434804,37.801071138048201],[-106.65891951732824,37.800688383988962],[-106.65934955338608,37.800322687910075],[-106.65945255738905,37.800128247876202],[-106.65936745134547,37.799887566848035],[-106.65921274728193,37.799602363818089],[-106.65910006223659,37.799403689797572],[-106.65888569715547,37.799075787765545],[-106.65870862608628,37.798783755736103],[-106.65838000599094,37.798564442726622],[-106.65818416693484,37.798441028722017],[-106.65780448581863,37.798128824702822],[-106.65729468368289,37.797907087704679],[-106.65688051556704,37.797673081698626],[-106.65666535647135,37.797204781647011],[-106.65636099738335,37.79700457363861],[-106.65590845225427,37.796724656628619],[-106.65543502611708,37.796410005615137],[-106.65510080200485,37.79603853058471],[-106.65464187284115,37.795434054529743],[-106.6540189316412,37.794831141485524],[-106.65400554162294,37.794681446465454],[-106.65398553059558,37.794457853435453],[-106.65390052654224,37.794120861393822],[-106.65372052847772,37.793880868371794],[-106.6534835934068,37.79370129036198],[-106.65309350229731,37.793476953355722],[-106.65277663320636,37.793275082347904],[-106.65258906013169,37.79295229831483],[-106.65244863207035,37.79265760228261],[-106.65234337701469,37.792342009245253],[-106.65228558596365,37.791968972196798],[-106.65225301392816,37.791693068160242],[-106.6523525819381,37.791574511137213],[-106.6526648479811,37.791317787081162],[-106.6528755580144,37.791186838049271],[-106.65308578804614,37.791041494015374],[-106.65326965306433,37.790820941972619],[-106.65341692206297,37.79048868291661],[-106.6535873710389,37.789884440821048],[-106.65380225103806,37.78941099274094],[-106.65392622801627,37.788929149665506],[-106.65408806602107,37.788625641612583],[-106.65419900101996,37.788374912570326],[-106.65410151992059,37.787615013470251],[-106.65399891682492,37.7869028163772],[-106.6538447787231,37.786242398294689],[-106.65376741265312,37.785726359227446],[-106.65369802160077,37.785365319181352],[-106.6535101635119,37.784904120128928],[-106.65315543138922,37.78447421109157],[-106.65284843328153,37.784087224057238],[-106.65262404018603,37.783640208009103],[-106.65253456512912,37.783277952964141],[-106.65239441401653,37.782481790861745],[-106.65232456095116,37.781993979797932],[-106.65233903588432,37.781309509701153],[-106.65238986982673,37.780636812603731],[-106.65228254475208,37.780139631541033],[-106.65221729969929,37.779765319492846],[-106.65225238466545,37.779358247433578],[-106.65213019956119,37.778604072335867],[-106.65203518350089,37.778220471288272],[-106.65201643947591,37.778017552261041],[-106.652055077466,37.777836404233241],[-106.65209219644872,37.777587549196006],[-106.65223901644423,37.777224701135729],[-106.65256476147994,37.776867679064736],[-106.65287181950687,37.776465531988649],[-106.65292412649647,37.776250764955165],[-106.65290774444826,37.775814465895124],[-106.65280885639652,37.775523106860746],[-106.65271183535189,37.775297258835351],[-106.6526479963057,37.774984107795618],[-106.65263816229857,37.774935871789502],[-106.65262688027124,37.774693337756283],[-106.65267837725386,37.774411611713482],[-106.65278805324353,37.774072372658942],[-106.65314702723062,37.773167899509168],[-106.65346756424982,37.772660586417445],[-106.6537964582695,37.772139763323345],[-106.6539445072716,37.771839017271645],[-106.65406554227326,37.771593147229453],[-106.6541367052576,37.771285387181777],[-106.65418860323491,37.7709512121316],[-106.65424322320656,37.770555247072643],[-106.65427440816543,37.770085394004859],[-106.65444067415589,37.769631325930554],[-106.65451332012833,37.769204320866066],[-106.65463540415047,37.769156048851428],[-106.6548619282008,37.769156823836937],[-106.65500192724295,37.769265419843151],[-106.65511991029317,37.7695007228685],[-106.65537541837618,37.769758489888119],[-106.6555626394432,37.770008203911047],[-106.65577432151308,37.770232672928834],[-106.65593069357028,37.770453168949629],[-106.65607103063419,37.770773692985479],[-106.65622251171233,37.77120896603666],[-106.65638780978692,37.771580500078059],[-106.65650391085778,37.772021614132349],[-106.65651481290061,37.772416533186934],[-106.65653059596261,37.772988421266014],[-106.65647897902346,37.773695486368311],[-106.65643442807595,37.774305578456584],[-106.65639625212175,37.774836047533327],[-106.65633680414554,37.775197402587757],[-106.65645371718696,37.77534896760146],[-106.65650032520276,37.775402385605915],[-106.65664975324711,37.775512173611695],[-106.65666687425224,37.775524755612309],[-106.65707215135586,37.775659629605101],[-106.65750141146317,37.775777762593975],[-106.65773973152524,37.77586800959125],[-106.65810309661896,37.775996428585849],[-106.65841969070817,37.776182732591465],[-106.65865652278013,37.776372420602804],[-106.65895446085864,37.776494397600665],[-106.65923855292324,37.776509998584523],[-106.65949333797856,37.776498559566512],[-106.65960086100333,37.776507633560833],[-106.65985219706124,37.776528841547616],[-106.66015642213526,37.776593218537023],[-106.66048639621559,37.776663036525527],[-106.66085705231008,37.776783028518444],[-106.66151962047539,37.776962952500931],[-106.66198761359043,37.777073510486261],[-106.66238689768765,37.777157999472315],[-106.66284254479537,37.777223676452145],[-106.66325217189022,37.777262955431276],[-106.66355864395774,37.777258627410909],[-106.66395530504234,37.777225988380749],[-106.66437407312908,37.777166008345354],[-106.66475857320731,37.777097489311011],[-106.66496187724745,37.777049554291203],[-106.6658202774172,37.776848170207657],[-106.66628363451004,37.776751494164252],[-106.66686508662517,37.776616743107951],[-106.66736834073012,37.776552393066495],[-106.66784885383596,37.776545591034555],[-106.66848300598244,37.776603223001729],[-106.66883487705996,37.776598238978366],[-106.66931527616289,37.776562972942472],[-106.66979578826869,37.776556162910552],[-106.67015531434397,37.776512913881334],[-106.67054798343359,37.776537926859483],[-106.67085303149427,37.776470514830436],[-106.67119131955867,37.776366580794026],[-106.67156895863778,37.776321178763389],[-106.67199755271456,37.776143412710837],[-106.67230644576699,37.775986419668989],[-106.6727272858447,37.775834107620547],[-106.67326408294529,37.775654099560718],[-106.67366612699796,37.775297853484986],[-106.67395838402982,37.774976002421077],[-106.67443544610897,37.77471635635402],[-106.67472750615951,37.774577030315697],[-106.6757854763519,37.774165454189855],[-106.67642613346443,37.773876958108204],[-106.67697761256464,37.773661836042557],[-106.67740605764608,37.773529563996469],[-106.67773620571117,37.773450548964085],[-106.67794053173644,37.773254739923516],[-106.67834937882844,37.773267991898997],[-106.67872647590269,37.773177310862046],[-106.6790519599578,37.773010460817687],[-106.67936527800651,37.772807724769123],[-106.67984565607986,37.772483624692796],[-106.68007726509181,37.772098801624026],[-106.68040367311882,37.771655397540925],[-106.68056320611493,37.771271601476954],[-106.68060261808456,37.770889518420958],[-106.68064203105423,37.770507436364952],[-106.68060855700004,37.770050281303142],[-106.68074631098612,37.769615726233411],[-106.68092097899323,37.769306826178934],[-106.6811080040077,37.769042801129885],[-106.68116230300859,37.768933879111181],[-106.68121639800857,37.768815948091202],[-106.68124738600157,37.768680321070207],[-106.6812534419789,37.768445916036988],[-106.68123617594838,37.768184806001564],[-106.68116013489571,37.767834420957428],[-106.68115625887734,37.7676632429337],[-106.68116393586243,37.767500912910521],[-106.68128911984023,37.76701246283406],[-106.68163216284299,37.766295845711689],[-106.68171043680543,37.765758568631412],[-106.68167537976295,37.765418891586116],[-106.681905961789,37.765174174537037]]},"properties":{"id":"611","name":"VIERS CR","field_id":"611","forestname":"Rio Grande National Forest","districtname":"Divide Ranger District","seasonal":"seasonal","passengervehicle":"open","highclearancevehicle":"open","mvum_symbol_name":"Roads open to all Vehicles, Seasonal"}},{"type":"Feature","geometry":{"type":"LineString","coordinates":[[-106.74933059536362,37.781198438430231],[-106.74941902637529,37.781121282413764],[-106.749519273389,37.781038692395796],[-106.74967606141426,37.78094624237275],[-106.75001318747358,37.780797039330118],[-106.75028305752186,37.780684883297042],[-106.75048588455999,37.780618793274776],[-106.7506062545839,37.780592221263255],[-106.75101659766464,37.780493747223048],[-106.75129887872025,37.780426465195418],[-106.75149077875784,37.780378551176348],[-106.75161393677747,37.780304623158074],[-106.75164713778109,37.780268080150861],[-106.75169085078333,37.780195333137819],[-106.75169901177127,37.780060029118431],[-106.75166155674827,37.779916391100791],[-106.75148258967107,37.779549553061088],[-106.75129162458849,37.779155856018384],[-106.75110386152045,37.778897293994369],[-106.75096382947305,37.778737165981092],[-106.75032765928276,37.778254292954671],[-106.74995446814432,37.777709030902578],[-106.74967442302338,37.7771334558402],[-106.74950587393286,37.776613927778513],[-106.74947935091042,37.776452102757581],[-106.74944084088257,37.776263418733748],[-106.74935418083217,37.775958290696664],[-106.74920482674209,37.775401753628586],[-106.7491511926972,37.775079075586952],[-106.74901263263631,37.774784360554705],[-106.74864064052316,37.774483459536654],[-106.74855443149571,37.77440128553075],[-106.74809902835045,37.773967187499515],[-106.7473169731031,37.773241997448594],[-106.74700923600464,37.77294599642709],[-106.74693076397168,37.772793431410832],[-106.74683967394246,37.772705005404376],[-106.7467923649242,37.772629409396885],[-106.74669290089862,37.7725947433984],[-106.74641137883307,37.772562777412105],[-106.7446037464393,37.772625510537438],[-106.74389411128051,37.772609207580942],[-106.74346830617047,37.772454656586817],[-106.7430756370649,37.77227280458672],[-106.74282053300057,37.7721961525925],[-106.74245808692658,37.772257291624378],[-106.74206865184711,37.772322981658661],[-106.74158480974232,37.772345708693088],[-106.74118495964919,37.772300764712575],[-106.74072998853242,37.772144249720014],[-106.74025728141082,37.771978424727394],[-106.73984300729479,37.771741213720944],[-106.73942810217592,37.771476974710779],[-106.73924418912533,37.771380555709115],[-106.73863465995622,37.771047088701849],[-106.73836612787676,37.770851611691832],[-106.73784506673258,37.770569827686053],[-106.73735214657461,37.770092682651153],[-106.73688827942925,37.769675948622826],[-106.73651605430777,37.769293910593433],[-106.73639353226714,37.76916238058292],[-106.73636334425717,37.769129972580359]]},"properties":{"id":"601","name":"BLUE PARK","field_id":"601","forestname":"Rio Grande National Forest","districtname":"Divide Ranger District","seasonal":"seasonal","passengervehicle":"open","highclearancevehicle":"open","mvum_symbol_name":"Roads open to all Vehicles, Seasonal"}},{"type":"Feature","geometry":{"type":"LineString","coordinates":[[-106.80543655268363,37.642956093487108],[-106.80544622068702,37.642968364488198],[-106.80555560872978,37.643151490506867],[-106.8056184467556,37.643269752519387],[-106.80567407978116,37.64340004953408],[-106.80564843179366,37.643579280560814],[-106.80544523477685,37.643856609612655],[-106.80525875577101,37.644205218673427],[-106.80528340178547,37.644294260684326],[-106.80530891380374,37.644419055700141],[-106.80518598479553,37.64460573773416],[-106.80503336678197,37.644804794771836],[-106.80494185778672,37.645050607812131],[-106.80490287779553,37.645222376838682],[-106.80482792979734,37.645403769868892],[-106.80472923178941,37.645540464894331],[-106.8046083207784,37.64569552392382],[-106.8045105417702,37.645827635948606],[-106.80442822978281,37.6461314959964],[-106.80428883677456,37.646353698036478],[-106.80421091178259,37.64660283407634],[-106.80403965778704,37.647020020145732],[-106.80381283676994,37.647345087205792],[-106.80385317179622,37.647516263227168],[-106.803778852824,37.647952275292994],[-106.80371527084223,37.648270576341631],[-106.80373314285823,37.6483895283571],[-106.80383112689263,37.648515199368454],[-106.80378272388847,37.648579530380559],[-106.80375533989339,37.648687252397387],[-106.80376528590583,37.648788442410925],[-106.80370849990665,37.648920458433061],[-106.80360155890621,37.649148622471877],[-106.80368760394019,37.649296338487012],[-106.8036311069423,37.649440272510766],[-106.80350016492467,37.649551714534816],[-106.80333371891047,37.649774500576683],[-106.80341001494095,37.649908632590538],[-106.80352254998036,37.650052094603453],[-106.80359842601497,37.650227610623112],[-106.80357072102157,37.650353270642512],[-106.80355832602972,37.650460762658348],[-106.80350226003381,37.65062257468459],[-106.80359479306499,37.650728462693472],[-106.8037055491008,37.65084058170207],[-106.80373933012376,37.650993182721294],[-106.80371038813512,37.65116782774755],[-106.80388075718876,37.651325666758773],[-106.80397112421711,37.651408251764522],[-106.80400533824006,37.651560163783564],[-106.80402950025474,37.651651770794842],[-106.80411366228469,37.651764062805206],[-106.80409522829335,37.651889215823907],[-106.80410114031945,37.65213353685769],[-106.80420059838117,37.652525459906194],[-106.80430817943892,37.652860163946151],[-106.80419492944593,37.653175581997587],[-106.80422818247672,37.653406852027807],[-106.80425172453312,37.65391118009692],[-106.80418396256671,37.65438986716827],[-106.80409811561557,37.655058090267318],[-106.80412996265522,37.655379451310232],[-106.80429009971058,37.655575901327488],[-106.80426190571467,37.655678030343559],[-106.80415527171155,37.655879076378575],[-106.80405982570301,37.656003030402061],[-106.80405118172773,37.656265458439321],[-106.80367865166529,37.656461411490653],[-106.80343415263174,37.656663420534642],[-106.8033663696289,37.656782639555686],[-106.8032258306059,37.656862285575819],[-106.80281702752197,37.656925209610868],[-106.80212991239021,37.657123450682725],[-106.80149640026629,37.657282161745584],[-106.80091311715599,37.657465251808631],[-106.80046331207646,37.657661576864975],[-106.80017071401063,37.657650102882123],[-106.79995817597592,37.657770974912701],[-106.7996694229373,37.658018713965888],[-106.79938153790245,37.658302488024098],[-106.79916078387869,37.658549197072816],[-106.79892697183492,37.658626903098707],[-106.79871179878917,37.658644968114999],[-106.79846555174754,37.658771051148435],[-106.79814668969212,37.658918983189615],[-106.79788908765551,37.659119633234241],[-106.79767364263647,37.659401007287464],[-106.79735022758742,37.659622232339196],[-106.79717261757453,37.659881674386931],[-106.79697712956069,37.660170794439928],[-106.7967123095237,37.660383473486704],[-106.79645426748525,37.660566242528851],[-106.79624854945762,37.660742253566703],[-106.79613998945013,37.660904861596414],[-106.79612646546246,37.661055807618432],[-106.79623561051663,37.661351550652803],[-106.79644030860224,37.661748914695266],[-106.79664946168728,37.66213108173536],[-106.79681521075874,37.662474309772776],[-106.79685223479657,37.662765846811226],[-106.79686935784086,37.663164990865965],[-106.7968292938565,37.663406318902332],[-106.79678830786581,37.663587189930269],[-106.79668957185788,37.663723877955753],[-106.79651194083446,37.66387979398894],[-106.79636808981752,37.664026182018695],[-106.79606732877347,37.664247058068931],[-106.79563294771016,37.664569103141851],[-106.79529817165866,37.664790495194339],[-106.79506517362857,37.665001334238845],[-106.79488927261281,37.665229319282027],[-106.79465865759335,37.665539247340185],[-106.7943931855625,37.665813655395624],[-106.7941952645447,37.666069011444094],[-106.79391844551137,37.666343591500301],[-106.79380836750096,37.666480450526535],[-106.79381140351444,37.666606576543984],[-106.79393932155624,37.666739814554418],[-106.79423679363343,37.66685244855109],[-106.79456805971712,37.666955554544252],[-106.79487687779682,37.667068013540195],[-106.79507192984975,37.667164170541099],[-106.79524538990245,37.667305726549806],[-106.79530531192933,37.667439997564728],[-106.79530921994666,37.667602159587211],[-106.79513287892904,37.667812126627901],[-106.79499075491984,37.66803059466762],[-106.79483707890712,37.668240215706781],[-106.79468622390695,37.668566953762209],[-106.79451291690279,37.668903045820386],[-106.79444690590063,37.669025427841781],[-106.794420222913,37.669205276868674],[-106.79424155991074,37.669571631931404],[-106.79389461586931,37.669918497002186],[-106.79359598183488,37.67022945806491],[-106.79329901080742,37.670605346136604],[-106.7930149527802,37.670955419203821],[-106.79267034273725,37.671282567271746],[-106.79226569268329,37.671631897346614],[-106.79193392064528,37.671979406416547],[-106.79159910159369,37.672200789469024],[-106.79125272853877,37.672413334521018],[-106.79093949048735,37.672589325565752],[-106.79052598742136,37.672838946627209],[-106.79013578736314,37.673115239690937],[-106.78975691930746,37.673391359753936],[-106.78963195431496,37.673737071810365],[-106.78926296525876,37.673987083869029],[-106.78898321222093,37.674223218920005],[-106.78880987921674,37.674559302978182],[-106.78869449123081,37.674948582040081],[-106.7886032972566,37.675400579109223],[-106.78847961328164,37.675916155189327],[-106.7883879843055,37.676350134255919],[-106.78842882935315,37.676729996306456],[-106.7884119773999,37.677226449377045],[-106.78831805643122,37.677739128454832],[-106.78834177947343,37.678102405504113],[-106.78833379550134,37.678394627545572],[-106.78833216352585,37.678639064579862],[-106.78846964059846,37.679054265629155],[-106.78863276169001,37.679600226695094],[-106.78864335575057,37.680172760774482],[-106.78880576082561,37.680557363817925],[-106.78891139188335,37.680895552858438],[-106.78887906690902,37.681218323905654],[-106.78890996095063,37.681560321951544],[-106.78886432098736,37.682020640018891],[-106.78890505404563,37.682505187084061],[-106.78884949306804,37.682846472135374],[-106.78876731808337,37.68317568218675],[-106.78878319810609,37.683364698212152],[-106.78891395116047,37.683615058238793],[-106.78911683324807,37.68403555628462],[-106.78931906733284,37.684429026326704],[-106.78945197839684,37.684769475365762],[-106.78954721243701,37.684957287385956],[-106.78976844251031,37.685197251405313],[-106.79008294961515,37.685543954433626],[-106.7902577566737,37.685739569449758],[-106.79039898872668,37.685953719470632],[-106.79059798579695,37.686212052494021],[-106.79083358088626,37.686577976530074],[-106.7910240619666,37.686953597570373],[-106.79120364304636,37.68734740861391],[-106.79131499011027,37.687733244660748],[-106.79134633315381,37.688093258709131],[-106.79120826716296,37.68848288277249],[-106.79111165716465,37.688709657810413],[-106.79107194617977,37.688944579845845],[-106.79112870321786,37.689195712877321],[-106.79126120026817,37.689402342897687],[-106.79136541131059,37.689592876917665],[-106.79138185432923,37.689740300937274],[-106.79143182636574,37.689990712969049],[-106.79137111537666,37.690229286006314],[-106.79111991234529,37.690466922055705],[-106.79079829630494,37.69076921211871],[-106.79045400325961,37.691071846183156],[-106.79012082921582,37.691365298245607],[-106.78991127519453,37.691611810293544],[-106.78968014017316,37.691903712349252],[-106.78950524516227,37.692176734398679],[-106.78934428416547,37.692557692462302],[-106.78932852819136,37.692846323503737],[-106.78939068622454,37.693037301526431],[-106.78945533124734,37.693120728533948],[-106.78958690130459,37.693397959564251],[-106.78967626935338,37.693682741598344],[-106.78991483344434,37.694058473635572],[-106.79001787948029,37.694187285646983],[-106.79004181049798,37.694309312662547],[-106.79000705451085,37.694511175692988],[-106.78989656850456,37.694689628725037],[-106.78970581347964,37.694859340761042],[-106.78946116444614,37.695061323805049],[-106.78916154840788,37.695336239862776],[-106.7888957263761,37.695601628916975],[-106.78865171134549,37.695830637964704],[-106.78845217932093,37.69602292200441],[-106.78828557729901,37.696169655035646],[-106.78796046324324,37.696327795078673],[-106.78771407420194,37.696457703112642],[-106.78750255217206,37.696623131149373],[-106.78735992016091,37.696823545186589]]},"properties":{"id":"430","name":"LAKE FORK","field_id":"430","forestname":"Rio Grande National Forest","districtname":"Divide Ranger District","seasonal":"seasonal","passengervehicle":"open","highclearancevehicle":"open","mvum_symbol_name":"Roads open to all Vehicles, Seasonal"}},{"type":"Feature","geometry":{"type":"LineString","coordinates":[[-106.79602943613907,37.539319535555123],[-106.79570452609258,37.539571188611205],[-106.79543243104303,37.539676254643318],[-106.79524834399813,37.539634197649107],[-106.79516553895745,37.539411174623091],[-106.79521365093359,37.539068412571865],[-106.79526364391801,37.538804121531562],[-106.7952740909051,37.538652571509608],[-106.79541706691617,37.538448543471858],[-106.79569606296668,37.538337766438474],[-106.79584118698723,37.538223417413164],[-106.79619330503573,37.537932100349835],[-106.7964406460646,37.537676020298058],[-106.79656021306096,37.537377027248439],[-106.79662862603818,37.537000313191193],[-106.79668874503787,37.536864829168337],[-106.79682454004674,37.536655301130217],[-106.79692810006101,37.53656961911161],[-106.79717243210618,37.536481794083663],[-106.79736910615244,37.536509886075102],[-106.79756659319263,37.536475793057704],[-106.79772103822484,37.536456620045193],[-106.79784230825818,37.536522058046614],[-106.79789440628146,37.53663901205973],[-106.7978619042856,37.536751648077605],[-106.79774067226553,37.536818125094698],[-106.79756180223049,37.536862752112341],[-106.7973878552008,37.536949507135652],[-106.79723636918168,37.537091989165319],[-106.797015842153,37.537291593207421],[-106.79690793314906,37.53748948224208],[-106.79685539015333,37.53764727926756],[-106.79698571919715,37.537796686280288],[-106.79699504620878,37.537891864293037],[-106.79675394218799,37.538214689353772],[-106.7966428881896,37.538474750397377],[-106.7966331162055,37.538654324423185],[-106.79681325626251,37.538825401435737],[-106.79692267629737,37.538931755443713]]},"properties":{"id":"413","name":"BIG MEADOWS CG","field_id":"413","forestname":"Rio Grande National Forest","districtname":"Divide Ranger District","seasonal":"seasonal","passengervehicle":"open","highclearancevehicle":"open","mvum_symbol_name":"Roads open to all Vehicles, Seasonal"}},{"type":"Feature","geometry":{"type":"LineString","coordinates":[[-106.71229841259944,37.804972349142176],[-106.71208527053255,37.804780782129171],[-106.71134478225773,37.803701069026104],[-106.7110976151645,37.803326156989684],[-106.71110110713701,37.803050261950894],[-106.71096661806187,37.802608418897854],[-106.7108948190031,37.802190322844048],[-106.71075293989347,37.801428058746687],[-106.71058795881422,37.801011315699128],[-106.71030760070879,37.800588912658192],[-106.710268563678,37.800373186630544],[-106.71025388465998,37.800229204611369],[-106.71026170664598,37.800075892589447],[-106.71028233664127,37.799985470575507],[-106.7103364056412,37.799867527555513],[-106.710413401647,37.799758262535263],[-106.71057996966702,37.799593623501522],[-106.71081466170205,37.79942799546324],[-106.71109434074512,37.799243697419406],[-106.71137506979304,37.799104436381825],[-106.71161204583871,37.799037907357231],[-106.711882250888,37.798934845325377],[-106.71210662392539,37.798814434294059],[-106.71216235293303,37.798768563284057],[-106.71231652094571,37.798559041244836],[-106.71247006495545,37.798322492201855],[-106.71259902795151,37.798005190149212],[-106.71260872894628,37.797932951138471],[-106.71259092591366,37.79765383210065],[-106.71254030987946,37.797429272072534],[-106.71251428585893,37.79728545505408],[-106.71247876884463,37.79722288604767],[-106.71244366783232,37.797178335043661],[-106.71229357578818,37.797072371038546],[-106.71209766373215,37.796949039033983],[-106.7119938187019,37.796878451030786],[-106.71172583661242,37.796584943007097],[-106.7115063785475,37.79642591299902],[-106.71098820940115,37.796118013989435],[-106.70830272968178,37.794904288993187],[-106.7076718815143,37.794634048996102],[-106.70746503545767,37.794528901994767],[-106.70722289638778,37.794370191988207],[-106.70689942129165,37.794131549975731],[-106.70670268623175,37.793972180966144],[-106.70665582321494,37.793909774960433],[-106.70644318713119,37.79355236692421],[-106.70627658706036,37.793221328888663],[-106.70622806703581,37.79308684887301],[-106.70615498699755,37.792871613847659],[-106.70603027892027,37.792386760787942],[-106.70594459287372,37.792117635755808],[-106.70581122880648,37.791750074713072],[-106.70571460575937,37.791499131684205],[-106.70581101273692,37.791071431618185],[-106.70594796674985,37.790901777585653],[-106.70611112772852,37.790340514496663],[-106.70627749872217,37.78991892942696],[-106.70638571871038,37.789569818371177],[-106.70648498971927,37.789442209346923],[-106.7067776027762,37.789365105317259],[-106.70708250981806,37.789114130262519],[-106.70722929081252,37.788742169201072],[-106.70731282678793,37.788321818136922],[-106.70729600071776,37.787673092047299],[-106.70744125768879,37.787076179954489],[-106.70750233167081,37.786768878907566],[-106.70755411466006,37.786551834873876],[-106.70758506065306,37.786416211852909],[-106.70765089065738,37.786316122834663],[-106.7077388036638,37.786188677811204],[-106.70786118567965,37.786078756787965],[-106.70800606469952,37.785959496761905],[-106.70814062772176,37.785885447742892],[-106.70824154973843,37.785829910728587],[-106.70841037576912,37.785764376708556],[-106.70873771183284,37.785678527675408],[-106.70888404085952,37.785622331658111],[-106.70898536587806,37.785584812646334],[-106.70922105591795,37.785464234614281],[-106.70937728194032,37.785344808587531],[-106.70953247095787,37.785180345554494],[-106.70968745097443,37.785006863520266],[-106.70981911498313,37.784806683483801],[-106.71001513998931,37.784443349420322],[-106.7102319979918,37.783998611344153],[-106.71035208799699,37.783789586307179],[-106.71050749001552,37.783634122275444],[-106.7106866110439,37.783523374248389],[-106.71095676109319,37.783420316216585],[-106.71114786712693,37.783336439192517],[-106.71127127814762,37.783271561175511],[-106.71152716618083,37.783042538126956],[-106.7118608492238,37.782740286063188],[-106.71202675524094,37.782548627025683],[-106.71212704625465,37.782466059007682],[-106.7122056742683,37.7824288669974],[-106.71223931227387,37.782410353992638],[-106.71225045527538,37.782401179990636],[-106.71249997632935,37.7823885399728],[-106.71293006641847,37.78232821393658],[-106.71315688446744,37.782315911920271],[-106.71332736250591,37.782322444910164],[-106.7134873205457,37.782365178905849],[-106.71372818360976,37.782469821904925],[-106.71413129572431,37.782716298913343],[-106.71428031976356,37.78277721591229],[-106.71455544783608,37.782890369910312],[-106.71480850890657,37.783030881913675],[-106.71506072697309,37.783135365912024],[-106.71548447908295,37.7832914149065],[-106.71591873819141,37.783411260895193],[-106.71600975821237,37.783418947890404],[-106.71623677626235,37.783415639875308],[-106.7166788573568,37.783382170842096],[-106.71695024941189,37.783333153817743],[-106.717108115442,37.783285791800914],[-106.71750239949264,37.782926998725351],[-106.71793089055912,37.782649537658934],[-106.71867050771749,37.782596111603723],[-106.71880568074262,37.782549087588478],[-106.71902031178523,37.782500894567882],[-106.71950716388677,37.782439715527929],[-106.72003982700029,37.782395898487437],[-106.72097020120312,37.782364285422972],[-106.72138997829454,37.78234914839377],[-106.72203719643782,37.782348700351982],[-106.72251436754465,37.782359748322733],[-106.72304911966785,37.782406010294686],[-106.72385839586063,37.78253836526099],[-106.72447365600614,37.782628502233869],[-106.72531573320063,37.78270629419044],[-106.72582904432457,37.782806930171397],[-106.72628559943612,37.78290838615608],[-106.72666374553498,37.783056052152368],[-106.727146361667,37.783301318155473],[-106.72760732679886,37.783591961166387],[-106.72794321990227,37.783875434184296],[-106.72837328604116,37.78430171021612],[-106.72868942015317,37.784711632253014],[-106.72896183226295,37.785194292302876],[-106.72925084839942,37.785902004383125],[-106.72945221648068,37.786259536420104],[-106.72977004660042,37.786741527466944],[-106.72996174968695,37.787171297514611],[-106.73016480577593,37.787600900561522],[-106.73028566883484,37.787914551597538],[-106.7303798478703,37.788057363611451],[-106.7305427689237,37.788226201624504],[-106.73092536504295,37.78856304364691],[-106.73120495313587,37.788865348671102],[-106.73153833827895,37.789541337744012],[-106.73167121934185,37.789867860781079],[-106.73213392253135,37.790717214869851],[-106.7325949537131,37.791494493948704],[-106.73271289875845,37.791682014967286],[-106.73322775793915,37.79233232902488],[-106.73375376912132,37.7929734650805],[-106.73404705522744,37.793374696117631],[-106.73435296234183,37.793829813161445],[-106.7346485734586,37.794330141212242],[-106.73510104065052,37.795224695308008],[-106.73523119470222,37.795448082330807],[-106.73544186477628,37.795715343354523],[-106.7357093028628,37.795981767374478],[-106.73602195595839,37.796238512390154],[-106.73648324809128,37.79653812640219],[-106.73708351626671,37.796952856421342],[-106.73755828141176,37.797342388445138],[-106.73794095653106,37.797679205467468],[-106.73823153962452,37.797963306488356],[-106.73847755571191,37.798284113517262],[-106.73870108879527,37.798614263548949],[-106.73893427687339,37.79887217356994],[-106.73996395518392,37.799677073615833],[-106.7403929153171,37.800049246640071],[-106.74078993145251,37.800512011679054],[-106.74107686854387,37.800783248698387],[-106.74157828569139,37.801139118715724],[-106.74191471880246,37.801495740743832],[-106.74233086192632,37.801805010760134],[-106.74285237308722,37.802247901788263],[-106.74299236613177,37.802379985797629]]},"properties":{"id":"610","name":"ALDER","field_id":"610","forestname":"Rio Grande National Forest","districtname":"Divide Ranger District","seasonal":"seasonal","passengervehicle":"open","highclearancevehicle":null,"mvum_symbol_name":"Special Designation, Seasonal"}},{"type":"Feature","geometry":{"type":"LineString","coordinates":[[-106.64526102190275,37.718493383354044],[-106.64528446091531,37.718565380362662],[-106.64542255795489,37.718653577366176],[-106.64552423697548,37.718634132356897],[-106.64568202800564,37.718586867340143],[-106.64572520200504,37.718487128323375],[-106.64581869798602,37.718096352262535],[-106.6458290519839,37.7180530842558],[-106.64597071398848,37.717789746209782],[-106.64632765903959,37.717514389148221],[-106.6467792431347,37.717465008112271],[-106.6473400832497,37.717373334063403],[-106.64775901032777,37.717227750016072],[-106.64800877836959,37.717094359981296],[-106.64813154038742,37.717002519960552],[-106.64829467839127,37.716684813905459],[-106.64853620640777,37.716320940838933],[-106.64885852244849,37.716019022775903],[-106.64930557951668,37.715715359704575],[-106.64944515653983,37.715638585684808],[-106.64967545357797,37.715511910652246],[-106.64993529663064,37.715463211628744],[-106.65069323280252,37.715501372585408],[-106.65077575182129,37.715505527580689],[-106.65099163987064,37.715520528568938],[-106.65118724492662,37.715643970573637],[-106.65159672702228,37.715692308554125],[-106.65206311713148,37.715748858532095],[-106.65221275817449,37.715845906536089],[-106.65247861625602,37.716067489550113],[-106.65275520633713,37.716261883559618],[-106.65296387439099,37.716336860556716],[-106.65297249739326,37.716339957556578],[-106.65325582545471,37.716326970536578],[-106.65373177055771,37.716302269502499],[-106.65424293067402,37.716331155473711],[-106.65467690578333,37.716460249463921],[-106.65511329890425,37.716697465469153],[-106.65590908614006,37.717281114499897],[-106.65649853732042,37.717768512530327],[-106.65660342235634,37.717893211541103],[-106.65674112939399,37.717963384542081],[-106.6570608964745,37.71805802553483],[-106.6572336335245,37.718172757539797],[-106.65746548959854,37.718394806556056],[-106.65767264365788,37.718527087561277],[-106.65799342974326,37.718666773560258],[-106.65826743181184,37.718744030553474],[-106.65870244292604,37.718918166549926],[-106.65908254403634,37.719174175561399],[-106.65926642808786,37.719279735564385],[-106.65966499418299,37.719346231548087],[-106.66021221431635,37.719464697529524],[-106.66059032241708,37.719630615528501],[-106.66102352152255,37.719723647513689],[-106.66164893266767,37.719786939482425],[-106.66206167677873,37.719979392482827],[-106.66249769889774,37.72019855248557],[-106.66296754902324,37.720408229484747],[-106.66338271714584,37.720708791500215],[-106.66378754327081,37.721054568522689],[-106.6639274803191,37.721223828537426],[-106.66400096536006,37.721466124566682],[-106.66415063240312,37.721563147570627],[-106.66448097148225,37.721621578557603],[-106.66473149954204,37.721663102547296],[-106.66499479261105,37.721767531545041],[-106.66537553472426,37.722050556560241],[-106.66571273783619,37.722415298589688],[-106.66608436395752,37.722797576619406],[-106.66624760001365,37.722993550636382],[-106.66637800906807,37.723244052663084],[-106.66650701811575,37.723431487681047],[-106.6666803871686,37.723573234689816],[-106.66689790522568,37.723660281688012],[-106.66737873835179,37.723851760683964],[-106.66776801445403,37.724008475680904],[-106.66792984250341,37.724141370689104],[-106.66810522656594,37.724373218710326],[-106.66831788565135,37.724748727749272],[-106.66854047373251,37.725061009778777],[-106.66889936984461,37.725380381800449],[-106.66933928698188,37.725770694826885],[-106.66964310408918,37.726162943862285],[-106.66989060318592,37.726574004904023],[-106.67006540324552,37.726778812921452],[-106.67036739534416,37.727089964945705],[-106.6710036065403,37.727630707980566],[-106.67179194979106,37.728376574034392],[-106.67264896505969,37.729148497087451],[-106.67310998919427,37.729466397102321],[-106.67343348729216,37.729723171117541],[-106.67374603838942,37.729998115135984],[-106.67415258652213,37.730415930168384],[-106.67439790460831,37.730727877196308],[-106.6745492276591,37.73089696121027],[-106.67468565969996,37.731001517216136],[-106.67473396271447,37.731038533218239],[-106.67496327177595,37.731143432218133],[-106.67508218280589,37.731178452215445],[-106.67548872590818,37.731298184206032],[-106.6758776620085,37.731436852200488],[-106.67603890105505,37.731542716204935],[-106.67622588612106,37.731783389226635],[-106.67638270119782,37.732195726274313],[-106.67652633426344,37.732527139311493],[-106.67663310330811,37.732732904333481],[-106.67686303037253,37.732864827337146],[-106.67717296445727,37.733022638339328],[-106.67740350352462,37.733181579346763],[-106.67772437760991,37.733321209345711],[-106.67835337277137,37.733537570335535],[-106.67876460787477,37.73365788532594],[-106.67912862395956,37.733697770308154],[-106.67939986401464,37.733648843283817],[-106.67981693609453,37.733525739239738],[-106.68041510321244,37.733382035181144],[-106.68065353126583,37.733387647166602],[-106.6808711043229,37.733474668164803],[-106.68098719336044,37.733590172173514],[-106.68109294640026,37.733750885189245],[-106.68115577944162,37.734020359222939],[-106.68115441948639,37.734461982284863],[-106.68118648153572,37.734876101340852],[-106.68145295967069,37.735620322427955],[-106.68160030275367,37.73611389748762],[-106.68161775078514,37.736384018524305],[-106.68154506579945,37.736682461570808],[-106.68132552378421,37.737010037630832],[-106.68125120679082,37.737236406667286],[-106.68125873682652,37.737569754713519],[-106.6813258538882,37.738028425773443],[-106.68133074591132,37.738244660803396],[-106.68123129290136,37.738363239826413],[-106.68093836584609,37.738457532858483],[-106.68049878276219,37.73858997490531],[-106.6802753497286,37.738746369941573],[-106.6801645497162,37.738865109965332],[-106.68014532172757,37.739018593988085],[-106.68032282879979,37.739340506021762],[-106.68060283689631,37.739678981051121],[-106.68084780598065,37.739972903076563],[-106.68111260205637,37.740140360082954],[-106.68146756014923,37.740279493079598],[-106.68166287220328,37.740384853081814],[-106.68188371927577,37.740616031099961],[-106.68215424137861,37.741035748141336],[-106.68244499847478,37.741347028166217],[-106.68267883855754,37.74165010819366],[-106.68294793065355,37.742006767226265],[-106.6831126827165,37.742265771251937],[-106.68321608679629,37.742823057323335],[-106.68330570886204,37.74327239238054],[-106.68341598292305,37.743631319423692],[-106.6836494160039,37.743916377448564],[-106.68402043812145,37.74426255647316],[-106.68432562523464,37.744708809516034],[-106.68450581931937,37.745147846565892],[-106.68455936136793,37.745507572612809],[-106.68451917743361,37.746238143717726],[-106.68443637545131,37.746590807772414],[-106.68428141143463,37.746764256806671],[-106.68395789038829,37.747012212862238],[-106.68374600135817,37.747177461899021],[-106.68366984535615,37.747322746924254],[-106.68364029836989,37.747521439953978],[-106.68371428541288,37.747781739985676],[-106.68390276648566,37.748085465016096],[-106.68423833258896,37.748369063034211],[-106.68456215668783,37.748634812050568],[-106.68477128275596,37.748848117066963],[-106.68482218479203,37.749090721097645],[-106.68486562284394,37.749504666152802],[-106.68487236587578,37.749801975194018],[-106.68494017991351,37.750024060220703],[-106.68509048698637,37.750411692265317],[-106.68522182804476,37.750698208296996],[-106.68541072211944,37.751019949329873],[-106.68559819718742,37.751278623354033],[-106.68585537827809,37.751608399383642],[-106.68601974233913,37.751849379406792],[-106.68606860636554,37.75200188942501],[-106.68609436738504,37.752136705442197],[-106.68608934841245,37.752416158481665],[-106.68609446143657,37.752641392512835],[-106.68613116045664,37.752758027526838],[-106.68627508452329,37.753098434565253],[-106.68644763562294,37.753699779638254],[-106.6865259346862,37.754149273696157],[-106.68654442972249,37.754464438739106],[-106.686516525744,37.754735206778811],[-106.68647930777264,37.755096231831779],[-106.68638475078588,37.755431039884719],[-106.68631145579738,37.75570244892743],[-106.6862245507957,37.755874925957158],[-106.6862248787976,37.755892864959655],[-106.68584129777393,37.756493246068395],[-106.68552529376333,37.757074544170109],[-106.68501667776275,37.758172297356545],[-106.68492937075918,37.758326754383795],[-106.68486353175481,37.758426831402055],[-106.68466397173206,37.75863696744436],[-106.68425247867923,37.759012345523402],[-106.68389792563988,37.759395928599901],[-106.68357700460604,37.759760997671684],[-106.68339102059643,37.760070072726947],[-106.68323766058752,37.760315595771175],[-106.68300649656885,37.76063432783068],[-106.68295302257184,37.760779279854432],[-106.68292244958077,37.76093292487792],[-106.68289717261479,37.761320814933804],[-106.68286537361793,37.761420403949792],[-106.682788590613,37.761538659971301],[-106.68267857760445,37.761693440000045],[-106.6826354306051,37.761793192016782],[-106.68262571461031,37.761865429027559],[-106.68263950162439,37.761973379041756],[-106.68275911067838,37.762242040071655],[-106.68283045670881,37.762385217087093],[-106.68283270171945,37.76248431110082],[-106.68281286372796,37.762610766119785],[-106.68272840473794,37.762891353164527],[-106.68237348874824,37.763761601309213],[-106.68208135074839,37.764396623416914],[-106.68199566375259,37.764623154454135],[-106.68191200476636,37.764939778503837],[-106.68189257277685,37.765084243525322],[-106.681905961789,37.765174174537037],[-106.68206236383024,37.765238218535913],[-106.68217897187469,37.765420385553888],[-106.68225720191661,37.765660888582559],[-106.68226996494089,37.765870421611027],[-106.68260623507616,37.766464773672567],[-106.68287307516688,37.766773562698567],[-106.68300525622918,37.767096116735217],[-106.68307958928679,37.767498515786741],[-106.68318618434353,37.767822642825223],[-106.68341506144176,37.768286839875451],[-106.68375471255683,37.768675911908034],[-106.68409347566782,37.769027216935342],[-106.68417740670658,37.769224287957513],[-106.68419161772258,37.76935025597426],[-106.68417402874175,37.769575814006963],[-106.68412055074474,37.769720775030677],[-106.68405470174038,37.769820852048959],[-106.68396554072812,37.769894224064942],[-106.68387104071924,37.770012041087512],[-106.68375280569697,37.770050500100496],[-106.68344877263108,37.770065354122181],[-106.68311142855681,37.770070174144571],[-106.68281435749411,37.770100679168024],[-106.68267660146644,37.770128927180828],[-106.68258558545607,37.770224747200125],[-106.68256234346546,37.77036689622151],[-106.68263396350596,37.770607483250572],[-106.68275946056261,37.770889325281914],[-106.68296444663727,37.771175276308739],[-106.68307575968647,37.771415296335142],[-106.68319749772539,37.771531735343608],[-106.68328647175841,37.771661781356052],[-106.68345469680831,37.771785432362528],[-106.68366839686452,37.771871672360788],[-106.68388679591314,37.771873804347045],[-106.68407672594634,37.771787050322672],[-106.68428494497661,37.771631748287511],[-106.68451282001359,37.771499588254315],[-106.68471691205761,37.771487657239483],[-106.68498467312425,37.771558719232182],[-106.68535879322327,37.771716193230091],[-106.68575735431853,37.771784021213897],[-106.68599707038004,37.77186589220991],[-106.68623949945182,37.772042667219026],[-106.68649065652943,37.772256746232785],[-106.68673415760721,37.772489615249675],[-106.68673714162128,37.772620890267845],[-106.68669346962349,37.772737062286915],[-106.68660240461044,37.772806651302538],[-106.6864652815883,37.772887400322681],[-106.68632923157122,37.773015402349358],[-106.68619223854969,37.773101402370244],[-106.68596467750552,37.77316295939351],[-106.68553179342686,37.773331978445057],[-106.68527029938329,37.773472282481556],[-106.68499592833847,37.773628532521073],[-106.68484927932556,37.773819932557309],[-106.68466450532172,37.774183065620036],[-106.68446333229534,37.774360978657917],[-106.68433490628453,37.774533515690308],[-106.68417549027633,37.77479842173765],[-106.6839596912401,37.774911807767424],[-106.68368859418096,37.774920936786216],[-106.6833371600998,37.77488918880438],[-106.6831122530503,37.77489240281934],[-106.68303513104348,37.774993296838446],[-106.68303894106154,37.775161321861702],[-106.6831152800945,37.775317801878678],[-106.68327289915391,37.775557158902004],[-106.68347612522017,37.775764357917893],[-106.68368310027429,37.775845439915891],[-106.68454366446649,37.775859398862366],[-106.68538199264299,37.775768622795638],[-106.68593444575012,37.775618900739083],[-106.68657238888569,37.775562490690056],[-106.68710773100143,37.775533817651549],[-106.68763718211906,37.775536742617824],[-106.6879879041968,37.775536971595265],[-106.6882702072493,37.775438378563251],[-106.6885724683067,37.775344753530632],[-106.68886292936799,37.775314327507679],[-106.68909457341951,37.775316260493035],[-106.68939536649964,37.775448510492133],[-106.68965813057901,37.775654835504028],[-106.69010044671953,37.776069903533624],[-106.69020957677492,37.77637475456919],[-106.69035295383873,37.776688126603844],[-106.69061250594012,37.77711698964707],[-106.69075301199047,37.777304230664207],[-106.6911372211184,37.77772229169792],[-106.69140566821069,37.778042878725493],[-106.69162913729492,37.778382135758498],[-106.69171412633857,37.778624245786915],[-106.69174155136579,37.77883113381408],[-106.69173552938847,37.779065538847256],[-106.69168411440111,37.779300595883456],[-106.69160938040586,37.779508941917378],[-106.69137258441189,37.780080114012591],[-106.69123302741713,37.780433595071017],[-106.69116012843057,37.780723025116217],[-106.69111199645876,37.781102230172365],[-106.69100668447247,37.781464232229759],[-106.69094247747589,37.781636386257979],[-106.69083327547119,37.781827211291706],[-106.69029551843589,37.782646022440957],[-106.69010993042821,37.782973125498657],[-106.6900238374305,37.783181633533388],[-106.6899821244379,37.783344452558872],[-106.68993130645347,37.783606536598803],[-106.69001181549785,37.783865782629832],[-106.68991258050463,37.784146656675532],[-106.68966991947559,37.784388475724988],[-106.68945976343829,37.784478746751212],[-106.6891835063892,37.7845973987856],[-106.68873106331316,37.7848342838479],[-106.68838160924767,37.784951073886752],[-106.68782286214473,37.785154697951349],[-106.68712595400621,37.785310432018044],[-106.68665233492139,37.785507049076124],[-106.68628486285478,37.785651791120053],[-106.68581796976291,37.785765222166013]]},"properties":{"id":"610","name":"ALDER","field_id":"610","forestname":"Rio Grande National Forest","districtname":"Divide Ranger District","seasonal":"seasonal","passengervehicle":"open","highclearancevehicle":"open","mvum_symbol_name":"Roads open to all Vehicles, Seasonal"}},{"type":"Feature","geometry":{"type":"LineString","coordinates":[[-106.6528755580144,37.791186838049271],[-106.65266172296261,37.79114438805707],[-106.65248410391517,37.791065841057559],[-106.65229991186219,37.790946869052782],[-106.65216129282008,37.790836261046252],[-106.65206714278368,37.790684510031106],[-106.65196722174551,37.790528338015676],[-106.65189048771477,37.790394351001851],[-106.65175216967414,37.79029724499717],[-106.65157442863374,37.790287657007291],[-106.65146920461457,37.790328225019771],[-106.65135140859464,37.790388403035827],[-106.65117689956213,37.790449377055559],[-106.65092976251877,37.790560892087129],[-106.6507056134818,37.790685590119054],[-106.65050354544699,37.790782966145706],[-106.65019889438722,37.790859267176025],[-106.64991582432712,37.790885744197986],[-106.64962321326287,37.790891767217722],[-106.64927168318728,37.790914714243591],[-106.6489878591247,37.790918688262437],[-106.64860146803773,37.790906072285594],[-106.64815242094039,37.790928439317675],[-106.64785480786239,37.790811046320428],[-106.64738565574009,37.790633023325789],[-106.64703053264567,37.790480415327323],[-106.64641743548431,37.790232367332138],[-106.64603415938464,37.790089154336791],[-106.64573048230341,37.789953832337424],[-106.64522582015702,37.789617098322857],[-106.64495367508063,37.789460448318465],[-106.64445101392701,37.789049671293348],[-106.64416402783581,37.788780553274187],[-106.64388723975146,37.788556405260671],[-106.64368823168924,37.788379582248737],[-106.64333902059421,37.788208010247246],[-106.64292419150134,37.788199490272788],[-106.64261654442768,37.788146552285205],[-106.64244235337466,37.788006196276761],[-106.64213137327921,37.787747789260635],[-106.64188550020377,37.787543411247889],[-106.64149802508224,37.787196106224258],[-106.6409950219245,37.786745236193546],[-106.64058507480004,37.786417623174081],[-106.64040858073548,37.786169452150702],[-106.6402850046837,37.785931072125308],[-106.64018650662605,37.785581280082667],[-106.64009427857253,37.785258413043444],[-106.63982642244292,37.784572549964658],[-106.63938062426173,37.78376824488074],[-106.63913728115786,37.783280900828203],[-106.63880171702743,37.782733826773168],[-106.63856042494069,37.782409225743287],[-106.63835373587554,37.78222029973017],[-106.63801366777646,37.78198944471972],[-106.63760616666427,37.781776348716157],[-106.63721993856387,37.781632684720933],[-106.63693250549078,37.781541299726698],[-106.63661425140724,37.781414573729442],[-106.63631681632033,37.781210060719943],[-106.63606417024205,37.780993002705827],[-106.63602067722761,37.780945905702055],[-106.63578779315014,37.78069371768175],[-106.63527606099558,37.780292569658513],[-106.63499882890919,37.780049170642279],[-106.63470519382275,37.779841464632142],[-106.63443537674901,37.779705825630522],[-106.63419493368544,37.779605612631997],[-106.63393767661908,37.779514636635795],[-106.63369067154987,37.779373994632046],[-106.63349410748908,37.779205639621111],[-106.63334231543539,37.779009651603474],[-106.63319559937999,37.77878658058161],[-106.63306012632663,37.778558850558504],[-106.63296085629138,37.778429665546753],[-106.63286336826482,37.778381492546323],[-106.63273822223539,37.778365218552075],[-106.63262520921234,37.778384793562104],[-106.6325186571944,37.778440295576765],[-106.63246482319586,37.778571602598625],[-106.63262416526003,37.7788530286278],[-106.63294733338371,37.779361790678216],[-106.63326045251122,37.779929217737539],[-106.6334269565839,37.780278074775687],[-106.6336287746703,37.780684968819656],[-106.63384546277632,37.781251930885091],[-106.63397276583392,37.781538784917075],[-106.63406193789875,37.781979141973018],[-106.63417019396034,37.782345942017407],[-106.63430397303169,37.782753778065867],[-106.63434986407654,37.783092413110339],[-106.63436577514804,37.783756891202394],[-106.63436365319048,37.784175616261159],[-106.63442472422422,37.784372862284876],[-106.63462249429084,37.78459522330327],[-106.63492095337318,37.784753158306152],[-106.63514509643643,37.784885109310146],[-106.63523184647248,37.7850494703276],[-106.63520963648192,37.785189668348671],[-106.63502134145384,37.785323365379554],[-106.63479318741467,37.785435364409892],[-106.63452165137119,37.785599362450363],[-106.63414115231743,37.7858982715168],[-106.63395381429727,37.786108045558237],[-106.6338943993034,37.786296190588388],[-106.63389770832623,37.786512430618458],[-106.63385118433742,37.786722350650876],[-106.6336767913199,37.786929159691105],[-106.63339885527141,37.787058086727072],[-106.63323289124264,37.787136641748731],[-106.63314490123953,37.787296910776895],[-106.63319538726611,37.78744740979468],[-106.63349399436186,37.787735799815799],[-106.63357169038967,37.787839042825254],[-106.63360127341122,37.787985295843846],[-106.63358610544473,37.78834567089531],[-106.63352988048901,37.788899822976504],[-106.63351671251576,37.789189621017961],[-106.63346919755679,37.789693583091584],[-106.63347688356411,37.789748460098799],[-106.63352436458334,37.78983313410756],[-106.63360224661425,37.789966518121211],[-106.63368652864605,37.790094643133735],[-106.63380878768761,37.790235448145573],[-106.63394789773758,37.790422006162707],[-106.63406612178321,37.790611720181651],[-106.63417806082855,37.790811863202485],[-106.63425102386579,37.791017719226573],[-106.63431448690707,37.791283342259703],[-106.63437598194423,37.791512986287898],[-106.63448204698766,37.791707279308248],[-106.63453717301738,37.791877940328568],[-106.63456903803922,37.792022359346767],[-106.63459388706137,37.792184781367922],[-106.63461166607722,37.792300987383022],[-106.63460478209235,37.792463848406243],[-106.63462193011203,37.792618903426899],[-106.63465883614033,37.792814916451967],[-106.63473311318394,37.793080228484271],[-106.63482683323137,37.793340616514705],[-106.63493328728032,37.793587380542377],[-106.63505334433486,37.793859814572798],[-106.6350556803462,37.793965801587468],[-106.63499560934143,37.794049382603056],[-106.63491502332766,37.794089289613872],[-106.63478483329951,37.794096267623239],[-106.6346569892676,37.794061840626661],[-106.63444633721107,37.793966500626858],[-106.63422905615258,37.793866081626845],[-106.63405581010663,37.793792347627679],[-106.63390467207125,37.793774151634885],[-106.63377754304261,37.793770106642505],[-106.63366664201881,37.793778206650785],[-106.63358171599901,37.793769041654983],[-106.63348365797179,37.793715533653803],[-106.63339593094244,37.793619052645987],[-106.63336119192475,37.793521271634532],[-106.63327690589291,37.793393148621995],[-106.63314506585671,37.793325158620981],[-106.63299070781687,37.793270409623311],[-106.63285240877948,37.793205094623055],[-106.63270045473621,37.793111524619761],[-106.63132009330637,37.791904863539777]]},"properties":{"id":"615","name":"BEAR CUTOFF","field_id":"615","forestname":"Rio Grande National Forest","districtname":"Divide Ranger District","seasonal":"seasonal","passengervehicle":"open","highclearancevehicle":"open","mvum_symbol_name":"Roads open to all Vehicles, Seasonal"}},{"type":"Feature","geometry":{"type":"LineString","coordinates":[[-106.5557503166644,37.704972901201742],[-106.55575516983136,37.706604953430897],[-106.55575821793616,37.707629577574728],[-106.55575892196025,37.707865056607808],[-106.55576037601014,37.708352388676204],[-106.55576680013323,37.709549335844102],[-106.55576988719244,37.710125544924885],[-106.55577212423532,37.710542289983344],[-106.55577774031903,37.711353349096989],[-106.55577272245901,37.712741349292443],[-106.55578820948263,37.71293942931927],[-106.55581258849621,37.713020220329078],[-106.55584774450949,37.713073830334359],[-106.55595377655212,37.713261693353971],[-106.55618530962617,37.713483949370342],[-106.55640607970057,37.713733393391244],[-106.55656882275571,37.713920507407074],[-106.556753861814,37.714089300418941],[-106.55692719486781,37.714240233429074],[-106.55708899691822,37.714382295438654],[-106.55715912194377,37.714480506447934],[-106.55719522296185,37.714579167459533],[-106.55723866801722,37.715029226519945],[-106.55727439103336,37.715109867528994],[-106.55730973704759,37.715172487535526],[-106.5573792980703,37.715243668541078],[-106.5574596350926,37.715287669542093],[-106.55759668112746,37.715330921539397],[-106.55779062717573,37.715382433534209],[-106.55821196627701,37.715457985517787],[-106.55859928137076,37.715533977503618],[-106.55883935043289,37.715620936500414],[-106.55901212448389,37.715744826506736],[-106.55907015650308,37.715807146511771],[-106.55912874352519,37.715896496520543],[-106.55917618854576,37.715995005531354],[-106.55920095056132,37.716093815543651],[-106.55921437057437,37.716192775556692],[-106.55921720358874,37.716327934575531],[-106.55920888360157,37.716472244596346],[-106.55918846560805,37.716580664612898],[-106.5591364766195,37.716806664648004],[-106.55899601562241,37.717141984704121],[-106.55889960062861,37.717413633748507],[-106.55889014663573,37.717503883761822],[-106.55889203464531,37.717593983774336],[-106.55890507665642,37.717674923784898],[-106.55891830766852,37.717764882796658],[-106.55909486373866,37.718068971828068],[-106.55955005090146,37.718675807884182],[-106.55996895104529,37.719174972927391],[-106.56071282229659,37.720021320998605],[-106.56088786735906,37.720253327019947],[-106.56100583340711,37.720468074042579],[-106.56118391748495,37.720844239083995],[-106.56127844252417,37.721023237103104],[-106.5613948865645,37.721165903115661],[-106.56156805561739,37.72130780812445],[-106.56173044967068,37.721476894137801],[-106.56197393775008,37.721726026157214],[-106.56213538779855,37.721850061164268],[-106.56227490984591,37.722010436177797],[-106.56234732088295,37.722216763202155],[-106.56238551491157,37.722414540227533],[-106.56234354991882,37.722577321253077],[-106.5622681239214,37.722767583284629],[-106.56215828891462,37.722940276315981],[-106.56203578589856,37.723050049339292],[-106.56178113887262,37.723350835397859],[-106.56173936188084,37.723522626424696],[-106.56174257889711,37.723675795446006],[-106.56176734691266,37.72377460445832],[-106.56180421493457,37.723909303474869],[-106.56189779896899,37.724043250487668],[-106.56204808901595,37.724176454496757],[-106.56218591205462,37.724255740499054],[-106.5623804521058,37.724334274497615],[-106.5626199861651,37.724394185490645],[-106.56279012520262,37.724391939479396],[-106.56309582526737,37.724360847455365],[-106.56403170444764,37.724090118357267],[-106.56453948554689,37.723957214305997],[-106.56478827859816,37.723917861284448],[-106.56496994763914,37.723924461273718],[-106.56507317466745,37.72397716627453],[-106.56514275069011,37.724048341280017],[-106.56522461972015,37.724164416291075],[-106.56542997378358,37.724340095302566],[-106.56559310683821,37.724520729317476],[-106.56578426191705,37.724877998355389],[-106.5659399919905,37.72526041839911],[-106.566188060093,37.725725779448588],[-106.56643576419354,37.726173110495544],[-106.56661387927137,37.726549275536911],[-106.56681808036279,37.727001634587381],[-106.56695921945069,37.727557378656371],[-106.56713449554502,37.728101519721534],[-106.56718328957231,37.728263095741148],[-106.5672117875836,37.728311816746135],[-106.56723037459098,37.728343590749397],[-106.5673010966194,37.72846882476243],[-106.56755597070135,37.728717783781065],[-106.56795926782064,37.72900983979617],[-106.56807555786006,37.729143479807476],[-106.56812359388351,37.72926901482203],[-106.56812682489981,37.729422183843376],[-106.56809507290386,37.729530755860651],[-106.56795330090009,37.729803015907969],[-106.56770961987476,37.730085643963371],[-106.5676667138772,37.73020337598264],[-106.56765821888912,37.73033868500216],[-106.56769491191002,37.730464372017494],[-106.56776487693469,37.730553565025531],[-106.56786906496779,37.73065131703256],[-106.56800614600263,37.730694555029814],[-106.56821090105055,37.73071886802007],[-106.5683464610777,37.730690027007348],[-106.56848126210102,37.730625145989563],[-106.56860395711803,37.730524375967505],[-106.5687139771258,37.73036068693748],[-106.56881170212627,37.730152099901865],[-106.56888635711978,37.729925794865323],[-106.56894966811083,37.729699639829477],[-106.56902394310242,37.729455314790357],[-106.56908554208482,37.729148071743282],[-106.56917020907414,37.728858545697165],[-106.56930210208087,37.728636930657565],[-106.56951477211403,37.728498911624513],[-106.56972954515774,37.728460001605235],[-106.56994526920631,37.728466140592246],[-106.57015041025615,37.728508469585002],[-106.57032265030425,37.72860531258754],[-106.57049628536129,37.728786816601897],[-106.57062468540705,37.728956342617444],[-106.57066328543765,37.72917212664531],[-106.57064497545467,37.729379657675636],[-106.57058033745696,37.729542742702684],[-106.57045993045149,37.729751633739774],[-106.57034009344891,37.729987554780607],[-106.57024313445227,37.730232191821194],[-106.57016570149942,37.730864095914903],[-106.57016874651475,37.731008254934949],[-106.57019066653412,37.731150658953581]]},"properties":{"id":"630","name":"AGUA RAMON","field_id":"630","forestname":"Rio Grande National Forest","districtname":"Divide Ranger District","seasonal":"yearlong","passengervehicle":"open","highclearancevehicle":"open","mvum_symbol_name":"Roads open to highway legal vehicles only, Yearlong"}},{"type":"Feature","geometry":{"type":"LineString","coordinates":[[-106.63719387045694,37.8001781823193],[-106.63719198446684,37.800279076333553],[-106.63710735949189,37.800706695398866],[-106.63706719850474,37.800918822431143],[-106.63718277555047,37.801114943451132],[-106.63747536864649,37.801418755474799],[-106.63767918372427,37.80173624250606],[-106.63785064079653,37.802070072541774],[-106.63791802783132,37.8022637115645],[-106.63791508185048,37.802456896591714],[-106.63781173284323,37.802610174619822],[-106.63764769282214,37.802759632651338],[-106.63751745880812,37.802904513680062],[-106.63738045779465,37.80306951771199],[-106.63732966180702,37.803300566747588],[-106.63735919282867,37.803447488766245],[-106.63736877085492,37.803683451798669],[-106.63739232289416,37.804015046843546],[-106.63751084196004,37.804401118889963],[-106.63766348902448,37.804699444921866],[-106.63779868407097,37.804860663935656],[-106.6379853571284,37.805016489945451],[-106.63826274621042,37.805216177955508],[-106.63843766525758,37.805298155955661],[-106.63867963931767,37.805360491948811],[-106.63883377235945,37.805434283949161],[-106.63891989138881,37.805534356957608],[-106.63900595542366,37.805688440973654],[-106.63908373846193,37.805892922997216],[-106.63920309650277,37.806033544009196],[-106.63931962654232,37.806167106020403],[-106.63944392358147,37.806279922028132],[-106.63959129962861,37.806420940038379],[-106.63984984270587,37.8066147770488],[-106.64014407779275,37.806825437059302],[-106.64038850287317,37.807080838079266],[-106.64062016995355,37.80736375010396],[-106.64094112005803,37.807688340128642],[-106.6411253181079,37.807776117129023],[-106.64146824319431,37.807877000121024],[-106.64155303522165,37.807960230127172],[-106.64182282232002,37.808335605162313],[-106.64215637343548,37.808740135197368],[-106.64241336153846,37.809188652243535],[-106.64253791458336,37.809357169259101],[-106.64286390667881,37.809582964269651],[-106.64302429673063,37.809740965281414],[-106.64309900675916,37.809857240292828],[-106.64316141378639,37.809987994307157],[-106.64324552282707,37.810202856331749],[-106.64339019687776,37.810383966347764],[-106.64352065891569,37.810471619351596],[-106.64374729098154,37.810623701358253],[-106.64387355001861,37.810712004362507],[-106.64395810404667,37.810802572369674],[-106.6440161110766,37.810968741389189],[-106.64398817710713,37.811327036441135],[-106.6439354721269,37.811633941487479],[-106.64391386114023,37.811810424513524],[-106.64391844816114,37.812004730540444],[-106.64397544119396,37.812201510564321],[-106.64398995322449,37.812467584600576],[-106.6440309942591,37.812716026632728],[-106.64402499526884,37.812824464648259],[-106.64402443528282,37.812961818667524],[-106.64405267531195,37.813184769696896],[-106.64430037341553,37.813658726747214],[-106.64440812145767,37.813836341765096],[-106.64447186449046,37.814018191786417],[-106.64460261056685,37.814480632842688],[-106.64470633263174,37.814888826893096],[-106.6448111167018,37.815344798950115],[-106.64486413375968,37.815794671009606],[-106.64487564578847,37.816050256044626],[-106.64490288580375,37.81614001005547],[-106.64495996582309,37.8162054170609],[-106.6450532208533,37.816298040067821],[-106.64530908293747,37.81656497608865],[-106.64557752402909,37.816877409115072],[-106.64569623906226,37.816944424116727],[-106.64582036209666,37.817011362118109],[-106.64593705212842,37.817068390118507],[-106.64603175715368,37.817109987118222],[-106.64615186218531,37.817158382117256],[-106.64625137321102,37.81719421111584],[-106.64637521124187,37.817226796112401],[-106.6464734602676,37.817265482111459],[-106.64656680729465,37.817327127114055],[-106.6466514953224,37.817414321120786],[-106.64674085034726,37.817463476121908],[-106.64732858051121,37.81779065512972],[-106.64782216864872,37.818063607136018],[-106.64808636172233,37.818209712139399],[-106.6483560558006,37.818389425147124],[-106.64862883387981,37.818571598154996],[-106.64870938690633,37.818656208161599],[-106.64895120499078,37.818956233187969],[-106.64914669206233,37.819231051213748],[-106.64938792414706,37.819535272240756],[-106.64968064823951,37.819803004259299],[-106.64989664931288,37.820051492280108],[-106.64998015936398,37.820368679319088],[-106.65000067138064,37.820486685334252],[-106.65005461440015,37.820560326341095],[-106.65011658742037,37.820622967345848],[-106.65021424744813,37.82068255934783],[-106.65031200147209,37.820704996344702],[-106.65041273749262,37.820686931335651],[-106.65065076754522,37.820685026319964],[-106.65082392058366,37.820685460308866],[-106.65095965661592,37.820706448303063],[-106.65101618663131,37.820734269303301],[-106.65112036066074,37.820795759305177],[-106.65132368272025,37.82093597731162],[-106.65167577781676,37.821115599314012],[-106.65182601586088,37.821220794319018],[-106.65211803994157,37.821375505321797],[-106.65248689303593,37.821497662315082],[-106.65284722712236,37.821561278300678],[-106.65306916017198,37.82156531528689],[-106.65349467526578,37.821559341258599],[-106.65396791436564,37.821509775221081],[-106.65427916743114,37.82147535919615],[-106.65465462650756,37.821408563162571],[-106.65484482254523,37.821364400144105],[-106.65498130857284,37.821338161131678],[-106.65504082658718,37.821349355129357],[-106.65511446360918,37.82140496213237],[-106.65515569462549,37.82147448713944],[-106.65517699763699,37.821540000147259],[-106.65516452164313,37.821627448160271],[-106.65515147164663,37.821689150169725],[-106.6551400326495,37.821742247177859],[-106.65512334465201,37.821802571187398],[-106.6551151736541,37.82184017019317],[-106.65509015865791,37.821931800207636],[-106.65509209166753,37.822021559220062],[-106.65511063067544,37.822058511224057],[-106.65511163967849,37.822086013227789],[-106.65514717469219,37.822142741233442],[-106.65523332371767,37.82220448123654],[-106.65534696575121,37.82228586424052],[-106.65541237377622,37.82238795425063],[-106.65543934179006,37.822464832259598],[-106.65547870680567,37.822531522266416],[-106.65554622982626,37.822586441269699],[-106.65556765083625,37.822637574275475],[-106.6555764928457,37.822710414285126],[-106.65556127285073,37.82279203529751],[-106.65557803186972,37.822940734317186],[-106.65556906687625,37.823023841329416],[-106.65552003788041,37.823170461353087],[-106.65549176889343,37.823358280381136],[-106.65548004691155,37.823560172410133],[-106.65550720692636,37.823645632420366],[-106.65551900394175,37.823769937436971],[-106.65547707193869,37.82383061544818],[-106.65541151394052,37.823990245474725],[-106.65535179094853,37.824197203507495],[-106.6553343549557,37.824304751523684],[-106.65525995195371,37.824446004548207],[-106.65517267294769,37.824575994572044],[-106.65509883794643,37.82472355159743],[-106.65493550295258,37.825136079665683],[-106.65476839894805,37.825452968720768],[-106.65470600994591,37.825566870740744],[-106.65463197495397,37.82580540577888],[-106.65461044995803,37.825891550792313],[-106.65461388296629,37.825964467802301],[-106.65459460797292,37.826070609818387],[-106.65456232897493,37.826159766832923],[-106.65450025197467,37.826291318855354],[-106.65431128496748,37.826629699914889],[-106.65420594097398,37.826920179962293],[-106.65410737798825,37.827272085017874],[-106.65407541799179,37.82737554403441],[-106.6540818980064,37.827504215051952],[-106.65420864308311,37.827976881109862],[-106.65430121013019,37.828235686140054],[-106.65443185818928,37.828529137172644],[-106.65463434026859,37.828863762206339],[-106.65469882529415,37.828973561217566],[-106.65492325837099,37.829236408239801],[-106.65499511739385,37.829304072244632],[-106.65513250043396,37.829397997248883],[-106.6552371044654,37.829478076253302],[-106.65544811952863,37.829638208262068],[-106.65561598057629,37.829739311265335],[-106.65595352766718,37.829895780265431],[-106.65644285079456,37.830079179259442],[-106.65673425886378,37.830123723246814],[-106.65708105694286,37.830144596227321],[-106.65754452004515,37.830139503196683],[-106.6577701160957,37.830144911182849],[-106.65792032913134,37.830167119176267],[-106.65807807417004,37.830203526171147],[-106.65829059022396,37.830269206166562],[-106.65843419926085,37.830318688164212],[-106.65860182630577,37.830393585163833],[-106.65874297634801,37.830499916169614],[-106.65899939843041,37.830748518187796],[-106.65918817648598,37.830881774194204],[-106.65946731056231,37.83102234119584],[-106.65975275164419,37.831202877202649],[-106.65989632368915,37.831331046211275],[-106.65996249871303,37.831420271219486],[-106.66003209774834,37.831614098242056],[-106.66010726377682,37.831728666253234],[-106.66028013783034,37.831876450262691],[-106.66051605490522,37.832095780278088],[-106.66066278694937,37.832208698284425],[-106.6607959259938,37.832354181296125],[-106.66108970509087,37.83266478932056],[-106.66128112915088,37.832835203332039],[-106.66148652422007,37.833065507350952],[-106.66163673127211,37.833247947366758],[-106.66181533633664,37.833490074389047],[-106.66213340244285,37.833837534417043],[-106.66253880157193,37.834218097444051],[-106.66258080358688,37.834273036449012],[-106.66261953660066,37.834323701453592],[-106.6626605126193,37.83441667646391],[-106.66266543763102,37.834520434478108],[-106.66264476964412,37.834692403503432],[-106.66262283364118,37.834711132507515],[-106.66261735464255,37.83473599351133],[-106.66261334564444,37.834763084515359],[-106.66260999764624,37.834787915519058],[-106.66260304764702,37.834810544522682],[-106.66260375265365,37.834873619531471],[-106.66260101065515,37.834893935534446],[-106.66258259965619,37.834943761542611],[-106.66256550265867,37.835004835552276],[-106.66254962666048,37.835056880560536],[-106.6625380606619,37.835095345566707],[-106.66252416166346,37.835140601573897],[-106.66250929666687,37.835206149584018],[-106.66249772867151,37.835276157594585],[-106.66249599867783,37.835341519603823],[-106.66249249368379,37.835406907613184],[-106.66248467968853,37.835470103622491],[-106.6624714876919,37.835531120631885],[-106.66247092469894,37.835600973641696],[-106.66247882870765,37.835668452650623],[-106.66249652271782,37.835729035657927],[-106.66251477472736,37.835782851664263],[-106.66253454773775,37.835841151671175],[-106.66255685574889,37.835901667678137],[-106.66258656876147,37.835959827684398],[-106.66263083577726,37.836017781689634],[-106.66268108779411,37.836073398694154],[-106.66271572080591,37.836113464697497],[-106.66273798081363,37.836140187699819],[-106.66277560582678,37.836186970703885],[-106.66280917483834,37.836227050707336],[-106.66284365585102,37.836276131711941],[-106.6628658148598,37.836314119715851],[-106.66287357186296,37.836327528717199],[-106.66288168486611,37.836340932718556],[-106.66290835587709,37.836390121723674],[-106.66294070589095,37.836455003730663]]},"properties":{"id":"630","name":"AGUA RAMON","field_id":"630","forestname":"Rio Grande National Forest","districtname":"Divide Ranger District","seasonal":"seasonal","passengervehicle":null,"highclearancevehicle":"open","mvum_symbol_name":"Special Designation, Seasonal"}},{"type":"Feature","geometry":{"type":"LineString","coordinates":[[-106.60546341558486,37.821342933329895],[-106.6056357596327,37.82143597733176],[-106.60581920567788,37.821479303326029],[-106.60601768472533,37.821512249317813],[-106.60619912377341,37.821588218316748],[-106.60639015382652,37.821692570319023],[-106.60659931788439,37.821803803321075],[-106.60677361793964,37.821965430332462],[-106.60695517301089,37.822267226362953],[-106.60705208306096,37.822545284395623],[-106.60721772912892,37.822849441427522],[-106.6074207742209,37.823306296478343],[-106.60784665537534,37.823889813532602],[-106.60811146346116,37.824153240552363],[-106.60826295250776,37.824280083560311],[-106.60863759462451,37.8246072215819],[-106.60900356273166,37.824859189593603],[-106.60936919184124,37.825136213608729],[-106.6098055109597,37.825346544609985],[-106.61006909502893,37.82545109760764],[-106.61032054809176,37.825519757601022],[-106.61081189021405,37.825648221587272],[-106.61103963726706,37.825672142575897],[-106.61141623235845,37.82574809956219],[-106.61177009944483,37.825824376550031],[-106.61214747954013,37.825936370541321],[-106.61245611061746,37.826022266533457],[-106.61282290671406,37.826170452530498],[-106.61306379177829,37.826275300529602],[-106.61339872286865,37.826431418529815],[-106.61347700688981,37.826467918529886],[-106.61366149194345,37.826591561535281],[-106.61378838798066,37.826679945539425],[-106.61397287503432,37.82680358854482],[-106.61415735008799,37.826927232550183],[-106.61436416314469,37.827032544551599],[-106.61487021928592,37.827313997558306],[-106.61522645438394,37.827498369561098],[-106.61554822147249,37.827665188563671],[-106.61575189152919,37.827777318566199],[-106.61583572855257,37.82782347356725],[-106.61603156860872,37.827946957571918],[-106.61648360872989,37.828150216571153],[-106.61725330993244,37.828458807564587],[-106.61761141302176,37.828554411554862],[-106.61782318909636,37.828823591578825],[-106.61827031419726,37.828839401552202],[-106.61858922126964,37.828855503533802],[-106.61889051334629,37.828950469527641],[-106.61926627644513,37.829100538524401],[-106.61966721956543,37.829405487541173],[-106.61958061356769,37.829614889576057],[-106.61958389559403,37.829864258610748],[-106.61993641171293,37.830259868643346],[-106.62015644878622,37.830498352662467],[-106.62039443386553,37.830756279683186],[-106.62084001300597,37.831160448710982],[-106.62120357111853,37.831471259730954],[-106.62140160818092,37.831650652743257],[-106.62151501422507,37.831835130761732],[-106.62141810622789,37.832072126801172],[-106.6212314102123,37.832323715848453],[-106.62108578920184,37.832536832887655],[-106.62116865823585,37.832688899903573],[-106.6214708973349,37.833000166927611],[-106.62192654648925,37.833518188970643],[-106.62209329056523,37.833897579012934],[-106.62201448257687,37.834181171057729],[-106.62198901259305,37.834394085089187]]},"properties":{"id":"640","name":"EMBARGO CR","field_id":"640","forestname":"Rio Grande National Forest","districtname":"Divide Ranger District","seasonal":"seasonal","passengervehicle":"open","highclearancevehicle":"open","mvum_symbol_name":"Roads open to all Vehicles, Seasonal"}},{"type":"Feature","geometry":{"type":"LineString","coordinates":[[-106.49322563587272,37.705977254352348],[-106.49321011787407,37.706024559360017],[-106.49317317991328,37.706491453428107],[-106.49320862195746,37.706848629476156],[-106.49332716400413,37.707048609496717]]},"properties":{"id":"645","name":"PINON","field_id":"645","forestname":"Rio Grande National Forest","districtname":"Divide Ranger District","seasonal":"seasonal","passengervehicle":"open","highclearancevehicle":"open","mvum_symbol_name":"Roads open to all Vehicles, Seasonal"}}]}